uniprot	region_1	region_2	filename
A0A0R4I961	155-279	3-147	F-A0A0R4I961-F1-model_v3.cif
A0A0R4I961	155-279	3-147	F-A0A0R4I961-F1-model_v3.cif
A0A0R4I961	155-279	3-147	F-A0A0R4I961-F1-model_v3.cif
B5XAZ0	116-120	1-115	F-B5XAZ0-F1-model_v3.cif
B5XAZ0	116-120	1-115	F-B5XAZ0-F1-model_v3.cif
D2AJU0	57-228	251-545	F-D2AJU0-F1-model_v3.cif
O00571	132-181	211-575	F-O00571-F1-model_v3.cif
O00571	132-181	211-575	F-O00571-F1-model_v3.cif
O00571	132-181	211-575	F-O00571-F1-model_v3.cif
O00571	132-181	211-575	F-O00571-F1-model_v3.cif
O00571	132-181	211-575	F-O00571-F1-model_v3.cif
O00571	132-181	211-575	F-O00571-F1-model_v3.cif
O08722	541-687	688-828,853-942	F-O08722-F1-model_v3.cif
O08967	251-265,383-395	77-206	F-O08967-F1-model_v3.cif
O08967	251-265,383-395	77-206	F-O08967-F1-model_v3.cif
O08967	251-265,383-395	77-206	F-O08967-F1-model_v3.cif
O08967	251-265,383-395	77-206	F-O08967-F1-model_v3.cif
O60741	401-479	480-604	F-O60741-F1-model_v3.cif
O60741	401-479	480-604	F-O60741-F1-model_v3.cif
O60741	401-479	480-604	F-O60741-F1-model_v3.cif
O60741	401-479	480-604	F-O60741-F1-model_v3.cif
O76074	403-539	156-331	F-O76074-F1-model_v3.cif
O76074	403-539	156-331	F-O76074-F1-model_v3.cif
O95267	468-609	205-436	F-O95267-F1-model_v3.cif
O95376	359-493	297-326	F-O95376-F1-model_v3.cif
P00519	67-113,127-217	242-493	F-P00519-F1-model_v3.cif
P00519	67-113,127-217	242-493	F-P00519-F1-model_v3.cif
P00520	1-60,61-121,127-217,218-241,383-400	242-493	F-P00520-F1-model_v3.cif
P00523	148-245,246-266	81-142,521-533	F-P00523-F1-model_v3.cif
P00579	2-80	379-449,458-534	F-P00579-F1-model_v3.cif
P00579	2-80	379-449,458-534	F-P00579-F1-model_v3.cif
P00579	2-80	379-449,458-534	F-P00579-F1-model_v3.cif
P00579	2-80	379-449,458-534	F-P00579-F1-model_v3.cif
P00579	2-80	379-449,458-534	F-P00579-F1-model_v3.cif
P00579	2-80	379-449,458-534	F-P00579-F1-model_v3.cif
P04637	364-393	102-292	F-P04637-F1-model_v3.cif
P04637	364-393	102-292	F-P04637-F1-model_v3.cif
P06241	149-246,247-270	82-143,525-537	F-P06241-F1-model_v3.cif
P07038	892-917	562-625	F-P07038-F1-model_v3.cif
P07038	892-917	562-625	F-P07038-F1-model_v3.cif
P07038	892-917	562-625	F-P07038-F1-model_v3.cif
P07949	900-909	724-899,910-1016	F-P07949-F1-model_v3.cif
P07949	900-909	724-899,910-1016	F-P07949-F1-model_v3.cif
P07949	900-909	724-899,910-1016	F-P07949-F1-model_v3.cif
P07949	900-909	724-899,910-1016	F-P07949-F1-model_v3.cif
P07949	900-909	724-899,910-1016	F-P07949-F1-model_v3.cif
P07949	900-909	724-899,910-1016	F-P07949-F1-model_v3.cif
P07949	900-909	724-899,910-1016	F-P07949-F1-model_v3.cif
P07949	900-909	724-899,910-1016	F-P07949-F1-model_v3.cif
P07949	900-909	724-899,910-1016	F-P07949-F1-model_v3.cif
P07949	900-909	724-899,910-1016	F-P07949-F1-model_v3.cif
P07949	900-909	724-899,910-1016	F-P07949-F1-model_v3.cif
P07949	900-909	724-899,910-1016	F-P07949-F1-model_v3.cif
P07949	900-909	724-899,910-1016	F-P07949-F1-model_v3.cif
P07949	900-909	724-899,910-1016	F-P07949-F1-model_v3.cif
P07949	900-909	724-899,910-1016	F-P07949-F1-model_v3.cif
P07949	900-909	724-899,910-1016	F-P07949-F1-model_v3.cif
P07949	900-909	724-899,910-1016	F-P07949-F1-model_v3.cif
P07949	900-909	724-899,910-1016	F-P07949-F1-model_v3.cif
P07949	900-909	724-899,910-1016	F-P07949-F1-model_v3.cif
P07949	900-909	724-899,910-1016	F-P07949-F1-model_v3.cif
P07949	900-909	724-899,910-1016	F-P07949-F1-model_v3.cif
P07949	900-909	724-899,910-1016	F-P07949-F1-model_v3.cif
P08631	142-239,240-259	76-136,425-514	F-P08631-F1-model_v3.cif
P08631	142-239,240-259	76-136,425-514	F-P08631-F1-model_v3.cif
P08631	142-239,240-259	76-136,425-514	F-P08631-F1-model_v3.cif
P08631	142-239,240-259	76-136,425-514	F-P08631-F1-model_v3.cif
P08631	142-239,240-259	76-136,425-514	F-P08631-F1-model_v3.cif
P08631	142-239,240-259	76-136,425-514	F-P08631-F1-model_v3.cif
P08631	142-239,240-259	76-136,425-514	F-P08631-F1-model_v3.cif
P08631	142-239,240-259	76-136,425-514	F-P08631-F1-model_v3.cif
P08631	142-239,240-259	76-136,425-514	F-P08631-F1-model_v3.cif
P08631	142-239,240-259	76-136,425-514	F-P08631-F1-model_v3.cif
P08631	142-239,240-259	76-136,425-514	F-P08631-F1-model_v3.cif
P08631	142-239,240-259	76-136,425-514	F-P08631-F1-model_v3.cif
P08631	142-239,240-259	76-136,425-514	F-P08631-F1-model_v3.cif
P08631	142-239,240-259	76-136,425-514	F-P08631-F1-model_v3.cif
P08631	142-239,240-259	76-136,425-514	F-P08631-F1-model_v3.cif
P08631	142-239,240-259	76-136,425-514	F-P08631-F1-model_v3.cif
P08631	142-239,240-259	76-136,425-514	F-P08631-F1-model_v3.cif
P08631	142-239,240-259	76-136,425-514	F-P08631-F1-model_v3.cif
P08631	142-239,240-259	76-136,425-514	F-P08631-F1-model_v3.cif
P08631	142-239,240-259	76-136,425-514	F-P08631-F1-model_v3.cif
P09769	144-241,242-262	77-138,490-529	F-P09769-F1-model_v3.cif
P11142	263-287	225-262	F-P11142-F1-model_v3.cif
P11142	263-287	225-262	F-P11142-F1-model_v3.cif
P11142	263-287	225-262	F-P11142-F1-model_v3.cif
P11142	263-287	225-262	F-P11142-F1-model_v3.cif
P11142	263-287	225-262	F-P11142-F1-model_v3.cif
P11142	263-287	225-262	F-P11142-F1-model_v3.cif
P11142	263-287	225-262	F-P11142-F1-model_v3.cif
P11142	263-287	225-262	F-P11142-F1-model_v3.cif
P11142	263-287	225-262	F-P11142-F1-model_v3.cif
P11142	263-287	225-262	F-P11142-F1-model_v3.cif
P11142	263-287	225-262	F-P11142-F1-model_v3.cif
P11142	263-287	225-262	F-P11142-F1-model_v3.cif
P11142	263-287	225-262	F-P11142-F1-model_v3.cif
P11142	263-287	225-262	F-P11142-F1-model_v3.cif
P11142	263-287	225-262	F-P11142-F1-model_v3.cif
P11142	263-287	225-262	F-P11142-F1-model_v3.cif
P11142	263-287	225-262	F-P11142-F1-model_v3.cif
P11142	263-287	225-262	F-P11142-F1-model_v3.cif
P11142	263-287	225-262	F-P11142-F1-model_v3.cif
P11142	263-287	225-262	F-P11142-F1-model_v3.cif
P11142	263-287	225-262	F-P11142-F1-model_v3.cif
P11142	263-287	225-262	F-P11142-F1-model_v3.cif
P11142	263-287	225-262	F-P11142-F1-model_v3.cif
P11142	263-287	225-262	F-P11142-F1-model_v3.cif
P11142	263-287	225-262	F-P11142-F1-model_v3.cif
P11142	263-287	225-262	F-P11142-F1-model_v3.cif
P11142	263-287	225-262	F-P11142-F1-model_v3.cif
P11142	263-287	225-262	F-P11142-F1-model_v3.cif
P11142	263-287	225-262	F-P11142-F1-model_v3.cif
P11142	263-287	225-262	F-P11142-F1-model_v3.cif
P11142	263-287	225-262	F-P11142-F1-model_v3.cif
P11142	263-287	225-262	F-P11142-F1-model_v3.cif
P11142	263-287	225-262	F-P11142-F1-model_v3.cif
P12931	249-269,151-248	84-145,524-536	F-P12931-F1-model_v3.cif
P12931	249-269,151-248	84-145,524-536	F-P12931-F1-model_v3.cif
P12931	249-269,151-248	84-145,524-536	F-P12931-F1-model_v3.cif
P12931	249-269,151-248	84-145,524-536	F-P12931-F1-model_v3.cif
P12931	249-269,151-248	84-145,524-536	F-P12931-F1-model_v3.cif
P12931	249-269,151-248	84-145,524-536	F-P12931-F1-model_v3.cif
P12931	249-269,151-248	84-145,524-536	F-P12931-F1-model_v3.cif
P13864	649-695	1142-1601	F-P13864-F1-model_v3.cif
P14633	26-100	185-404	F-P14633-F1-model_v3.cif
P14921	280-330	335-415	F-P14921-F1-model_v3.cif
P15036	325-359	363-443	F-P15036-F1-model_v3.cif
P15498	131-178	194-373	F-P15498-F1-model_v3.cif
P15498	131-178	194-373	F-P15498-F1-model_v3.cif
P16298	417-423,474-496	22-357	F-P16298-F1-model_v3.cif
P16298	417-423,474-496	22-357	F-P16298-F1-model_v3.cif
P18654	697-712	328-679	F-P18654-F1-model_v3.cif
P18654	697-712	328-679	F-P18654-F1-model_v3.cif
P18654	697-712	328-679	F-P18654-F1-model_v3.cif
P18654	697-712	328-679	F-P18654-F1-model_v3.cif
P18654	697-712	328-679	F-P18654-F1-model_v3.cif
P19174	757-790	668-756	F-P19174-F1-model_v3.cif
P19174	757-790	668-756	F-P19174-F1-model_v3.cif
P21333	2142-2235	2236-2325	F-P21333-F1-model_v3.cif
P21333	2142-2235	2236-2325	F-P21333-F1-model_v3.cif
P22681	353-380	381-435	F-P22681-F1-model_v3.cif
P22681	353-380	381-435	F-P22681-F1-model_v3.cif
P22681	353-380	381-435	F-P22681-F1-model_v3.cif
P22681	353-380	381-435	F-P22681-F1-model_v3.cif
P22681	353-380	381-435	F-P22681-F1-model_v3.cif
P22681	353-380	381-435	F-P22681-F1-model_v3.cif
P22681	353-380	381-435	F-P22681-F1-model_v3.cif
P22681	353-380	381-435	F-P22681-F1-model_v3.cif
P22681	353-380	381-435	F-P22681-F1-model_v3.cif
P22681	353-380	381-435	F-P22681-F1-model_v3.cif
P26358	647-714	1140-1602	F-P26358-F1-model_v3.cif
P26358	647-714	1140-1602	F-P26358-F1-model_v3.cif
P26358	647-714	1140-1602	F-P26358-F1-model_v3.cif
P26358	647-714	1140-1602	F-P26358-F1-model_v3.cif
P27577	304-310,416-441	335-415	F-P27577-F1-model_v3.cif
P27577	304-310,416-441	335-415	F-P27577-F1-model_v3.cif
P27577	304-310,416-441	335-415	F-P27577-F1-model_v3.cif
P27577	304-310,416-441	335-415	F-P27577-F1-model_v3.cif
P28482	173-196	25-172,197-313	F-P28482-F1-model_v3.cif
P28482	173-196	25-172,197-313	F-P28482-F1-model_v3.cif
P28482	173-196	25-172,197-313	F-P28482-F1-model_v3.cif
P28482	173-196	25-172,197-313	F-P28482-F1-model_v3.cif
P28482	173-196	25-172,197-313	F-P28482-F1-model_v3.cif
P28482	173-196	25-172,197-313	F-P28482-F1-model_v3.cif
P28482	173-196	25-172,197-313	F-P28482-F1-model_v3.cif
P28482	173-196	25-172,197-313	F-P28482-F1-model_v3.cif
P28482	173-196	25-172,197-313	F-P28482-F1-model_v3.cif
P28482	173-196	25-172,197-313	F-P28482-F1-model_v3.cif
P28482	173-196	25-172,197-313	F-P28482-F1-model_v3.cif
P28482	173-196	25-172,197-313	F-P28482-F1-model_v3.cif
P28482	173-196	25-172,197-313	F-P28482-F1-model_v3.cif
P28482	173-196	25-172,197-313	F-P28482-F1-model_v3.cif
P28482	173-196	25-172,197-313	F-P28482-F1-model_v3.cif
P28482	173-196	25-172,197-313	F-P28482-F1-model_v3.cif
P28482	173-196	25-172,197-313	F-P28482-F1-model_v3.cif
P28482	173-196	25-172,197-313	F-P28482-F1-model_v3.cif
P28482	173-196	25-172,197-313	F-P28482-F1-model_v3.cif
P28482	173-196	25-172,197-313	F-P28482-F1-model_v3.cif
P28482	173-196	25-172,197-313	F-P28482-F1-model_v3.cif
P28482	173-196	25-172,197-313	F-P28482-F1-model_v3.cif
P28482	173-196	25-172,197-313	F-P28482-F1-model_v3.cif
P28482	173-196	25-172,197-313	F-P28482-F1-model_v3.cif
P28482	173-196	25-172,197-313	F-P28482-F1-model_v3.cif
P28482	173-196	25-172,197-313	F-P28482-F1-model_v3.cif
P28482	173-196	25-172,197-313	F-P28482-F1-model_v3.cif
P28482	173-196	25-172,197-313	F-P28482-F1-model_v3.cif
P28482	173-196	25-172,197-313	F-P28482-F1-model_v3.cif
P28482	173-196	25-172,197-313	F-P28482-F1-model_v3.cif
P28482	173-196	25-172,197-313	F-P28482-F1-model_v3.cif
P28482	173-196	25-172,197-313	F-P28482-F1-model_v3.cif
P28482	173-196	25-172,197-313	F-P28482-F1-model_v3.cif
P28482	173-196	25-172,197-313	F-P28482-F1-model_v3.cif
P28482	173-196	25-172,197-313	F-P28482-F1-model_v3.cif
P28482	173-196	25-172,197-313	F-P28482-F1-model_v3.cif
P28482	173-196	25-172,197-313	F-P28482-F1-model_v3.cif
P28482	173-196	25-172,197-313	F-P28482-F1-model_v3.cif
P28482	173-196	25-172,197-313	F-P28482-F1-model_v3.cif
P28482	173-196	25-172,197-313	F-P28482-F1-model_v3.cif
P28482	173-196	25-172,197-313	F-P28482-F1-model_v3.cif
P28482	173-196	25-172,197-313	F-P28482-F1-model_v3.cif
P28482	173-196	25-172,197-313	F-P28482-F1-model_v3.cif
P28482	173-196	25-172,197-313	F-P28482-F1-model_v3.cif
P28482	173-196	25-172,197-313	F-P28482-F1-model_v3.cif
P28482	173-196	25-172,197-313	F-P28482-F1-model_v3.cif
P28482	173-196	25-172,197-313	F-P28482-F1-model_v3.cif
P28482	173-196	25-172,197-313	F-P28482-F1-model_v3.cif
P28482	173-196	25-172,197-313	F-P28482-F1-model_v3.cif
P28482	173-196	25-172,197-313	F-P28482-F1-model_v3.cif
P28482	173-196	25-172,197-313	F-P28482-F1-model_v3.cif
P28482	173-196	25-172,197-313	F-P28482-F1-model_v3.cif
P28482	173-196	25-172,197-313	F-P28482-F1-model_v3.cif
P28482	173-196	25-172,197-313	F-P28482-F1-model_v3.cif
P28482	173-196	25-172,197-313	F-P28482-F1-model_v3.cif
P28482	173-196	25-172,197-313	F-P28482-F1-model_v3.cif
P28482	173-196	25-172,197-313	F-P28482-F1-model_v3.cif
P28482	173-196	25-172,197-313	F-P28482-F1-model_v3.cif
P28482	173-196	25-172,197-313	F-P28482-F1-model_v3.cif
P28482	173-196	25-172,197-313	F-P28482-F1-model_v3.cif
P28482	173-196	25-172,197-313	F-P28482-F1-model_v3.cif
P28482	173-196	25-172,197-313	F-P28482-F1-model_v3.cif
P28482	173-196	25-172,197-313	F-P28482-F1-model_v3.cif
P28482	173-196	25-172,197-313	F-P28482-F1-model_v3.cif
P28482	173-196	25-172,197-313	F-P28482-F1-model_v3.cif
P28482	173-196	25-172,197-313	F-P28482-F1-model_v3.cif
P28482	173-196	25-172,197-313	F-P28482-F1-model_v3.cif
P28482	173-196	25-172,197-313	F-P28482-F1-model_v3.cif
P28482	173-196	25-172,197-313	F-P28482-F1-model_v3.cif
P28482	173-196	25-172,197-313	F-P28482-F1-model_v3.cif
P28482	173-196	25-172,197-313	F-P28482-F1-model_v3.cif
P28482	173-196	25-172,197-313	F-P28482-F1-model_v3.cif
P28482	173-196	25-172,197-313	F-P28482-F1-model_v3.cif
P28482	173-196	25-172,197-313	F-P28482-F1-model_v3.cif
P28482	173-196	25-172,197-313	F-P28482-F1-model_v3.cif
P28482	173-196	25-172,197-313	F-P28482-F1-model_v3.cif
P28482	173-196	25-172,197-313	F-P28482-F1-model_v3.cif
P28482	173-196	25-172,197-313	F-P28482-F1-model_v3.cif
P28482	173-196	25-172,197-313	F-P28482-F1-model_v3.cif
P28482	173-196	25-172,197-313	F-P28482-F1-model_v3.cif
P28482	173-196	25-172,197-313	F-P28482-F1-model_v3.cif
P28482	173-196	25-172,197-313	F-P28482-F1-model_v3.cif
P28482	173-196	25-172,197-313	F-P28482-F1-model_v3.cif
P28482	173-196	25-172,197-313	F-P28482-F1-model_v3.cif
P28482	173-196	25-172,197-313	F-P28482-F1-model_v3.cif
P28482	173-196	25-172,197-313	F-P28482-F1-model_v3.cif
P28482	173-196	25-172,197-313	F-P28482-F1-model_v3.cif
P28482	173-196	25-172,197-313	F-P28482-F1-model_v3.cif
P28482	173-196	25-172,197-313	F-P28482-F1-model_v3.cif
P28482	173-196	25-172,197-313	F-P28482-F1-model_v3.cif
P28482	173-196	25-172,197-313	F-P28482-F1-model_v3.cif
P28482	173-196	25-172,197-313	F-P28482-F1-model_v3.cif
P28482	173-196	25-172,197-313	F-P28482-F1-model_v3.cif
P28482	173-196	25-172,197-313	F-P28482-F1-model_v3.cif
P28482	173-196	25-172,197-313	F-P28482-F1-model_v3.cif
P28482	173-196	25-172,197-313	F-P28482-F1-model_v3.cif
P28482	173-196	25-172,197-313	F-P28482-F1-model_v3.cif
P28482	173-196	25-172,197-313	F-P28482-F1-model_v3.cif
P28482	173-196	25-172,197-313	F-P28482-F1-model_v3.cif
P28482	173-196	25-172,197-313	F-P28482-F1-model_v3.cif
P28482	173-196	25-172,197-313	F-P28482-F1-model_v3.cif
P28482	173-196	25-172,197-313	F-P28482-F1-model_v3.cif
P28482	173-196	25-172,197-313	F-P28482-F1-model_v3.cif
P28482	173-196	25-172,197-313	F-P28482-F1-model_v3.cif
P28482	173-196	25-172,197-313	F-P28482-F1-model_v3.cif
P28482	173-196	25-172,197-313	F-P28482-F1-model_v3.cif
P28482	173-196	25-172,197-313	F-P28482-F1-model_v3.cif
P28482	173-196	25-172,197-313	F-P28482-F1-model_v3.cif
P28482	173-196	25-172,197-313	F-P28482-F1-model_v3.cif
P28482	173-196	25-172,197-313	F-P28482-F1-model_v3.cif
P28482	173-196	25-172,197-313	F-P28482-F1-model_v3.cif
P28482	173-196	25-172,197-313	F-P28482-F1-model_v3.cif
P28482	173-196	25-172,197-313	F-P28482-F1-model_v3.cif
P28482	173-196	25-172,197-313	F-P28482-F1-model_v3.cif
P28482	173-196	25-172,197-313	F-P28482-F1-model_v3.cif
P28482	173-196	25-172,197-313	F-P28482-F1-model_v3.cif
P28482	173-196	25-172,197-313	F-P28482-F1-model_v3.cif
P29350	1-105	244-515	F-P29350-F1-model_v3.cif
P29350	1-105	244-515	F-P29350-F1-model_v3.cif
P31016	428-498	534-709	F-P31016-F1-model_v3.cif
P31016	428-498	534-709	F-P31016-F1-model_v3.cif
P31016	428-498	534-709	F-P31016-F1-model_v3.cif
P31016	428-498	534-709	F-P31016-F1-model_v3.cif
P31749	5-108	150-408	F-P31749-F1-model_v3.cif
P31749	5-108	150-408	F-P31749-F1-model_v3.cif
P31749	5-108	150-408	F-P31749-F1-model_v3.cif
P31749	5-108	150-408	F-P31749-F1-model_v3.cif
P31749	5-108	150-408	F-P31749-F1-model_v3.cif
P31749	5-108	150-408	F-P31749-F1-model_v3.cif
P31749	5-108	150-408	F-P31749-F1-model_v3.cif
P31749	5-108	150-408	F-P31749-F1-model_v3.cif
P31749	5-108	150-408	F-P31749-F1-model_v3.cif
P31749	5-108	150-408	F-P31749-F1-model_v3.cif
P31749	5-108	150-408	F-P31749-F1-model_v3.cif
P31749	5-108	150-408	F-P31749-F1-model_v3.cif
P31751	5-108,410-481	152-409	F-P31751-F1-model_v3.cif
P32527	348-364	365-433	F-P32527-F1-model_v3.cif
P35520	414-551	40-413	F-P35520-F1-model_v3.cif
P35520	414-551	40-413	F-P35520-F1-model_v3.cif
P35520	414-551	40-413	F-P35520-F1-model_v3.cif
P35520	414-551	40-413	F-P35520-F1-model_v3.cif
P35520	414-551	40-413	F-P35520-F1-model_v3.cif
P35609	259-307	753-824	F-P35609-F1-model_v3.cif
P36507	75-102	72-74,103-369	F-P36507-F1-model_v3.cif
P39687	121-163	1-120	F-P39687-F1-model_v3.cif
P39687	121-163	1-120	F-P39687-F1-model_v3.cif
P39687	121-163	1-120	F-P39687-F1-model_v3.cif
P41212	410-452	339-409	F-P41212-F1-model_v3.cif
P43405	93-167,245-370	371-631	F-P43405-F1-model_v3.cif
P43405	93-167,245-370	371-631	F-P43405-F1-model_v3.cif
P45985	109-136	102-108,137-367	F-P45985-F1-model_v3.cif
P45985	109-136	102-108,137-367	F-P45985-F1-model_v3.cif
P46108	239-294	132-192	F-P46108-F1-model_v3.cif
P46109	129-175	14-102	F-P46109-F1-model_v3.cif
P46109	129-175	14-102	F-P46109-F1-model_v3.cif
P49137	328-364	64-325	F-P49137-F1-model_v3.cif
P49137	328-364	64-325	F-P49137-F1-model_v3.cif
P49137	328-364	64-325	F-P49137-F1-model_v3.cif
P49137	328-364	64-325	F-P49137-F1-model_v3.cif
P49137	328-364	64-325	F-P49137-F1-model_v3.cif
P49137	328-364	64-325	F-P49137-F1-model_v3.cif
P49137	328-364	64-325	F-P49137-F1-model_v3.cif
P52564	251-277	53-314	F-P52564-F1-model_v3.cif
P52564	251-277	53-314	F-P52564-F1-model_v3.cif
P52564	251-277	53-314	F-P52564-F1-model_v3.cif
P52564	251-277	53-314	F-P52564-F1-model_v3.cif
P52564	251-277	53-314	F-P52564-F1-model_v3.cif
P53041	28-129,487-499	184-486	F-P53041-F1-model_v3.cif
P53041	28-129,487-499	184-486	F-P53041-F1-model_v3.cif
P53042	28-129	495-499,200-494	F-P53042-F1-model_v3.cif
P53042	28-129	495-499,200-494	F-P53042-F1-model_v3.cif
P53686	300-320	1-280	F-P53686-F1-model_v3.cif
P54578	329-351,429-433	105-483	F-P54578-F1-model_v3.cif
P54578	329-351,429-433	105-483	F-P54578-F1-model_v3.cif
P54578	329-351,429-433	105-483	F-P54578-F1-model_v3.cif
P54578	329-351,429-433	105-483	F-P54578-F1-model_v3.cif
P54578	329-351,429-433	105-483	F-P54578-F1-model_v3.cif
P54578	329-351,429-433	105-483	F-P54578-F1-model_v3.cif
P54646	291-376	16-268	F-P54646-F1-model_v3.cif
P54646	291-376	16-268	F-P54646-F1-model_v3.cif
P54646	291-376	16-268	F-P54646-F1-model_v3.cif
P54646	291-376	16-268	F-P54646-F1-model_v3.cif
P54763	595-621	621-884	F-P54763-F1-model_v3.cif
P55957	21-51	60-195	F-P55957-F1-model_v3.cif
P57764	280-484	1-275	F-P57764-F1-model_v3.cif
P60240	1-110	147-416,441-659	F-P60240-F1-model_v3.cif
P60240	1-110	147-416,441-659	F-P60240-F1-model_v3.cif
P62826	179-216	10-169	F-P62826-F1-model_v3.cif
P62826	179-216	10-169	F-P62826-F1-model_v3.cif
P62826	179-216	10-169	F-P62826-F1-model_v3.cif
P62826	179-216	10-169	F-P62826-F1-model_v3.cif
P62826	179-216	10-169	F-P62826-F1-model_v3.cif
P62826	179-216	10-169	F-P62826-F1-model_v3.cif
P62826	179-216	10-169	F-P62826-F1-model_v3.cif
P62826	179-216	10-169	F-P62826-F1-model_v3.cif
P62826	179-216	10-169	F-P62826-F1-model_v3.cif
P62826	179-216	10-169	F-P62826-F1-model_v3.cif
P62826	179-216	10-169	F-P62826-F1-model_v3.cif
P62826	179-216	10-169	F-P62826-F1-model_v3.cif
P62826	179-216	10-169	F-P62826-F1-model_v3.cif
P62826	179-216	10-169	F-P62826-F1-model_v3.cif
P62826	179-216	10-169	F-P62826-F1-model_v3.cif
P62826	179-216	10-169	F-P62826-F1-model_v3.cif
P62826	179-216	10-169	F-P62826-F1-model_v3.cif
P62826	179-216	10-169	F-P62826-F1-model_v3.cif
P62826	179-216	10-169	F-P62826-F1-model_v3.cif
P62826	179-216	10-169	F-P62826-F1-model_v3.cif
P62826	179-216	10-169	F-P62826-F1-model_v3.cif
P62826	179-216	10-169	F-P62826-F1-model_v3.cif
P62826	179-216	10-169	F-P62826-F1-model_v3.cif
P62826	179-216	10-169	F-P62826-F1-model_v3.cif
P62826	179-216	10-169	F-P62826-F1-model_v3.cif
P62826	179-216	10-169	F-P62826-F1-model_v3.cif
P62826	179-216	10-169	F-P62826-F1-model_v3.cif
P62826	179-216	10-169	F-P62826-F1-model_v3.cif
P62826	179-216	10-169	F-P62826-F1-model_v3.cif
P62826	179-216	10-169	F-P62826-F1-model_v3.cif
P62826	179-216	10-169	F-P62826-F1-model_v3.cif
P62826	179-216	10-169	F-P62826-F1-model_v3.cif
P62826	179-216	10-169	F-P62826-F1-model_v3.cif
P62826	179-216	10-169	F-P62826-F1-model_v3.cif
P62826	179-216	10-169	F-P62826-F1-model_v3.cif
P62826	179-216	10-169	F-P62826-F1-model_v3.cif
P62826	179-216	10-169	F-P62826-F1-model_v3.cif
P62826	179-216	10-169	F-P62826-F1-model_v3.cif
P62826	179-216	10-169	F-P62826-F1-model_v3.cif
P62826	179-216	10-169	F-P62826-F1-model_v3.cif
P62826	179-216	10-169	F-P62826-F1-model_v3.cif
P62826	179-216	10-169	F-P62826-F1-model_v3.cif
P62826	179-216	10-169	F-P62826-F1-model_v3.cif
P62826	179-216	10-169	F-P62826-F1-model_v3.cif
P62826	179-216	10-169	F-P62826-F1-model_v3.cif
P62826	179-216	10-169	F-P62826-F1-model_v3.cif
P62826	179-216	10-169	F-P62826-F1-model_v3.cif
P62826	179-216	10-169	F-P62826-F1-model_v3.cif
P62826	179-216	10-169	F-P62826-F1-model_v3.cif
P62826	179-216	10-169	F-P62826-F1-model_v3.cif
P62826	179-216	10-169	F-P62826-F1-model_v3.cif
P62826	179-216	10-169	F-P62826-F1-model_v3.cif
P62826	179-216	10-169	F-P62826-F1-model_v3.cif
P62826	179-216	10-169	F-P62826-F1-model_v3.cif
P62826	179-216	10-169	F-P62826-F1-model_v3.cif
P62826	179-216	10-169	F-P62826-F1-model_v3.cif
P62826	179-216	10-169	F-P62826-F1-model_v3.cif
P62826	179-216	10-169	F-P62826-F1-model_v3.cif
P62826	179-216	10-169	F-P62826-F1-model_v3.cif
P62826	179-216	10-169	F-P62826-F1-model_v3.cif
P62826	179-216	10-169	F-P62826-F1-model_v3.cif
P62826	179-216	10-169	F-P62826-F1-model_v3.cif
P62826	179-216	10-169	F-P62826-F1-model_v3.cif
P62826	179-216	10-169	F-P62826-F1-model_v3.cif
P62826	179-216	10-169	F-P62826-F1-model_v3.cif
P62826	179-216	10-169	F-P62826-F1-model_v3.cif
P62826	179-216	10-169	F-P62826-F1-model_v3.cif
P62826	179-216	10-169	F-P62826-F1-model_v3.cif
P62826	179-216	10-169	F-P62826-F1-model_v3.cif
P62826	179-216	10-169	F-P62826-F1-model_v3.cif
P62826	179-216	10-169	F-P62826-F1-model_v3.cif
P62826	179-216	10-169	F-P62826-F1-model_v3.cif
P62826	179-216	10-169	F-P62826-F1-model_v3.cif
P62826	179-216	10-169	F-P62826-F1-model_v3.cif
P62826	179-216	10-169	F-P62826-F1-model_v3.cif
P62826	179-216	10-169	F-P62826-F1-model_v3.cif
P62826	179-216	10-169	F-P62826-F1-model_v3.cif
P62826	179-216	10-169	F-P62826-F1-model_v3.cif
P62826	179-216	10-169	F-P62826-F1-model_v3.cif
P62826	179-216	10-169	F-P62826-F1-model_v3.cif
P62826	179-216	10-169	F-P62826-F1-model_v3.cif
P62826	179-216	10-169	F-P62826-F1-model_v3.cif
P62826	179-216	10-169	F-P62826-F1-model_v3.cif
P62826	179-216	10-169	F-P62826-F1-model_v3.cif
P62826	179-216	10-169	F-P62826-F1-model_v3.cif
P62826	179-216	10-169	F-P62826-F1-model_v3.cif
P62826	179-216	10-169	F-P62826-F1-model_v3.cif
P62826	179-216	10-169	F-P62826-F1-model_v3.cif
P62826	179-216	10-169	F-P62826-F1-model_v3.cif
P62826	179-216	10-169	F-P62826-F1-model_v3.cif
P62826	179-216	10-169	F-P62826-F1-model_v3.cif
P62826	179-216	10-169	F-P62826-F1-model_v3.cif
P62826	179-216	10-169	F-P62826-F1-model_v3.cif
P62826	179-216	10-169	F-P62826-F1-model_v3.cif
P62826	179-216	10-169	F-P62826-F1-model_v3.cif
P62826	179-216	10-169	F-P62826-F1-model_v3.cif
P62826	179-216	10-169	F-P62826-F1-model_v3.cif
P62826	179-216	10-169	F-P62826-F1-model_v3.cif
P62826	179-216	10-169	F-P62826-F1-model_v3.cif
P62826	179-216	10-169	F-P62826-F1-model_v3.cif
P97360	426-435	335-416	F-P97360-F1-model_v3.cif
P97360	426-435	335-416	F-P97360-F1-model_v3.cif
Q00944	35-362	422-680	F-Q00944-F1-model_v3.cif
Q00944	35-362	422-680	F-Q00944-F1-model_v3.cif
Q00944	35-362	422-680	F-Q00944-F1-model_v3.cif
Q00944	35-362	422-680	F-Q00944-F1-model_v3.cif
Q01974	555-556	473-746	F-Q01974-F1-model_v3.cif
Q01974	555-556	473-746	F-Q01974-F1-model_v3.cif
Q02750	75-102	68-74,103-361	F-Q02750-F1-model_v3.cif
Q02750	75-102	68-74,103-361	F-Q02750-F1-model_v3.cif
Q02750	75-102	68-74,103-361	F-Q02750-F1-model_v3.cif
Q02750	75-102	68-74,103-361	F-Q02750-F1-model_v3.cif
Q02750	75-102	68-74,103-361	F-Q02750-F1-model_v3.cif
Q02750	75-102	68-74,103-361	F-Q02750-F1-model_v3.cif
Q02750	75-102	68-74,103-361	F-Q02750-F1-model_v3.cif
Q02750	75-102	68-74,103-361	F-Q02750-F1-model_v3.cif
Q02750	75-102	68-74,103-361	F-Q02750-F1-model_v3.cif
Q02750	75-102	68-74,103-361	F-Q02750-F1-model_v3.cif
Q02750	75-102	68-74,103-361	F-Q02750-F1-model_v3.cif
Q02750	75-102	68-74,103-361	F-Q02750-F1-model_v3.cif
Q02750	75-102	68-74,103-361	F-Q02750-F1-model_v3.cif
Q02750	75-102	68-74,103-361	F-Q02750-F1-model_v3.cif
Q02750	75-102	68-74,103-361	F-Q02750-F1-model_v3.cif
Q02750	75-102	68-74,103-361	F-Q02750-F1-model_v3.cif
Q02750	75-102	68-74,103-361	F-Q02750-F1-model_v3.cif
Q02750	75-102	68-74,103-361	F-Q02750-F1-model_v3.cif
Q02750	75-102	68-74,103-361	F-Q02750-F1-model_v3.cif
Q02750	75-102	68-74,103-361	F-Q02750-F1-model_v3.cif
Q02750	75-102	68-74,103-361	F-Q02750-F1-model_v3.cif
Q02750	75-102	68-74,103-361	F-Q02750-F1-model_v3.cif
Q02750	75-102	68-74,103-361	F-Q02750-F1-model_v3.cif
Q02750	75-102	68-74,103-361	F-Q02750-F1-model_v3.cif
Q02750	75-102	68-74,103-361	F-Q02750-F1-model_v3.cif
Q02750	75-102	68-74,103-361	F-Q02750-F1-model_v3.cif
Q02750	75-102	68-74,103-361	F-Q02750-F1-model_v3.cif
Q02750	75-102	68-74,103-361	F-Q02750-F1-model_v3.cif
Q02750	75-102	68-74,103-361	F-Q02750-F1-model_v3.cif
Q02750	75-102	68-74,103-361	F-Q02750-F1-model_v3.cif
Q02750	75-102	68-74,103-361	F-Q02750-F1-model_v3.cif
Q02750	75-102	68-74,103-361	F-Q02750-F1-model_v3.cif
Q02750	75-102	68-74,103-361	F-Q02750-F1-model_v3.cif
Q02750	75-102	68-74,103-361	F-Q02750-F1-model_v3.cif
Q02750	75-102	68-74,103-361	F-Q02750-F1-model_v3.cif
Q02750	75-102	68-74,103-361	F-Q02750-F1-model_v3.cif
Q02750	75-102	68-74,103-361	F-Q02750-F1-model_v3.cif
Q02750	75-102	68-74,103-361	F-Q02750-F1-model_v3.cif
Q02750	75-102	68-74,103-361	F-Q02750-F1-model_v3.cif
Q02750	75-102	68-74,103-361	F-Q02750-F1-model_v3.cif
Q02750	75-102	68-74,103-361	F-Q02750-F1-model_v3.cif
Q02750	75-102	68-74,103-361	F-Q02750-F1-model_v3.cif
Q02750	75-102	68-74,103-361	F-Q02750-F1-model_v3.cif
Q02750	75-102	68-74,103-361	F-Q02750-F1-model_v3.cif
Q02750	75-102	68-74,103-361	F-Q02750-F1-model_v3.cif
Q02750	75-102	68-74,103-361	F-Q02750-F1-model_v3.cif
Q02750	75-102	68-74,103-361	F-Q02750-F1-model_v3.cif
Q02750	75-102	68-74,103-361	F-Q02750-F1-model_v3.cif
Q02750	75-102	68-74,103-361	F-Q02750-F1-model_v3.cif
Q02750	75-102	68-74,103-361	F-Q02750-F1-model_v3.cif
Q02750	75-102	68-74,103-361	F-Q02750-F1-model_v3.cif
Q02750	75-102	68-74,103-361	F-Q02750-F1-model_v3.cif
Q02750	75-102	68-74,103-361	F-Q02750-F1-model_v3.cif
Q02750	75-102	68-74,103-361	F-Q02750-F1-model_v3.cif
Q02750	75-102	68-74,103-361	F-Q02750-F1-model_v3.cif
Q02750	75-102	68-74,103-361	F-Q02750-F1-model_v3.cif
Q02750	75-102	68-74,103-361	F-Q02750-F1-model_v3.cif
Q02750	75-102	68-74,103-361	F-Q02750-F1-model_v3.cif
Q02750	75-102	68-74,103-361	F-Q02750-F1-model_v3.cif
Q02750	75-102	68-74,103-361	F-Q02750-F1-model_v3.cif
Q02750	75-102	68-74,103-361	F-Q02750-F1-model_v3.cif
Q02750	75-102	68-74,103-361	F-Q02750-F1-model_v3.cif
Q04929	225-297	133-193	F-Q04929-F1-model_v3.cif
Q06124	3-104	247-517	F-Q06124-F1-model_v3.cif
Q06124	3-104	247-517	F-Q06124-F1-model_v3.cif
Q06124	3-104	247-517	F-Q06124-F1-model_v3.cif
Q06124	3-104	247-517	F-Q06124-F1-model_v3.cif
Q06124	3-104	247-517	F-Q06124-F1-model_v3.cif
Q06124	3-104	247-517	F-Q06124-F1-model_v3.cif
Q06124	3-104	247-517	F-Q06124-F1-model_v3.cif
Q06124	3-104	247-517	F-Q06124-F1-model_v3.cif
Q06124	3-104	247-517	F-Q06124-F1-model_v3.cif
Q06124	3-104	247-517	F-Q06124-F1-model_v3.cif
Q06124	3-104	247-517	F-Q06124-F1-model_v3.cif
Q06124	3-104	247-517	F-Q06124-F1-model_v3.cif
Q06124	3-104	247-517	F-Q06124-F1-model_v3.cif
Q06124	3-104	247-517	F-Q06124-F1-model_v3.cif
Q06124	3-104	247-517	F-Q06124-F1-model_v3.cif
Q06124	3-104	247-517	F-Q06124-F1-model_v3.cif
Q06124	3-104	247-517	F-Q06124-F1-model_v3.cif
Q06124	3-104	247-517	F-Q06124-F1-model_v3.cif
Q06124	3-104	247-517	F-Q06124-F1-model_v3.cif
Q06124	3-104	247-517	F-Q06124-F1-model_v3.cif
Q06124	3-104	247-517	F-Q06124-F1-model_v3.cif
Q06124	3-104	247-517	F-Q06124-F1-model_v3.cif
Q06124	3-104	247-517	F-Q06124-F1-model_v3.cif
Q06124	3-104	247-517	F-Q06124-F1-model_v3.cif
Q06124	3-104	247-517	F-Q06124-F1-model_v3.cif
Q06124	3-104	247-517	F-Q06124-F1-model_v3.cif
Q06124	3-104	247-517	F-Q06124-F1-model_v3.cif
Q06124	3-104	247-517	F-Q06124-F1-model_v3.cif
Q06124	3-104	247-517	F-Q06124-F1-model_v3.cif
Q06124	3-104	247-517	F-Q06124-F1-model_v3.cif
Q06124	3-104	247-517	F-Q06124-F1-model_v3.cif
Q06124	3-104	247-517	F-Q06124-F1-model_v3.cif
Q06124	3-104	247-517	F-Q06124-F1-model_v3.cif
Q06124	3-104	247-517	F-Q06124-F1-model_v3.cif
Q06124	3-104	247-517	F-Q06124-F1-model_v3.cif
Q06124	3-104	247-517	F-Q06124-F1-model_v3.cif
Q06124	3-104	247-517	F-Q06124-F1-model_v3.cif
Q06124	3-104	247-517	F-Q06124-F1-model_v3.cif
Q06124	3-104	247-517	F-Q06124-F1-model_v3.cif
Q06124	3-104	247-517	F-Q06124-F1-model_v3.cif
Q06124	3-104	247-517	F-Q06124-F1-model_v3.cif
Q06124	3-104	247-517	F-Q06124-F1-model_v3.cif
Q06124	3-104	247-517	F-Q06124-F1-model_v3.cif
Q06124	3-104	247-517	F-Q06124-F1-model_v3.cif
Q06124	3-104	247-517	F-Q06124-F1-model_v3.cif
Q06124	3-104	247-517	F-Q06124-F1-model_v3.cif
Q06124	3-104	247-517	F-Q06124-F1-model_v3.cif
Q06124	3-104	247-517	F-Q06124-F1-model_v3.cif
Q06124	3-104	247-517	F-Q06124-F1-model_v3.cif
Q06124	3-104	247-517	F-Q06124-F1-model_v3.cif
Q06124	3-104	247-517	F-Q06124-F1-model_v3.cif
Q07343	166-281	330-649	F-Q07343-F1-model_v3.cif
Q07343	166-281	330-649	F-Q07343-F1-model_v3.cif
Q07889	1-198	198-565	F-Q07889-F1-model_v3.cif
Q08209	467-491	1-348	F-Q08209-F1-model_v3.cif
Q09472	1520-1581	1287-1663	F-Q09472-F1-model_v3.cif
Q13131	313-392	27-279	F-Q13131-F1-model_v3.cif
Q13490	453-543	571-606	F-Q13490-F1-model_v3.cif
Q13554	283-292	14-272	F-Q13554-F1-model_v3.cif
Q13555	283-292	14-272	F-Q13555-F1-model_v3.cif
Q13557	283-292	14-272	F-Q13557-F1-model_v3.cif
Q13557	283-292	14-272	F-Q13557-F1-model_v3.cif
Q13557	283-292	14-272	F-Q13557-F1-model_v3.cif
Q14012	286-300	20-276	F-Q14012-F1-model_v3.cif
Q14012	286-300	20-276	F-Q14012-F1-model_v3.cif
Q14012	286-300	20-276	F-Q14012-F1-model_v3.cif
Q14674	711-723,955-974,1393-1400	667-1706,1707-2120	F-Q14674-F1-model_v3.cif
Q16566	305-321	46-300	F-Q16566-F1-model_v3.cif
Q16644	307-343	44-304	F-Q16644-F1-model_v3.cif
Q16644	307-343	44-304	F-Q16644-F1-model_v3.cif
Q16644	307-343	44-304	F-Q16644-F1-model_v3.cif
Q16644	307-343	44-304	F-Q16644-F1-model_v3.cif
Q16644	307-343	44-304	F-Q16644-F1-model_v3.cif
Q3KK31	170-390	399-648	F-Q3KK31-F1-model_v3.cif
Q3KK31	170-390	399-648	F-Q3KK31-F1-model_v3.cif
Q3UH93	1294-1403,1527-1698	1404-1526,1699-1925	F-Q3UH93-F1-model_v3.cif
Q3UP24	356-463,578-1020	95-298	F-Q3UP24-F1-model_v3.cif
Q58719	290-330	1-289	F-Q58719-F1-model_v3.cif
Q58719	290-330	1-289	F-Q58719-F1-model_v3.cif
Q58719	290-330	1-289	F-Q58719-F1-model_v3.cif
Q5EGY4	8-131	138-198	F-Q5EGY4-F1-model_v3.cif
Q5Y4Y6	240-464	1-239	F-Q5Y4Y6-F1-model_v3.cif
Q63450	285-316	20-276	F-Q63450-F1-model_v3.cif
Q6GQQ9	187-193	194-365	F-Q6GQQ9-F1-model_v3.cif
Q6GQQ9	187-193	194-365	F-Q6GQQ9-F1-model_v3.cif
Q6PHZ2	283-292	14-272	F-Q6PHZ2-F1-model_v3.cif
Q6SZW1	560-703,382-385,375-399,281-331	244-269,134-173,162-197,402-476,412-484	F-Q6SZW1-F1-model_v3.cif
Q6SZW1	560-703,382-385,375-399,281-331	244-269,134-173,162-197,402-476,412-484	F-Q6SZW1-F1-model_v3.cif
Q6SZW1	560-703,382-385,375-399,281-331	244-269,134-173,162-197,402-476,412-484	F-Q6SZW1-F1-model_v3.cif
Q6SZW1	560-703,382-385,375-399,281-331	244-269,134-173,162-197,402-476,412-484	F-Q6SZW1-F1-model_v3.cif
Q6SZW1	560-703,382-385,375-399,281-331	244-269,134-173,162-197,402-476,412-484	F-Q6SZW1-F1-model_v3.cif
Q6SZW1	560-703,382-385,375-399,281-331	244-269,134-173,162-197,402-476,412-484	F-Q6SZW1-F1-model_v3.cif
Q6SZW1	560-703,382-385,375-399,281-331	244-269,134-173,162-197,402-476,412-484	F-Q6SZW1-F1-model_v3.cif
Q6SZW1	560-703,382-385,375-399,281-331	244-269,134-173,162-197,402-476,412-484	F-Q6SZW1-F1-model_v3.cif
Q6SZW1	560-703,382-385,375-399,281-331	244-269,134-173,162-197,402-476,412-484	F-Q6SZW1-F1-model_v3.cif
Q6SZW1	560-703,382-385,375-399,281-331	244-269,134-173,162-197,402-476,412-484	F-Q6SZW1-F1-model_v3.cif
Q83RJ4	58-260	279-571	F-Q83RJ4-F1-model_v3.cif
Q86VW2	348-472	155-347	F-Q86VW2-F1-model_v3.cif
Q86WJ1	704-897	351-513	F-Q86WJ1-F1-model_v3.cif
Q8IU85	279-319	23-278	F-Q8IU85-F1-model_v3.cif
Q8IU85	279-319	23-278	F-Q8IU85-F1-model_v3.cif
Q8IXJ6	320-352	65-319	F-Q8IXJ6-F1-model_v3.cif
Q8IXJ6	320-352	65-319	F-Q8IXJ6-F1-model_v3.cif
Q8IXJ6	320-352	65-319	F-Q8IXJ6-F1-model_v3.cif
Q8IXJ6	320-352	65-319	F-Q8IXJ6-F1-model_v3.cif
Q8IXJ6	320-352	65-319	F-Q8IXJ6-F1-model_v3.cif
Q8IXJ6	320-352	65-319	F-Q8IXJ6-F1-model_v3.cif
Q8IXJ6	320-352	65-319	F-Q8IXJ6-F1-model_v3.cif
Q8IXJ6	320-352	65-319	F-Q8IXJ6-F1-model_v3.cif
Q8IXJ6	320-352	65-319	F-Q8IXJ6-F1-model_v3.cif
Q8IXJ6	320-352	65-319	F-Q8IXJ6-F1-model_v3.cif
Q8IXJ6	320-352	65-319	F-Q8IXJ6-F1-model_v3.cif
Q8IXJ6	320-352	65-319	F-Q8IXJ6-F1-model_v3.cif
Q8IXJ6	320-352	65-319	F-Q8IXJ6-F1-model_v3.cif
Q8IXJ6	320-352	65-319	F-Q8IXJ6-F1-model_v3.cif
Q8IXJ6	320-352	65-319	F-Q8IXJ6-F1-model_v3.cif
Q8IXJ6	320-352	65-319	F-Q8IXJ6-F1-model_v3.cif
Q8IXJ6	320-352	65-319	F-Q8IXJ6-F1-model_v3.cif
Q8IXJ6	320-352	65-319	F-Q8IXJ6-F1-model_v3.cif
Q8IXJ6	320-352	65-319	F-Q8IXJ6-F1-model_v3.cif
Q8IXJ6	320-352	65-319	F-Q8IXJ6-F1-model_v3.cif
Q8IXJ6	320-352	65-319	F-Q8IXJ6-F1-model_v3.cif
Q8IXJ6	320-352	65-319	F-Q8IXJ6-F1-model_v3.cif
Q8IXJ6	320-352	65-319	F-Q8IXJ6-F1-model_v3.cif
Q8IXJ6	320-352	65-319	F-Q8IXJ6-F1-model_v3.cif
Q8IXJ6	320-352	65-319	F-Q8IXJ6-F1-model_v3.cif
Q8IXJ6	320-352	65-319	F-Q8IXJ6-F1-model_v3.cif
Q8IXJ6	320-352	65-319	F-Q8IXJ6-F1-model_v3.cif
Q8IXJ6	320-352	65-319	F-Q8IXJ6-F1-model_v3.cif
Q8IXJ6	320-352	65-319	F-Q8IXJ6-F1-model_v3.cif
Q8IXJ6	320-352	65-319	F-Q8IXJ6-F1-model_v3.cif
Q8NB16	133-150	1-124	F-Q8NB16-F1-model_v3.cif
Q8NB16	133-150	1-124	F-Q8NB16-F1-model_v3.cif
Q8NB16	133-150	1-124	F-Q8NB16-F1-model_v3.cif
Q8NB16	133-150	1-124	F-Q8NB16-F1-model_v3.cif
Q8NB16	133-150	1-124	F-Q8NB16-F1-model_v3.cif
Q8NB16	133-150	1-124	F-Q8NB16-F1-model_v3.cif
Q8NB16	133-150	1-124	F-Q8NB16-F1-model_v3.cif
Q8NB16	133-150	1-124	F-Q8NB16-F1-model_v3.cif
Q8NB16	133-150	1-124	F-Q8NB16-F1-model_v3.cif
Q8NB16	133-150	1-124	F-Q8NB16-F1-model_v3.cif
Q8NI60	276-279	329-518	F-Q8NI60-F1-model_v3.cif
Q8NI60	276-279	329-518	F-Q8NI60-F1-model_v3.cif
Q8NI60	276-279	329-518	F-Q8NI60-F1-model_v3.cif
Q8NI60	276-279	329-518	F-Q8NI60-F1-model_v3.cif
Q8NQJ3	1-40	68-117	F-Q8NQJ3-F1-model_v3.cif
Q8NQJ3	1-40	68-117	F-Q8NQJ3-F1-model_v3.cif
Q8R4B8	741-990	216-532	F-Q8R4B8-F1-model_v3.cif
Q8R4B8	741-990	216-532	F-Q8R4B8-F1-model_v3.cif
Q8RT31	201-354	1-190	F-Q8RT31-F1-model_v3.cif
Q8RT31	201-354	1-190	F-Q8RT31-F1-model_v3.cif
Q91VS8	728-745,755-1026	536-727	F-Q91VS8-F1-model_v3.cif
Q95PM0	96-113	126-342	F-Q95PM0-F1-model_v3.cif
Q96BN8	330-340	129-341	F-Q96BN8-F1-model_v3.cif
Q96BN8	330-340	129-341	F-Q96BN8-F1-model_v3.cif
Q96BN8	330-340	129-341	F-Q96BN8-F1-model_v3.cif
Q96BN8	330-340	129-341	F-Q96BN8-F1-model_v3.cif
Q96BN8	330-340	129-341	F-Q96BN8-F1-model_v3.cif
Q96BN8	330-340	129-341	F-Q96BN8-F1-model_v3.cif
Q96BN8	330-340	129-341	F-Q96BN8-F1-model_v3.cif
Q96BN8	330-340	129-341	F-Q96BN8-F1-model_v3.cif
Q96BN8	330-340	129-341	F-Q96BN8-F1-model_v3.cif
Q96FI4	244-245	220-280	F-Q96FI4-F1-model_v3.cif
Q96FI4	244-245	220-280	F-Q96FI4-F1-model_v3.cif
Q96FI4	244-245	220-280	F-Q96FI4-F1-model_v3.cif
Q96FI4	244-245	220-280	F-Q96FI4-F1-model_v3.cif
Q96FI4	244-245	220-280	F-Q96FI4-F1-model_v3.cif
Q96FI4	244-245	220-280	F-Q96FI4-F1-model_v3.cif
Q96FI4	244-245	220-280	F-Q96FI4-F1-model_v3.cif
Q96FI4	244-245	220-280	F-Q96FI4-F1-model_v3.cif
Q96FI4	244-245	220-280	F-Q96FI4-F1-model_v3.cif
Q96FI4	244-245	220-280	F-Q96FI4-F1-model_v3.cif
Q96FI4	244-245	220-280	F-Q96FI4-F1-model_v3.cif
Q96FI4	244-245	220-280	F-Q96FI4-F1-model_v3.cif
Q96FI4	244-245	220-280	F-Q96FI4-F1-model_v3.cif
Q96FI4	244-245	220-280	F-Q96FI4-F1-model_v3.cif
Q96FI4	244-245	220-280	F-Q96FI4-F1-model_v3.cif
Q96NX5	277-317	23-276	F-Q96NX5-F1-model_v3.cif
Q96P20	740-991	220-536	F-Q96P20-F1-model_v3.cif
Q96P20	740-991	220-536	F-Q96P20-F1-model_v3.cif
Q96P20	740-991	220-536	F-Q96P20-F1-model_v3.cif
Q96P20	740-991	220-536	F-Q96P20-F1-model_v3.cif
Q96P20	740-991	220-536	F-Q96P20-F1-model_v3.cif
Q96RD7	412-426	1-287	F-Q96RD7-F1-model_v3.cif
Q96RU8	355-360	1-338	F-Q96RU8-F1-model_v3.cif
Q9BYP7	440-463	147-405	F-Q9BYP7-F1-model_v3.cif
Q9BZ95	1145-1258	1258-1273	F-Q9BZ95-F1-model_v3.cif
Q9BZ95	1145-1258	1258-1273	F-Q9BZ95-F1-model_v3.cif
Q9C000	809-973	328-637	F-Q9C000-F1-model_v3.cif
Q9D8T2	279-469	1-273	F-Q9D8T2-F1-model_v3.cif
Q9H7B4	280-428	4-240	F-Q9H7B4-F1-model_v3.cif
Q9H7B4	280-428	4-240	F-Q9H7B4-F1-model_v3.cif
Q9H7B4	280-428	4-240	F-Q9H7B4-F1-model_v3.cif
Q9H7B4	280-428	4-240	F-Q9H7B4-F1-model_v3.cif
Q9H7B4	280-428	4-240	F-Q9H7B4-F1-model_v3.cif
Q9H7B4	280-428	4-240	F-Q9H7B4-F1-model_v3.cif
Q9H7B4	280-428	4-240	F-Q9H7B4-F1-model_v3.cif
Q9H7B4	280-428	4-240	F-Q9H7B4-F1-model_v3.cif
Q9H7B4	280-428	4-240	F-Q9H7B4-F1-model_v3.cif
Q9H7B4	280-428	4-240	F-Q9H7B4-F1-model_v3.cif
Q9H7B4	280-428	4-240	F-Q9H7B4-F1-model_v3.cif
Q9H7B4	280-428	4-240	F-Q9H7B4-F1-model_v3.cif
Q9H7B4	280-428	4-240	F-Q9H7B4-F1-model_v3.cif
Q9H7B4	280-428	4-240	F-Q9H7B4-F1-model_v3.cif
Q9H7B4	280-428	4-240	F-Q9H7B4-F1-model_v3.cif
Q9H7B4	280-428	4-240	F-Q9H7B4-F1-model_v3.cif
Q9H7B4	280-428	4-240	F-Q9H7B4-F1-model_v3.cif
Q9H7B4	280-428	4-240	F-Q9H7B4-F1-model_v3.cif
Q9H7B4	280-428	4-240	F-Q9H7B4-F1-model_v3.cif
Q9H7B4	280-428	4-240	F-Q9H7B4-F1-model_v3.cif
Q9H7B4	280-428	4-240	F-Q9H7B4-F1-model_v3.cif
Q9H7B4	280-428	4-240	F-Q9H7B4-F1-model_v3.cif
Q9H7B4	280-428	4-240	F-Q9H7B4-F1-model_v3.cif
Q9H7B4	280-428	4-240	F-Q9H7B4-F1-model_v3.cif
Q9H7B4	280-428	4-240	F-Q9H7B4-F1-model_v3.cif
Q9H7B4	280-428	4-240	F-Q9H7B4-F1-model_v3.cif
Q9H7B4	280-428	4-240	F-Q9H7B4-F1-model_v3.cif
Q9H7B4	280-428	4-240	F-Q9H7B4-F1-model_v3.cif
Q9H7B4	280-428	4-240	F-Q9H7B4-F1-model_v3.cif
Q9H7B4	280-428	4-240	F-Q9H7B4-F1-model_v3.cif
Q9H7B4	280-428	4-240	F-Q9H7B4-F1-model_v3.cif
Q9JK66	141-225,378-410	226-377,410-465	F-Q9JK66-F1-model_v3.cif
Q9JK66	141-225,378-410	226-377,410-465	F-Q9JK66-F1-model_v3.cif
Q9JK66	141-225,378-410	226-377,410-465	F-Q9JK66-F1-model_v3.cif
Q9JK66	141-225,378-410	226-377,410-465	F-Q9JK66-F1-model_v3.cif
Q9P246	67-102	136-204	F-Q9P246-F1-model_v3.cif
Q9UGN5	231-348	356-538	F-Q9UGN5-F1-model_v3.cif
Q9UGN5	231-348	356-538	F-Q9UGN5-F1-model_v3.cif
Q9UGN5	231-348	356-538	F-Q9UGN5-F1-model_v3.cif
Q9UGN5	231-348	356-538	F-Q9UGN5-F1-model_v3.cif
Q9UGN5	231-348	356-538	F-Q9UGN5-F1-model_v3.cif
Q9UGN5	231-348	356-538	F-Q9UGN5-F1-model_v3.cif
Q9UGN5	231-348	356-538	F-Q9UGN5-F1-model_v3.cif
Q9UGN5	231-348	356-538	F-Q9UGN5-F1-model_v3.cif
Q9UIK4	292-301	23-285	F-Q9UIK4-F1-model_v3.cif
Q9UIK4	292-301	23-285	F-Q9UIK4-F1-model_v3.cif
Q9UIK4	292-301	23-285	F-Q9UIK4-F1-model_v3.cif
Q9UIK4	292-301	23-285	F-Q9UIK4-F1-model_v3.cif
Q9UIK4	292-301	23-285	F-Q9UIK4-F1-model_v3.cif
Q9UIK4	292-301	23-285	F-Q9UIK4-F1-model_v3.cif
Q9UM73	1279-1288,1158-1173	1116-1157,1174-1278,1289-1392	F-Q9UM73-F1-model_v3.cif
Q9UM73	1279-1288,1158-1173	1116-1157,1174-1278,1289-1392	F-Q9UM73-F1-model_v3.cif
Q9UM73	1279-1288,1158-1173	1116-1157,1174-1278,1289-1392	F-Q9UM73-F1-model_v3.cif
Q9UM73	1279-1288,1158-1173	1116-1157,1174-1278,1289-1392	F-Q9UM73-F1-model_v3.cif
Q9UM73	1279-1288,1158-1173	1116-1157,1174-1278,1289-1392	F-Q9UM73-F1-model_v3.cif
Q9UM73	1279-1288,1158-1173	1116-1157,1174-1278,1289-1392	F-Q9UM73-F1-model_v3.cif
Q9UM73	1279-1288,1158-1173	1116-1157,1174-1278,1289-1392	F-Q9UM73-F1-model_v3.cif
Q9UM73	1279-1288,1158-1173	1116-1157,1174-1278,1289-1392	F-Q9UM73-F1-model_v3.cif
Q9UM73	1279-1288,1158-1173	1116-1157,1174-1278,1289-1392	F-Q9UM73-F1-model_v3.cif
Q9UM73	1279-1288,1158-1173	1116-1157,1174-1278,1289-1392	F-Q9UM73-F1-model_v3.cif
Q9UM73	1279-1288,1158-1173	1116-1157,1174-1278,1289-1392	F-Q9UM73-F1-model_v3.cif
Q9UM73	1279-1288,1158-1173	1116-1157,1174-1278,1289-1392	F-Q9UM73-F1-model_v3.cif
Q9UM73	1279-1288,1158-1173	1116-1157,1174-1278,1289-1392	F-Q9UM73-F1-model_v3.cif
Q9UM73	1279-1288,1158-1173	1116-1157,1174-1278,1289-1392	F-Q9UM73-F1-model_v3.cif
Q9UM73	1279-1288,1158-1173	1116-1157,1174-1278,1289-1392	F-Q9UM73-F1-model_v3.cif
Q9UM73	1279-1288,1158-1173	1116-1157,1174-1278,1289-1392	F-Q9UM73-F1-model_v3.cif
Q9UM73	1279-1288,1158-1173	1116-1157,1174-1278,1289-1392	F-Q9UM73-F1-model_v3.cif
Q9UM73	1279-1288,1158-1173	1116-1157,1174-1278,1289-1392	F-Q9UM73-F1-model_v3.cif
Q9UM73	1279-1288,1158-1173	1116-1157,1174-1278,1289-1392	F-Q9UM73-F1-model_v3.cif
Q9UM73	1279-1288,1158-1173	1116-1157,1174-1278,1289-1392	F-Q9UM73-F1-model_v3.cif
Q9UM73	1279-1288,1158-1173	1116-1157,1174-1278,1289-1392	F-Q9UM73-F1-model_v3.cif
Q9UM73	1279-1288,1158-1173	1116-1157,1174-1278,1289-1392	F-Q9UM73-F1-model_v3.cif
Q9UM73	1279-1288,1158-1173	1116-1157,1174-1278,1289-1392	F-Q9UM73-F1-model_v3.cif
Q9UM73	1279-1288,1158-1173	1116-1157,1174-1278,1289-1392	F-Q9UM73-F1-model_v3.cif
Q9UM73	1279-1288,1158-1173	1116-1157,1174-1278,1289-1392	F-Q9UM73-F1-model_v3.cif
Q9UM73	1279-1288,1158-1173	1116-1157,1174-1278,1289-1392	F-Q9UM73-F1-model_v3.cif
Q9UM73	1279-1288,1158-1173	1116-1157,1174-1278,1289-1392	F-Q9UM73-F1-model_v3.cif
Q9UM73	1279-1288,1158-1173	1116-1157,1174-1278,1289-1392	F-Q9UM73-F1-model_v3.cif
Q9UM73	1279-1288,1158-1173	1116-1157,1174-1278,1289-1392	F-Q9UM73-F1-model_v3.cif
Q9UM73	1279-1288,1158-1173	1116-1157,1174-1278,1289-1392	F-Q9UM73-F1-model_v3.cif
Q9UM73	1279-1288,1158-1173	1116-1157,1174-1278,1289-1392	F-Q9UM73-F1-model_v3.cif
Q9UM73	1279-1288,1158-1173	1116-1157,1174-1278,1289-1392	F-Q9UM73-F1-model_v3.cif
Q9UM73	1279-1288,1158-1173	1116-1157,1174-1278,1289-1392	F-Q9UM73-F1-model_v3.cif
Q9UM73	1279-1288,1158-1173	1116-1157,1174-1278,1289-1392	F-Q9UM73-F1-model_v3.cif
Q9UM73	1279-1288,1158-1173	1116-1157,1174-1278,1289-1392	F-Q9UM73-F1-model_v3.cif
Q9UM73	1279-1288,1158-1173	1116-1157,1174-1278,1289-1392	F-Q9UM73-F1-model_v3.cif
Q9UM73	1279-1288,1158-1173	1116-1157,1174-1278,1289-1392	F-Q9UM73-F1-model_v3.cif
Q9UM73	1279-1288,1158-1173	1116-1157,1174-1278,1289-1392	F-Q9UM73-F1-model_v3.cif
Q9UM73	1279-1288,1158-1173	1116-1157,1174-1278,1289-1392	F-Q9UM73-F1-model_v3.cif
Q9UM73	1279-1288,1158-1173	1116-1157,1174-1278,1289-1392	F-Q9UM73-F1-model_v3.cif
Q9UM73	1279-1288,1158-1173	1116-1157,1174-1278,1289-1392	F-Q9UM73-F1-model_v3.cif
Q9UM73	1279-1288,1158-1173	1116-1157,1174-1278,1289-1392	F-Q9UM73-F1-model_v3.cif
Q9UM73	1279-1288,1158-1173	1116-1157,1174-1278,1289-1392	F-Q9UM73-F1-model_v3.cif
Q9UM73	1279-1288,1158-1173	1116-1157,1174-1278,1289-1392	F-Q9UM73-F1-model_v3.cif
Q9UM73	1279-1288,1158-1173	1116-1157,1174-1278,1289-1392	F-Q9UM73-F1-model_v3.cif
Q9UM73	1279-1288,1158-1173	1116-1157,1174-1278,1289-1392	F-Q9UM73-F1-model_v3.cif
Q9UM73	1279-1288,1158-1173	1116-1157,1174-1278,1289-1392	F-Q9UM73-F1-model_v3.cif
Q9UM73	1279-1288,1158-1173	1116-1157,1174-1278,1289-1392	F-Q9UM73-F1-model_v3.cif
Q9UM73	1279-1288,1158-1173	1116-1157,1174-1278,1289-1392	F-Q9UM73-F1-model_v3.cif
Q9UM73	1279-1288,1158-1173	1116-1157,1174-1278,1289-1392	F-Q9UM73-F1-model_v3.cif
Q9UM73	1279-1288,1158-1173	1116-1157,1174-1278,1289-1392	F-Q9UM73-F1-model_v3.cif
Q9UM73	1279-1288,1158-1173	1116-1157,1174-1278,1289-1392	F-Q9UM73-F1-model_v3.cif
Q9UM73	1279-1288,1158-1173	1116-1157,1174-1278,1289-1392	F-Q9UM73-F1-model_v3.cif
Q9UM73	1279-1288,1158-1173	1116-1157,1174-1278,1289-1392	F-Q9UM73-F1-model_v3.cif
Q9UM73	1279-1288,1158-1173	1116-1157,1174-1278,1289-1392	F-Q9UM73-F1-model_v3.cif
Q9UM73	1279-1288,1158-1173	1116-1157,1174-1278,1289-1392	F-Q9UM73-F1-model_v3.cif
Q9UM73	1279-1288,1158-1173	1116-1157,1174-1278,1289-1392	F-Q9UM73-F1-model_v3.cif
Q9UM73	1279-1288,1158-1173	1116-1157,1174-1278,1289-1392	F-Q9UM73-F1-model_v3.cif
Q9UM73	1279-1288,1158-1173	1116-1157,1174-1278,1289-1392	F-Q9UM73-F1-model_v3.cif
Q9Y490	1654-2344	86-403	F-Q9Y490-F1-model_v3.cif
Q9Y4F1	759-1029	540-730	F-Q9Y4F1-F1-model_v3.cif
Q9Y4X5	408-557	339-392	F-Q9Y4X5-F1-model_v3.cif
Q9Y4X5	408-557	339-392	F-Q9Y4X5-F1-model_v3.cif
Q9Y4X5	408-557	339-392	F-Q9Y4X5-F1-model_v3.cif
Q9Y6K1	476-626	634-912	F-Q9Y6K1-F1-model_v3.cif
Q9Y6K1	476-626	634-912	F-Q9Y6K1-F1-model_v3.cif
Q9Z0R4	1151-1203	1230-1416	F-Q9Z0R4-F1-model_v3.cif
