uniprot	pdb	region_1	region_2	complex_rmsd	percent_region_1	percent_region_2	2_aligned	2_comp	conformation	state	notes
A0A0R4I961	6gtv	155-279	3-147	1.45	100	100	1.673	1.135	Open	Active	
A0A0R4I961	6gtz	155-279	3-147	1.631	100	100	1.648	3.014	Open	Active	
A0A0R4I961	6gu0	155-279	3-147	2.105	100	100	1.788	4.298	Open	Active	
B5XAZ0	7bfk	116-120	1-115	4.781	100	83.4782608695652	2.6	0.965	Closed	Autoinhibited	
B5XAZ0	7bfl	116-120	1-115	2.591	100	79.1304347826087	2.76	0.807	Closed	Autoinhibited	
D2AJU0	6lol	57-228	251-545	3.539	100	81.6949152542373	2.829	7.86	Open	Autoinhibited	
O00571	4pxa	132-181	211-575	5.602	94	99.7260273972603	4.726	10.35	Closed	Active	
O00571	5e7j	132-181	211-575	5.5	76	97.8082191780822	4.636	9.15	Closed	Autoinhibited	
O00571	5e7m	132-181	211-575	4.876	72	98.3561643835616	4.311	8.416	Closed	Autoinhibited	
O00571	6cz5	132-181	211-575	5.177	82	97.5342465753425	4.414	9.44	Closed	Inhibited	
O00571	6o5f	132-181	211-575	23.194	76	94.5205479452055	21.158	13.693	Open	Active	
O00571	7liu	132-181	211-575	2.074	94	100	2.105	1.984	Closed	Autoinhibited	
O08722	3g5b	541-687	688-828,853-942	0.922	99.3197278911565	99.5670995670996	0.959	0.927	Closed	Autoinhibited	
O08967	2r09	251-265,383-395	77-206	3.179	92.8571428571429	96.9230769230769	0.968	1.593	Closed	Autoinhibited	
O08967	2r0d	251-265,383-395	77-206	3.115	100	100	0.894	1.619	Closed	Autoinhibited	
O08967	6bbp	251-265,383-395	77-206	24.061	100	100	0.925	51.878	Open	Active	
O08967	6bbq	251-265,383-395	77-206	24.786	100	100	0.926	54.034	Open	Active	
O60741	5u6o	401-479	480-604	1.516	100	85.6	2.21	2.148	Open	Autoinhibited	In the case of HCN-1, the channel is formed by tetramerization of the cytoplasmic C-linker. In its autoinhibited state, the pore is closed. However, I note the conformation here as being “open” because I am referring only to the conformation taken by the cAMP binding domain (CBD). 
O60741	5u6p	401-479	480-604	1.182	100	100	0.917	1.29	Closed	Active	
O60741	6uqf	401-479	480-604	3.54	100	100	1.051	1.579	Closed	Active	
O60741	6uqg	401-479	480-604	1.784	100	100	1.078	1.534	Closed	Active	
O76074	3lfv	403-539	156-331	3.163	74.4525547445255	100	2.695	3.791	Closed	Autoinhibited	In comparison to cGMP-bound mouse PDE2A (12271124)
O76074	3mf0	403-539	156-331	3.048	74.4525547445255	100	2.658	3.89	Closed	Autoinhibited	
O95267	4l9m	468-609	205-436	1.809	88.7323943661972	100	1.404	2.011	Closed	Autoinhibited	
O95376	7od1	359-493	297-326	1.926	100	100	1.145	3.092	Closed	Autoinhibited	
P00519	1opl	67-113,127-217	242-493	1.72	100	99.6031746031746	2.091	1.211	Closed	Autoinhibited	
P00519	5mo4	67-113,127-217	242-493	1.719	100	91.2698412698413	2.084	0.996	Closed	Autoinhibited	
P00520	1opk	1-60,61-121,127-217,218-241,383-400	242-493	1.679	75.1968503937008	92.4603174603175	2.076	1.654	Closed	Autoinhibited	
P00523	2ptk	148-245,246-266	81-142,521-533	1.737	100	89.3333333333333	1.921	3.093	Closed	Autoinhibited	
P00579	4lk1	2-80	379-449,458-534	13.988	79.746835443038	100	1.689	46.737			
P00579	4llg	2-80	379-449,458-534	13.459	64.5569620253165	100	1.75	45.352			
P00579	4zh2	2-80	379-449,458-534	13.987	79.746835443038	100	1.687	46.736			
P00579	4zh3	2-80	379-449,458-534	13.986	79.746835443038	100	1.687	46.745			
P00579	4zh4	2-80	379-449,458-534	13.986	79.746835443038	100	1.687	46.772			
P00579	7khi	2-80	379-449,458-534	18.08	94.9367088607595	100	1.653	51.763		Inactive	
P04637	8f2h	364-393	102-292	30.431	100	100	3.065	70.729			
P04637	8f2i	364-393	102-292	30.431	100	100	3.065	70.729			
P06241	1g83	149-246,247-270	82-143,525-537	2.848	77.8688524590164	78.6666666666667	1.289	8.766			
P07038	1mhs	892-917	562-625	14.225	100	100	8.246	22.815			
P07038	7nxf	892-917	562-625	4.914	100	100	1.812	12.107	Open	Autoinhibited	
P07038	7ny1	892-917	562-625	4.914	100	100	1.812	12.107		Autoinhibited	
P07949	2ivs	900-909	724-899,910-1016	2.618	100	92.9328621908127	2.143	7.973			
P07949	2ivt	900-909	724-899,910-1016	2.852	90	91.1660777385159	1.933	7.676		Active	
P07949	2ivu	900-909	724-899,910-1016	2.651	90	90.4593639575972	1.547	7.902		Active	
P07949	2ivv	900-909	724-899,910-1016	2.689	90	89.0459363957597	1.641	7.902		Active	
P07949	2x2k	900-909	724-899,910-1016	2.815	90	91.5194346289753	1.904	7.857		Active	
P07949	2x2l	900-909	724-899,910-1016	2.833	90	90.4593639575972	1.956	7.643		Active	
P07949	2x2m	900-909	724-899,910-1016	2.648	90	89.7526501766784	1.653	7.707			
P07949	4cki	900-909	724-899,910-1016	3.09	80	91.8727915194346	2.25	8.035			
P07949	4ckj	900-909	724-899,910-1016	2.949	90	91.5194346289753	2.128	7.554		Active	
P07949	5fm2	900-909	724-899,910-1016	1.708	80	88.6925795053003	1.258	7.888			
P07949	5fm3	900-909	724-899,910-1016	1.847	80	88.6925795053003	1.26	8.108			
P07949	6i83	900-909	724-899,910-1016	3.061	90	90.8127208480565	2.207	7.508		Autoinhibited	
P07949	6ne7	900-909	724-899,910-1016	3.178	80	91.8727915194346	2.317	8.006			
P07949	6nec	900-909	724-899,910-1016	2.801	100	93.9929328621908	2.278	7.987			
P07949	6nja	900-909	724-899,910-1016	3.066	80	91.8727915194346	2.2	7.943			
P07949	6vhg	900-909	724-899,910-1016	2.084	90	90.1060070671378	1.469	8.105		Autoinhibited	
P07949	7du8	900-909	724-899,910-1016	2.719	100	93.9929328621908	2.236	7.563			
P07949	7du9	900-909	724-899,910-1016	2.766	100	93.6395759717314	2.298	7.512			
P07949	7dua	900-909	724-899,910-1016	2.666	100	93.6395759717314	2.216	7.474			
P07949	7ju6	900-909	724-899,910-1016	2.714	100	94.3462897526502	2.19	7.77			
P07949	7nzn	900-909	724-899,910-1016	2.761	80	90.8127208480565	1.816	7.856			
P07949	7run	900-909	724-899,910-1016	2.338	80	90.4593639575972	1.654	7.877			
P08631	1qcf	142-239,240-259	76-136,425-514	1.659	100	96.6887417218543	1.174	2.104	Closed	Autoinhibited	
P08631	2c0i	142-239,240-259	76-136,425-514	1.505	100	96.6887417218543	1.023	1.978			
P08631	2c0o	142-239,240-259	76-136,425-514	1.536	100	96.6887417218543	1.011	1.977			
P08631	3vry	142-239,240-259	76-136,425-514	1.469	94.9152542372881	96.6887417218543	1.004	1.665			
P08631	3vrz	142-239,240-259	76-136,425-514	1.504	96.6101694915254	96.6887417218543	0.998	2.23			
P08631	3vs0	142-239,240-259	76-136,425-514	1.556	95.7627118644068	96.6887417218543	1.109	2.183			
P08631	3vs1	142-239,240-259	76-136,425-514	1.655	92.3728813559322	96.6887417218543	1.005	2.391			
P08631	3vs2	142-239,240-259	76-136,425-514	1.51	97.4576271186441	96.6887417218543	1.042	1.905			
P08631	3vs3	142-239,240-259	76-136,425-514	1.442	100	96.6887417218543	1.039	1.557			
P08631	3vs4	142-239,240-259	76-136,425-514	1.529	94.9152542372881	96.6887417218543	1.01	1.739			
P08631	3vs5	142-239,240-259	76-136,425-514	1.445	96.6101694915254	96.6887417218543	1.018	1.679			
P08631	3vs6	142-239,240-259	76-136,425-514	1.523	100	96.6887417218543	1.01	1.881			
P08631	3vs7	142-239,240-259	76-136,425-514	1.744	100	96.6887417218543	1.07	2.317			
P08631	4lud	142-239,240-259	76-136,425-514	1.41	98.3050847457627	93.3774834437086	0.998	2.256			
P08631	4lue	142-239,240-259	76-136,425-514	1.344	96.6101694915254	96.6887417218543	0.99	1.671			
P08631	5h09	142-239,240-259	76-136,425-514	2.299	100	96.6887417218543	1.771	1.468	Closed	Autoinhibited	
P08631	5h0b	142-239,240-259	76-136,425-514	2.212	100	96.6887417218543	1.415	1.292	Closed	Autoinhibited	
P08631	5h0e	142-239,240-259	76-136,425-514	2.213	100	96.6887417218543	1.402	1.752	Closed	Autoinhibited	
P08631	5h0g	142-239,240-259	76-136,425-514	2.233	100	96.6887417218543	1.31	1.56	Closed	Autoinhibited	
P08631	5h0h	142-239,240-259	76-136,425-514	2.242	100	96.6887417218543	1.507	1.326	Closed	Autoinhibited	
P09769	7uy0	144-241,242-262	77-138,490-529	1.93	100	90.1960784313726	1.323	2.425			
P11142	3fzf	263-287	225-262	4.175	100	100	1.451	1.088	Closed	Autoinhibited	
P11142	3fzh	263-287	225-262	4.075	100	100	1.375	1.103	Closed	Autoinhibited	
P11142	3fzk	263-287	225-262	4.058	100	100	1.404	1.175	Closed	Autoinhibited	
P11142	3fzl	263-287	225-262	4.011	100	100	1.418	1.143	Closed	Autoinhibited	
P11142	3fzm	263-287	225-262	3.835	100	100	1.414	1.224	Closed	Autoinhibited	
P11142	3ldq	263-287	225-262	4.156	100	100	1.43	1.201	Closed	Autoinhibited	
P11142	3m3z	263-287	225-262	3.999	100	100	1.449	1.082	Closed	Autoinhibited	
P11142	4h5n	263-287	225-262	3.38	100	100	1.234	1.282			
P11142	4h5r	263-287	225-262	3.311	100	100	1.116	1.497			
P11142	4h5t	263-287	225-262	2.923	100	100	1.153	1.261	Closed	Autoinhibited	
P11142	4h5v	263-287	225-262	3.318	100	100	1.441	1.131	Closed	Autoinhibited	
P11142	4h5w	263-287	225-262	3.236	100	100	1.004	1.266			
P11142	4hwi	263-287	225-262	3.588	100	100	1.446	1.055	Closed	Autoinhibited	
P11142	5aqf	263-287	225-262	3.99	100	100	1.38	1.071			
P11142	5aqg	263-287	225-262	3.97	100	100	1.419	1.069			
P11142	5aqh	263-287	225-262	3.915	100	100	1.384	1.107	Closed	Autoinhibited	
P11142	5aqi	263-287	225-262	3.88	100	100	1.393	1.101			
P11142	5aqj	263-287	225-262	3.781	100	100	1.42	1.119			
P11142	5aqk	263-287	225-262	4.054	100	100	1.436	1.129	Closed	Autoinhibited	
P11142	5aql	263-287	225-262	3.968	96	100	1.404	1.228			
P11142	5aqm	263-287	225-262	3.938	96	100	1.38	1.234			
P11142	5aqn	263-287	225-262	3.918	100	100	1.447	1.188			
P11142	5aqo	263-287	225-262	3.904	100	100	1.395	1.104			
P11142	5aqp	263-287	225-262	3.923	100	100	1.414	1.172			
P11142	5aqq	263-287	225-262	3.903	100	100	1.391	1.231			
P11142	5aqr	263-287	225-262	3.916	100	100	1.399	1.168			
P11142	5aqs	263-287	225-262	3.96	100	100	1.475	1.195			
P11142	5aqt	263-287	225-262	3.932	100	100	1.381	1.159	Closed	Autoinhibited	
P11142	5aqu	263-287	225-262	3.897	100	100	1.353	1.128	Closed	Autoinhibited	
P11142	5aqv	263-287	225-262	3.762	100	100	1.398	1.108	Closed	Autoinhibited	
P11142	6b1i	263-287	225-262	3.152	100	100	0.844	0.867			
P11142	6b1n	263-287	225-262	3.091	100	100	0.873	0.827			
P11142	6zyj	263-287	225-262	3.2	100	100	1.122	0.922			
P12931	1fmk	249-269,151-248	84-145,524-536	1.857	100	96	3.709	7.045	Closed	Autoinhibited	
P12931	1ksw	249-269,151-248	84-145,524-536	1.767	100	94.6666666666667	3.378	5.018	Closed	Autoinhibited	
P12931	1y57	249-269,151-248	84-145,524-536	24.076	100	97.3333333333333	3.462	47.288	Open	Active	
P12931	2h8h	249-269,151-248	84-145,524-536	1.346	100	88	1.52	2.7	Closed	Autoinhibited	
P12931	2src	249-269,151-248	84-145,524-536	1.693	100	94.6666666666667	3.333	5.354	Closed	Autoinhibited	
P12931	4k11	249-269,151-248	84-145,524-536	1.254	100	92	1.671	2.074	Closed	Autoinhibited	
P12931	7yqe	249-269,151-248	84-145,524-536	2.092	81.5126050420168	78.6666666666667	1.268	6.031			
P13864	3pt6	649-695	1142-1601	7.752	95.7446808510638	99.7826086956522	1.101	34.613		Autoinhibited	
P14633	1na6	26-100	185-404	2.214	94.6666666666667	85	1.765	4.067		Autoinhibited	
P14921	1gvj	280-330	335-415	12.171	66.6666666666667	100	1.208	25.345			
P15036	4bqa	325-359	363-443	9.352	88.5714285714286	100	1.054	20.233			
P15498	3ky9	131-178	194-373	3.514	66.6666666666667	100	1.392	6.16		Autoinhibited	
P15498	6nf1	131-178	194-373	3.322	83.3333333333333	100	1.239	7.783	Closed	Autoinhibited	
P16298	4or9	417-423,474-496	22-357	3.088	83.3333333333333	100	0.919	9.016	Closed	Autoinhibited	
P16298	4ora	417-423,474-496	22-357	2.697	73.3333333333333	100	0.946	6.849			
P18654	2qr7	697-712	328-679	3.175	93.75	73.0113636363636	3.307	1.829		Autoinhibited	
P18654	2qr8	697-712	328-679	3.4	100	74.4318181818182	3.539	2.184		Autoinhibited	
P18654	4m8t	697-712	328-679	3.726	100	76.1363636363636	3.905	1.875			
P18654	4mao	697-712	328-679	3.27	100	74.7159090909091	3.427	1.797			
P18654	5o1s	697-712	328-679	3.16	100	72.7272727272727	3.291	2.328			
P19174	4ey0	757-790	668-756	8.164	67.6470588235294	100	1.125	26.865			
P19174	4fbn	757-790	668-756	8.68	67.6470588235294	100	1.174	28.223			
P21333	2j3s	2142-2235	2236-2325	10.018	84.0425531914894	100	2.112	21.192			
P21333	4p3w	2142-2235	2236-2325	15.047	82.9787234042553	100	1.238	50.342			
P22681	1fbv	353-380	381-435	24.937	100	98.1818181818182	5.263	34.316	Open	Active	
P22681	2k4d	353-380	381-435	16.721	82.1428571428571	100	1.96	30.187	Open	Active	
P22681	2y1m	353-380	381-435	23.817	82.1428571428571	100	3.101	22.284			
P22681	2y1n	353-380	381-435	24.485	75	100	3.432	25.56			
P22681	4a49	353-380	381-435	1.351	71.4285714285714	100	1.365	1.498			
P22681	4a4b	353-380	381-435	1.359	92.8571428571429	100	1.149	2.465	Closed	Active	
P22681	4a4c	353-380	381-435	1.37	96.4285714285714	100	1.157	2.208	Closed	Active	
P22681	5hkx	353-380	381-435	19.747	67.8571428571429	89.0909090909091	1.005	17.974			
P22681	5j3x	353-380	381-435	23.672	85.7142857142857	100	2.962	27.744			
P22681	5o76	353-380	381-435	1.828	92.8571428571429	98.1818181818182	1.685	2.466			
P26358	3pta	647-714	1140-1602	7.897	100	98.7041036717063	1.626	28.409	Closed	Autoinhibited	
P26358	3swr	647-714	1140-1602	7.184	100	99.5680345572354	1.007	27.137	Closed	Autoinhibited	
P26358	4wxx	647-714	1140-1602	1.673	97.0588235294118	99.5680345572354	0.974	2.18			
P26358	7xi9	647-714	1140-1602	8.479	66.1764705882353	100	3.268	36.219			
P27577	1md0	304-310,416-441	335-415	9.778	87.8787878787879	100	1.196	14.492			
P27577	1r36	304-310,416-441	335-415	3.953	93.9393939393939	100	2.394	4.394		Autoinhibited	
P27577	6da1	304-310,416-441	335-415	8.249	90.9090909090909	100	1.402	13.892			
P27577	6dat	304-310,416-441	335-415	8.363	84.8484848484848	100	1.066	14.391			
P28482	1pme	173-196	25-172,197-313	2.422	100	96.6037735849057	1.22	6.639	Closed	Autoinhibited	
P28482	1tvo	173-196	25-172,197-313	2.497	100	100	1.523	6.633	Closed	Autoinhibited	
P28482	1wzy	173-196	25-172,197-313	2.515	100	100	1.768	6.306	Closed	Autoinhibited	
P28482	2y9q	173-196	25-172,197-313	1.967	100	100	1.261	4.431	Open	Active	
P28482	3sa0	173-196	25-172,197-313	3.34	100	98.8679245283019	1.286	6.758	Closed	Autoinhibited	
P28482	3tei	173-196	25-172,197-313	1.647	70.8333333333333	98.4905660377359	1.086	3.565			
P28482	4fmq	173-196	25-172,197-313	2.001	100	100	1.378	4.521	Open	Active	
P28482	4fux	173-196	25-172,197-313	2.21	100	99.622641509434	1.214	6.543	Closed	Autoinhibited	
P28482	4fuy	173-196	25-172,197-313	2.274	100	96.6037735849057	1.209	6.625	Closed	Autoinhibited	
P28482	4fv0	173-196	25-172,197-313	2.225	100	98.8679245283019	1.161	6.678	Closed	Autoinhibited	
P28482	4fv1	173-196	25-172,197-313	2.132	100	99.622641509434	1.207	6.53	Closed	Autoinhibited	
P28482	4fv2	173-196	25-172,197-313	2.205	100	99.622641509434	1.188	6.595	Closed	Autoinhibited	
P28482	4fv3	173-196	25-172,197-313	2.19	100	99.622641509434	1.212	6.486	Closed	Autoinhibited	
P28482	4fv7	173-196	25-172,197-313	2.176	100	99.2452830188679	1.278	6.332	Closed	Autoinhibited	
P28482	4g6n	173-196	25-172,197-313	2.175	100	99.622641509434	1.131	6.631	Closed	Autoinhibited	
P28482	4g6o	173-196	25-172,197-313	2.112	100	98.4905660377359	1.125	6.529	Closed	Autoinhibited	
P28482	4h3p	173-196	25-172,197-313	1.676	70.8333333333333	99.622641509434	1.317	3.311			
P28482	4h3q	173-196	25-172,197-313	1.929	100	98.8679245283019	1.171	4.996	Open	Active	
P28482	4iz5	173-196	25-172,197-313	1.962	95.8333333333333	100	1.173	4.595			
P28482	4iza	173-196	25-172,197-313	1.708	91.6666666666667	100	1.085	3.837			
P28482	4n0s	173-196	25-172,197-313	2.866	100	98.4905660377359	1.24	6.715	Closed	Autoinhibited	
P28482	4nif	173-196	25-172,197-313	1.841	87.5	100	1.26	4.297			
P28482	4qp1	173-196	25-172,197-313	2.096	100	99.622641509434	1.462	5.293			
P28482	4qp2	173-196	25-172,197-313	1.729	75	98.4905660377359	1.321	3.241			
P28482	4qp3	173-196	25-172,197-313	1.817	75	98.4905660377359	1.348	3.391			
P28482	4qp4	173-196	25-172,197-313	1.956	66.6666666666667	100	1.49	3.991			
P28482	4qp6	173-196	25-172,197-313	1.856	75	98.4905660377359	1.387	3.309			
P28482	4qp7	173-196	25-172,197-313	1.928	66.6666666666667	100	1.426	3.994			
P28482	4qp9	173-196	25-172,197-313	1.957	66.6666666666667	100	1.488	4.283			
P28482	4qpa	173-196	25-172,197-313	2.549	87.5	96.6037735849057	2.252	4.104			
P28482	4qte	173-196	25-172,197-313	2.196	100	100	1.328	5.971	Closed	Autoinhibited	
P28482	4xj0	173-196	25-172,197-313	2.133	100	99.2452830188679	1.492	5.359			
P28482	4zxt	173-196	25-172,197-313	2.837	100	98.8679245283019	1.282	6.749	Closed	Autoinhibited	
P28482	4zzm	173-196	25-172,197-313	2.25	100	99.2452830188679	1.17	6.989	Closed	Autoinhibited	
P28482	4zzn	173-196	25-172,197-313	2.157	100	99.2452830188679	1.133	6.784	Closed	Autoinhibited	
P28482	4zzo	173-196	25-172,197-313	2.162	100	99.2452830188679	1.122	6.989	Closed	Autoinhibited	
P28482	5ax3	173-196	25-172,197-313	2.045	62.5	95.8490566037736	1.644	3.952	Open	Active	
P28482	5lcj	173-196	25-172,197-313	2.226	100	99.622641509434	1.132	6.642	Closed	Autoinhibited	
P28482	5lck	173-196	25-172,197-313	2.295	100	99.2452830188679	1.165	6.678	Closed	Autoinhibited	
P28482	5ngu	173-196	25-172,197-313	2.161	100	99.2452830188679	1.23	6.54	Closed	Autoinhibited	
P28482	5nhf	173-196	25-172,197-313	2.169	100	99.2452830188679	1.111	6.623	Closed	Autoinhibited	
P28482	5nhh	173-196	25-172,197-313	2.155	100	99.622641509434	1.228	6.329	Closed	Autoinhibited	
P28482	5nhj	173-196	25-172,197-313	2.193	100	99.622641509434	1.252	6.319	Closed	Autoinhibited	
P28482	5nhl	173-196	25-172,197-313	2.087	100	99.622641509434	1.176	6.236	Closed	Autoinhibited	
P28482	5nho	173-196	25-172,197-313	2.144	100	99.622641509434	1.249	6.284	Closed	Autoinhibited	
P28482	5nhp	173-196	25-172,197-313	2.06	100	99.622641509434	1.148	6.41	Closed	Autoinhibited	
P28482	5nhv	173-196	25-172,197-313	2.159	100	99.622641509434	1.195	6.523	Closed	Autoinhibited	
P28482	5v60	173-196	25-172,197-313	2.003	91.6666666666667	100	1.148	6.093	Closed	Autoinhibited	
P28482	5v61	173-196	25-172,197-313	2.604	91.6666666666667	100	1.208	6.02	Closed	Autoinhibited	
P28482	5v62	173-196	25-172,197-313	2.103	91.6666666666667	100	1.28	6.052	Closed	Autoinhibited	
P28482	5wp1	173-196	25-172,197-313	2.434	100	98.8679245283019	1.258	6.888	Closed	Autoinhibited	
P28482	6d5y	173-196	25-172,197-313	1.923	66.6666666666667	99.622641509434	1.409	4.035			
P28482	6dmg	173-196	25-172,197-313	2.186	100	99.622641509434	1.208	6.475	Closed	Autoinhibited	
P28482	6g54	173-196	25-172,197-313	2.21	100	100	1.286	6.304	Closed	Autoinhibited	
P28482	6g8x	173-196	25-172,197-313	2.302	100	99.622641509434	1.309	7.127	Closed	Autoinhibited	
P28482	6g91	173-196	25-172,197-313	2.138	100	99.622641509434	1.153	6.656	Closed	Autoinhibited	
P28482	6g92	173-196	25-172,197-313	2.188	100	99.622641509434	1.19	6.682	Closed	Autoinhibited	
P28482	6g93	173-196	25-172,197-313	2.111	100	99.622641509434	1.238	6.479	Closed	Autoinhibited	
P28482	6g97	173-196	25-172,197-313	2.152	100	99.622641509434	1.308	6.268	Closed	Autoinhibited	
P28482	6g9a	173-196	25-172,197-313	2.144	100	99.622641509434	1.309	6.421	Closed	Autoinhibited	
P28482	6g9d	173-196	25-172,197-313	2.224	100	99.622641509434	1.288	6.632	Closed	Autoinhibited	
P28482	6g9h	173-196	25-172,197-313	2.22	100	99.622641509434	1.312	6.557	Closed	Autoinhibited	
P28482	6g9j	173-196	25-172,197-313	2.292	100	98.8679245283019	1.335	6.635	Closed	Autoinhibited	
P28482	6g9k	173-196	25-172,197-313	2.242	100	99.2452830188679	1.341	6.657	Closed	Autoinhibited	
P28482	6g9m	173-196	25-172,197-313	2.218	100	99.622641509434	1.342	6.619	Closed	Autoinhibited	
P28482	6g9n	173-196	25-172,197-313	2.373	100	99.622641509434	1.35	7.161	Closed	Autoinhibited	
P28482	6gdm	173-196	25-172,197-313	2.3	100	98.4905660377359	1.304	6.594	Closed	Autoinhibited	
P28482	6gdq	173-196	25-172,197-313	2.107	100	99.622641509434	1.212	6.524	Closed	Autoinhibited	
P28482	6ge0	173-196	25-172,197-313	2.251	100	99.2452830188679	1.292	6.597	Closed	Autoinhibited	
P28482	6gjb	173-196	25-172,197-313	2.2	100	99.622641509434	1.198	6.652	Closed	Autoinhibited	
P28482	6gjd	173-196	25-172,197-313	2.159	100	99.622641509434	1.215	6.629	Closed	Autoinhibited	
P28482	6opg	173-196	25-172,197-313	2.188	91.6666666666667	100	1.286	6.092	Closed	Autoinhibited	
P28482	6oph	173-196	25-172,197-313	2.135	91.6666666666667	100	1.232	6.184	Closed	Autoinhibited	
P28482	6q7k	173-196	25-172,197-313	2.263	100	99.622641509434	1.321	6.554	Closed	Autoinhibited	
P28482	6q7s	173-196	25-172,197-313	2.219	100	99.622641509434	1.194	6.694	Closed	Autoinhibited	
P28482	6q7t	173-196	25-172,197-313	2.169	100	99.622641509434	1.21	6.632	Closed	Autoinhibited	
P28482	6qa1	173-196	25-172,197-313	2.28	100	99.622641509434	1.292	6.775	Closed	Autoinhibited	
P28482	6qa3	173-196	25-172,197-313	2.224	100	99.622641509434	1.298	6.665	Closed	Autoinhibited	
P28482	6qa4	173-196	25-172,197-313	2.282	100	98.8679245283019	1.214	7.127	Closed	Autoinhibited	
P28482	6qag	173-196	25-172,197-313	2.186	100	99.622641509434	1.333	6.473	Closed	Autoinhibited	
P28482	6qah	173-196	25-172,197-313	2.187	100	99.2452830188679	1.261	6.537	Closed	Autoinhibited	
P28482	6qal	173-196	25-172,197-313	2.318	100	98.4905660377359	1.202	7.224	Closed	Autoinhibited	
P28482	6qaq	173-196	25-172,197-313	2.252	100	99.622641509434	1.336	6.546	Closed	Autoinhibited	
P28482	6qaw	173-196	25-172,197-313	2.202	100	99.2452830188679	1.199	6.728	Closed	Autoinhibited	
P28482	6rq4	173-196	25-172,197-313	2.148	100	99.622641509434	1.25	6.526	Closed	Autoinhibited	
P28482	6slg	173-196	25-172,197-313	2.065	100	99.622641509434	1.169	6.293	Closed	Autoinhibited	
P28482	7auv	173-196	25-172,197-313	2.351	100	99.622641509434	1.369	6.642	Closed	Autoinhibited	
P28482	7E+073	173-196	25-172,197-313	2.352	100	99.622641509434	1.273	6.679	Closed	Autoinhibited	
P28482	7E+075	173-196	25-172,197-313	2.375	100	99.622641509434	1.317	6.616	Closed	Autoinhibited	
P28482	7nqq	173-196	25-172,197-313	2.305	100	99.622641509434	1.34	6.714	Closed	Autoinhibited	
P28482	7nqw	173-196	25-172,197-313	2.307	100	99.622641509434	1.316	6.577	Closed	Autoinhibited	
P28482	7nr3	173-196	25-172,197-313	2.165	100	99.622641509434	1.229	6.646	Closed	Autoinhibited	
P28482	7nr5	173-196	25-172,197-313	2.354	100	99.622641509434	1.349	7.147	Closed	Autoinhibited	
P28482	7nr8	173-196	25-172,197-313	2.409	100	99.622641509434	1.433	6.644	Closed	Autoinhibited	
P28482	7nr9	173-196	25-172,197-313	2.259	100	99.622641509434	1.374	6.668	Closed	Autoinhibited	
P28482	7opm	173-196	25-172,197-313	2.765	91.6666666666667	100	1.176	6.015	Closed	Autoinhibited	
P28482	7w5o	173-196	25-172,197-313	2.168	100	99.622641509434	1.486	5.362			
P28482	7x4u	173-196	25-172,197-313	2.183	100	100	1.325	6.162			
P28482	7xc1	173-196	25-172,197-313	2.182	100	99.622641509434	1.447	5.366			
P28482	8ao2	173-196	25-172,197-313	2.303	100	99.622641509434	1.181	7.139	Closed	Autoinhibited	
P28482	8ao3	173-196	25-172,197-313	2.172	100	99.2452830188679	1.172	6.675	Closed	Autoinhibited	
P28482	8ao4	173-196	25-172,197-313	2.16	100	99.2452830188679	1.173	6.657	Closed	Autoinhibited	
P28482	8ao5	173-196	25-172,197-313	2.226	100	98.4905660377359	1.208	6.558	Closed	Autoinhibited	
P28482	8ao6	173-196	25-172,197-313	2.173	100	99.2452830188679	1.176	6.662	Closed	Autoinhibited	
P28482	8ao7	173-196	25-172,197-313	2.354	100	99.622641509434	1.288	6.737	Closed	Autoinhibited	
P28482	8ao8	173-196	25-172,197-313	2.154	100	99.622641509434	1.2	6.557	Closed	Autoinhibited	
P28482	8ao9	173-196	25-172,197-313	2.236	100	98.8679245283019	1.283	6.657	Closed	Autoinhibited	
P28482	8aoa	173-196	25-172,197-313	2.316	100	99.622641509434	1.181	6.748	Closed	Autoinhibited	
P28482	8aob	173-196	25-172,197-313	2.19	100	96.2264150943397	1.147	6.665	Closed	Autoinhibited	
P28482	8aoc	173-196	25-172,197-313	2.324	100	99.2452830188679	1.227	6.732	Closed	Autoinhibited	
P28482	8aod	173-196	25-172,197-313	2.348	100	98.1132075471698	1.457	6.62	Closed	Autoinhibited	
P28482	8aoe	173-196	25-172,197-313	2.427	100	96.2264150943397	1.462	6.645	Closed	Autoinhibited	
P28482	8aof	173-196	25-172,197-313	2.434	100	97.7358490566038	1.476	6.673	Closed	Autoinhibited	
P28482	8aog	173-196	25-172,197-313	2.307	100	97.3584905660377	1.379	6.713	Closed	Autoinhibited	
P28482	8aoh	173-196	25-172,197-313	2.41	100	98.1132075471698	1.501	6.837	Closed	Autoinhibited	
P28482	8aoi	173-196	25-172,197-313	2.673	100	99.622641509434	1.863	6.662	Closed	Autoinhibited	
P28482	8aoj	173-196	25-172,197-313	2.175	100	99.622641509434	1.328	6.505	Closed	Autoinhibited	
P29350	2b3o	1-105	244-515	25.878	99.047619047619	100	1.124	57.427	Closed	Autoinhibited	
P29350	3ps5	1-105	244-515	1.444	100	99.6323529411765	1.021	1.765	Open	Active	
P31016	1jxm	428-498	534-709	1.597	77.4647887323944	100	1.122	2.827			
P31016	1jxo	428-498	534-709	2.153	85.9154929577465	93.75	1.073	3.415			
P31016	1kjw	428-498	534-709	2.554	97.1830985915493	100	1.224	3.761	Closed	Active	
P31016	5ypr	428-498	534-709	1.735	90.1408450704225	100	1.54	2.441		Active	
P31749	3o96	5-108	150-408	10.469	94.2307692307692	90.7335907335907	3.31	20.039	Closed	Autoinhibited	
P31749	4ejn	5-108	150-408	10.9	93.2692307692308	93.0501930501931	3.865	20.485	Closed	Autoinhibited	
P31749	5kcv	5-108	150-408	10.541	87.5	87.2586872586873	2.215	20.433	Closed	Autoinhibited	
P31749	6hhf	5-108	150-408	10.314	92.3076923076923	87.6447876447876	2.996	20.857	Closed	Autoinhibited	
P31749	6hhg	5-108	150-408	10.14	96.1538461538462	91.8918918918919	5.724	20.114	Closed	Autoinhibited	
P31749	6hhh	5-108	150-408	10.021	97.1153846153846	90.3474903474904	3.879	19.995	Closed	Autoinhibited	
P31749	6hhi	5-108	150-408	10.426	97.1153846153846	92.6640926640927	5.685	20.244	Closed	Autoinhibited	
P31749	6hhj	5-108	150-408	10.233	98.0769230769231	100	7.485	19.946	Closed	Autoinhibited	
P31749	6s9w	5-108	150-408	9.942	100	99.2277992277992	6.98	19.899	Closed	Autoinhibited	
P31749	6s9x	5-108	150-408	9.927	96.1538461538462	91.1196911196911	4.842	20.095	Closed	Autoinhibited	
P31749	7nh4	5-108	150-408	9.385	97.1153846153846	90.7335907335907	4.46	20.053	Closed	Autoinhibited	
P31749	7nh5	5-108	150-408	9.627	96.1538461538462	90.7335907335907	4.526	19.893	Closed	Autoinhibited	
P31751	8q61	5-108,410-481	152-409	9.63	70.4545454545455	94.9612403100775	6.231	21.917			
P32527	2lwx	348-364	365-433	1.45	100	100	1.347	1.799	Closed	Autoinhibited	
P35520	4coo	414-551	40-413	19.316	74.6376811594203	99.1978609625668	2.645	41.805			
P35520	4l0d	414-551	40-413	19.409	74.6376811594203	99.4652406417112	2.816	42.158			
P35520	4l28	414-551	40-413	18.155	87.6811594202899	99.1978609625668	2.808	38.98			
P35520	4pcu	414-551	40-413	6.628	74.6376811594203	97.8609625668449	2.462	13.809			
P35520	7qgt	414-551	40-413	19.6	75.3623188405797	99.7326203208556	2.919	42.457			
P35609	4d1e	259-307	753-824	113.774	100	100	4.342	220.629	Closed	Autoinhibited	
P36507	1s9i	75-102	72-74,103-369	2.172	100	88.5185185185185	1.994	1.486			
P39687	2je0	121-163	1-120	1.139	67.4418604651163	100	1.065	1.394			
P39687	2je1	121-163	1-120	1.179	67.4418604651163	100	1.116	1.405			
P39687	4xos	121-163	1-120	1.43	67.4418604651163	100	1.407	1.541			
P41212	2dao	410-452	339-409	2.747	76.7441860465116	100	1.84	4.119			
P43405	4fl2	93-167,245-370	371-631	2.146	64.1791044776119	100	2.747	1.579			
P43405	4fl3	93-167,245-370	371-631	1.035	61.1940298507463	95.0191570881226	0.822	1.189			
P45985	3aln	109-136	102-108,137-367	4.746	100	84.453781512605	1.55	2.075			
P45985	3alo	109-136	102-108,137-367	5.721	100	97.4789915966386	3.537	1.108	Closed	Autoinhibited	
P46108	2eyz	239-294	132-192	22.296	100	100	2.479	28.031	Open	Active	
P46109	2lqn	129-175	14-102	25.93	100	100	1.782	47.604	Open	Autoinhibited	
P46109	2lqw	129-175	14-102	25.158	100	100	2.549	46.938	Open	Autoinhibited	
P49137	1kwp	328-364	64-325	6.399	100	91.9847328244275	3.784	1.578			
P49137	2jbp	328-364	64-325	2.408	62.1621621621622	91.6030534351145	2.51	1.325			
P49137	2oza	328-364	64-325	4.214	100	96.9465648854962	4.833	1.352	Closed	Autoinhibited	
P49137	3gok	328-364	64-325	3.084	62.1621621621622	92.3664122137405	3.286	1.468			
P49137	3ka0	328-364	64-325	2.111	100	85.1145038167939	2.257	1.227	Closed	Autoinhibited	
P49137	4tyh	328-364	64-325	3.957	100	95.8015267175572	4.581	1.257	Closed	Autoinhibited	
P49137	6tca	328-364	64-325	4.395	100	98.4732824427481	4.949	1.272			
P52564	3enm	251-277	53-314	5.904	100	81.6793893129771	5.992	3.043			
P52564	3fme	251-277	53-314	2.567	100	82.0610687022901	2.66	3.528	Closed		
P52564	3vn9	251-277	53-314	3.212	100	89.6946564885496	3.197	3.58	Closed		
P52564	8a8m	251-277	53-314	6.274	100	84.7328244274809	4.385	3.31			
P52564	8p7j	251-277	53-314	3.529	100	85.1145038167939	3.614	2.126			
P53041	8gae	28-129,487-499	184-486	25.904	88.695652173913	98.019801980198	2.339	88.629			
P53041	8gft	28-129,487-499	184-486	24.876	88.695652173913	98.019801980198	2.358	85.444			
P53042	4ja7	28-129	495-499,200-494	1.38	100	99.3333333333333	1.348	12.407	Closed	Autoinhibited	
P53042	4ja9	28-129	495-499,200-494	1.488	100	99.6666666666667	1.369	8.268	Closed	Active	
P53686	1q14	300-320	1-280	4.476	61.9047619047619	92.1428571428571	3.446	13.816			
P54578	2ayn	329-351,429-433	105-483	2.205	100	80.4749340369393	2.195	2.379			
P54578	2ayo	329-351,429-433	105-483	2.54	100	84.4327176781003	2.263	3.213	Open	Active	
P54578	6iik	329-351,429-433	105-483	1.186	75	81.5303430079156	1.168	2.191			
P54578	6iil	329-351,429-433	105-483	1.357	75	82.5857519788918	1.25	2.131			
P54578	6iim	329-351,429-433	105-483	1.589	89.2857142857143	81.2664907651715	1.566	3.954			
P54578	6iin	329-351,429-433	105-483	1.341	78.5714285714286	81.2664907651715	1.313	2.18			
P54646	5ezv	291-376	16-268	4.323	65.1162790697674	99.6047430830039	1.157	8.895			
P54646	5iso	291-376	16-268	3.558	81.3953488372093	100	1.47	7.444			
P54646	6b1u	291-376	16-268	3.244	70.9302325581395	99.6047430830039	1.117	7.255			
P54646	6b2e	291-376	16-268	2.398	74.4186046511628	99.6047430830039	1.16	5.145			
P54763	1jpa	595-621	621-884	1.147	92.5925925925926	89.7727272727273	1.07	1.584			
P55957	2bid	21-51	60-195	9.619	100	100	7.368	9.332	Closed	Autoinhibited	
P57764	6n9o	280-484	1-275	7.018	96.0975609756098	63.2727272727273	9.987	4.068			
P60240	4s20	1-110	147-416,441-659	11.12	99.0909090909091	99.7955010224949	3.08	29.595			
P60240	7m8e	1-110	147-416,441-659	5.106	99.0909090909091	100	2.338	11.303			
P62826	1k5d	179-216	10-169	13.757	92.1052631578947	100	2.235	34.225			
P62826	1k5g	179-216	10-169	13.899	92.1052631578947	100	2.276	34.554			
P62826	1rrp	179-216	10-169	11.976	86.8421052631579	100	1.377	30.84			
P62826	2mmc	179-216	10-169	28.197	100	100	4.801	68.008	Closed	Autoinhibited	
P62826	2mmg	179-216	10-169	18.737	100	100	2.388	45.46	Open	Active	
P62826	2n1b	179-216	10-169	28.799	100	100	5.17	69.52	Closed	Autoinhibited	
P62826	3ch5	179-216	10-169	21.119	71.0526315789474	96.25	4.994	57.062			
P62826	3gj0	179-216	10-169	21.872	76.3157894736842	100	4.862	58.94			
P62826	3gj3	179-216	10-169	21.984	76.3157894736842	100	4.849	58.959			
P62826	3gj4	179-216	10-169	22.63	78.9473684210526	99.375	4.611	59.802			
P62826	3gj5	179-216	10-169	22.653	78.9473684210526	99.375	4.601	59.871			
P62826	3gj6	179-216	10-169	22.599	78.9473684210526	99.375	4.584	59.996			
P62826	3gj7	179-216	10-169	22.089	76.3157894736842	99.375	4.574	59.019			
P62826	3gj8	179-216	10-169	23.414	81.5789473684211	99.375	4.623	61.269			
P62826	4gmx	179-216	10-169	15.797	89.4736842105263	100	1.066	39.883	Open	Active	
P62826	4gpt	179-216	10-169	16.189	100	100	1.076	39.074	Open	Active	
P62826	4hat	179-216	10-169	16.204	100	100	1.113	39.21	Open	Active	
P62826	4hau	179-216	10-169	15.841	76.3157894736842	100	1.095	42.202			
P62826	4hav	179-216	10-169	15.521	68.421052631579	100	1.087	43.969			
P62826	4haw	179-216	10-169	15.494	68.421052631579	100	1.109	43.889			
P62826	4hay	179-216	10-169	15.857	78.9473684210526	100	1.097	41.83			
P62826	4haz	179-216	10-169	15.985	84.2105263157895	100	1.086	41.294	Open	Active	
P62826	4hb0	179-216	10-169	16.074	92.1052631578947	100	1.108	40.171	Open	Active	
P62826	4hb2	179-216	10-169	15.774	89.4736842105263	100	1.058	39.788	Open	Active	
P62826	4hb3	179-216	10-169	15.962	84.2105263157895	100	1.077	41.223	Open	Active	
P62826	4hb4	179-216	10-169	16.171	100	100	1.108	39.135	Open	Active	
P62826	4wvf	179-216	10-169	16.163	100	100	1.107	39.113	Open	Active	
P62826	5ciq	179-216	10-169	22.116	76.3157894736842	100	4.843	58.982			
P62826	5cit	179-216	10-169	21.438	73.6842105263158	100	4.847	58.062			
P62826	5ciw	179-216	10-169	22.122	76.3157894736842	99.375	4.581	58.892			
P62826	5cj2	179-216	10-169	19.97	68.421052631579	99.375	4.586	55.712			
P62826	5clq	179-216	10-169	12.538	86.8421052631579	99.375	1.892	32.251			
P62826	5dh9	179-216	10-169	16.121	92.1052631578947	100	1.03	40.294	Open	Active	
P62826	5dha	179-216	10-169	16.11	94.7368421052632	100	0.994	39.767	Open	Active	
P62826	5dhf	179-216	10-169	15.996	92.1052631578947	100	0.98	40.048	Open	Active	
P62826	5di9	179-216	10-169	16.124	100	100	1.01	38.969	Open	Active	
P62826	5dif	179-216	10-169	16.034	100	100	0.975	38.867	Open	Active	
P62826	5jlj	179-216	10-169	15.919	84.2105263157895	100	0.999	41.108	Open	Active	
P62826	5uwh	179-216	10-169	15.898	86.8421052631579	100	0.995	40.559	Open	Active	
P62826	5uwi	179-216	10-169	16.114	100	100	0.989	38.937	Open	Active	
P62826	5uwj	179-216	10-169	16.079	94.7368421052632	100	0.975	39.773	Open	Active	
P62826	5uwo	179-216	10-169	16.114	92.1052631578947	100	1.014	40.265	Open	Active	
P62826	5uwp	179-216	10-169	16.079	100	100	0.991	38.993	Open	Active	
P62826	5uwq	179-216	10-169	16.1	94.7368421052632	100	0.989	39.806	Open	Active	
P62826	5uwr	179-216	10-169	15.971	89.4736842105263	100	1.009	40.435	Open	Active	
P62826	5uws	179-216	10-169	16.098	94.7368421052632	100	0.99	39.781	Open	Active	
P62826	5uwt	179-216	10-169	16.116	100	100	0.993	38.961	Open	Active	
P62826	5uwu	179-216	10-169	16.142	100	100	0.963	39.033	Open	Active	
P62826	5uww	179-216	10-169	16.096	94.7368421052632	100	0.965	39.791	Open	Active	
P62826	5yro	179-216	10-169	16.275	97.3684210526316	100	1.107	39.791	Open	Active	
P62826	5yst	179-216	10-169	16.239	97.3684210526316	100	1.008	39.663	Open	Active	
P62826	5ysu	179-216	10-169	16.207	97.3684210526316	100	1.017	39.566	Open	Active	
P62826	5ytb	179-216	10-169	16.091	97.3684210526316	100	1.15	39.61	Open	Active	
P62826	5zpu	179-216	10-169	16.203	81.5789473684211	100	1.035	42.482	Open	Active	
P62826	6a38	179-216	10-169	16.014	97.3684210526316	100	1.026	39.531	Open	Active	
P62826	6a3a	179-216	10-169	16.015	97.3684210526316	100	1.003	39.554	Open	Active	
P62826	6a3b	179-216	10-169	16.059	97.3684210526316	100	1.023	39.642	Open	Active	
P62826	6a3c	179-216	10-169	16.032	97.3684210526316	100	1.003	39.585	Open	Active	
P62826	6a3e	179-216	10-169	16.048	97.3684210526316	100	1.01	39.638	Open	Active	
P62826	6cit	179-216	10-169	16.15	94.7368421052632	100	0.96	39.878	Open	Active	
P62826	6kft	179-216	10-169	16.059	97.3684210526316	100	1.023	39.642	Open	Active	
P62826	6lq9	179-216	10-169	16.048	100	100	1.009	38.741	Open	Active	
P62826	6m60	179-216	10-169	16.238	97.3684210526316	99.375	1.038	39.628	Open	Active	
P62826	6m6x	179-216	10-169	16.223	97.3684210526316	99.375	1.052	39.681	Open	Active	
P62826	6x2m	179-216	10-169	16.074	100	100	1.063	38.9	Open	Active	
P62826	6x2o	179-216	10-169	16.081	100	100	1.051	38.918	Open	Active	
P62826	6x2p	179-216	10-169	16.192	92.1052631578947	100	1.017	40.462	Open	Active	
P62826	6x2r	179-216	10-169	16.089	92.1052631578947	100	1.107	40.205	Open	Active	
P62826	6x2s	179-216	10-169	16.212	92.1052631578947	100	1.04	40.628	Open	Active	
P62826	6x2u	179-216	10-169	16.188	92.1052631578947	100	1.037	40.476	Open	Active	
P62826	6x2v	179-216	10-169	15.814	84.2105263157895	100	1.032	41.956	Open	Active	
P62826	6x2w	179-216	10-169	16.202	92.1052631578947	100	1.028	40.484	Open	Active	
P62826	6x2x	179-216	10-169	16.189	92.1052631578947	100	1.032	40.474	Open	Active	
P62826	6x2y	179-216	10-169	16.114	92.1052631578947	100	0.987	40.265	Open	Active	
P62826	6xjp	179-216	10-169	16.155	100	100	1.063	39.045	Open	Active	
P62826	6xjr	179-216	10-169	16.075	94.7368421052632	100	1.079	39.718	Open	Active	
P62826	6xjs	179-216	10-169	16.16	100	100	1.069	39.069	Open	Active	
P62826	6xjt	179-216	10-169	16.134	100	100	1.088	39.006	Open	Active	
P62826	6xju	179-216	10-169	16.153	100	100	1.077	39.052	Open	Active	
P62826	7cnd	179-216	10-169	16.33	97.3684210526316	99.375	1.058	39.763	Open	Active	
P62826	7dbg	179-216	10-169	16.33	97.3684210526316	99.375	1.033	39.838	Open	Active	
P62826	7l5e	179-216	10-169	15.772	81.5789473684211	100	1.018	41.726	Open	Active	
P62826	7mnp	179-216	10-169	22.081	76.3157894736842	99.375	4.593	58.995			
P62826	7mnq	179-216	10-169	22.639	78.9473684210526	99.375	4.826	59.846			
P62826	7mnr	179-216	10-169	22.55	78.9473684210526	99.375	4.838	59.762			
P62826	7mns	179-216	10-169	22.613	78.9473684210526	99.375	4.961	59.743			
P62826	7mnt	179-216	10-169	22.613	78.9473684210526	99.375	5.076	59.618			
P62826	7mnu	179-216	10-169	21.408	73.6842105263158	99.375	4.984	57.795			
P62826	7mnv	179-216	10-169	23.383	81.5789473684211	99.375	4.625	61.043	Open	Active	
P62826	7mnw	179-216	10-169	15.482	100	100	1.258	37.459			
P62826	7mnx	179-216	10-169	13.764	92.1052631578947	100	1.226	34.558			
P62826	7mny	179-216	10-169	16.192	100	98.75	1.805	38.984			
P62826	7mnz	179-216	10-169	12.568	86.8421052631579	100	0.919	32.533			
P62826	7mo0	179-216	10-169	15.747	94.7368421052632	99.375	1.885	39.011			
P62826	7mo1	179-216	10-169	22.539	78.9473684210526	99.375	4.59	59.882			
P62826	7mo2	179-216	10-169	22.707	78.9473684210526	99.375	4.759	59.961			
P62826	7mo3	179-216	10-169	24.165	84.2105263157895	99.375	4.591	62.371			
P62826	7mo4	179-216	10-169	24.13	84.2105263157895	99.375	4.549	62.297			
P62826	7mo5	179-216	10-169	22.563	78.9473684210526	99.375	4.58	59.773			
P62826	7ypz	179-216	10-169	16.214	97.3684210526316	99.375	1	39.574			
P97360	2lf7	426-435	335-416	2.411	100	100	2.06	3.7	Closed	Autoinhibited	
P97360	2lf8	426-435	335-416	5.708	100	100	1.691	2.65	Closed	Autoinhibited	
Q00944	2j0j	35-362	422-680	2.641	100	95.3667953667954	3.342	1.906	Closed	Autoinhibited	
Q00944	2j0k	35-362	422-680	1.831	100	94.2084942084942	1.203	4.812			
Q00944	6ty3	35-362	422-680	22.472	99.6951219512195	96.1389961389961	2.501	71.123			
Q00944	6ty4	35-362	422-680	22.518	100	100	1.803	70.656			
Q01974	3zzw	555-556	473-746	1.968	100	93.4306569343066	1.91	1.507			
Q01974	4gt4	555-556	473-746	1.727	100	94.1605839416058	1.723	0.872			
Q02750	1s9j	75-102	68-74,103-361	1.634	100	87.593984962406	1.425	1.315	Closed	Autoinhibited	
Q02750	2p55	75-102	68-74,103-361	1.627	100	87.593984962406	1.403	1.005	Closed	Autoinhibited	
Q02750	3dv3	75-102	68-74,103-361	1.588	100	87.218045112782	1.279	1.028	Closed	Autoinhibited	
Q02750	3dy7	75-102	68-74,103-361	1.68	100	83.8345864661654	1.262	0.988	Closed	Autoinhibited	
Q02750	3e8n	75-102	68-74,103-361	1.605	100	88.3458646616541	1.333	1.054	Closed	Autoinhibited	
Q02750	3eqb	75-102	68-74,103-361	1.644	100	87.593984962406	1.405	1.059	Closed	Autoinhibited	
Q02750	3eqc	75-102	68-74,103-361	1.371	100	87.9699248120301	1.107	1.002	Closed	Autoinhibited	
Q02750	3eqd	75-102	68-74,103-361	1.561	100	89.0977443609023	1.052	0.982	Closed	Autoinhibited	
Q02750	3eqf	75-102	68-74,103-361	1.678	100	89.0977443609023	1.145	1.229	Closed	Autoinhibited	
Q02750	3eqg	75-102	68-74,103-361	1.579	100	89.0977443609023	1.089	1.21	Closed	Autoinhibited	
Q02750	3eqh	75-102	68-74,103-361	1.522	100	89.0977443609023	1.05	0.954	Closed	Autoinhibited	
Q02750	3eqi	75-102	68-74,103-361	1.593	100	89.0977443609023	1.159	1.082	Closed	Autoinhibited	
Q02750	3mbl	75-102	68-74,103-361	1.619	100	88.3458646616541	1.311	1.173	Closed	Autoinhibited	
Q02750	3orn	75-102	68-74,103-361	3.779	100	65.4135338345865	2.456	1.189	Closed	Autoinhibited	
Q02750	3os3	75-102	68-74,103-361	3.806	100	64.6616541353383	2.495	1.584	Closed	Autoinhibited	
Q02750	3pp1	75-102	68-74,103-361	1.536	100	88.3458646616541	1.294	1.022	Closed	Autoinhibited	
Q02750	3sls	75-102	68-74,103-361	3.558	100	62.406015037594	2.387	1.674			
Q02750	3v01	75-102	68-74,103-361	1.625	100	87.593984962406	1.421	1.235	Closed	Autoinhibited	
Q02750	3v04	75-102	68-74,103-361	1.599	100	87.593984962406	1.378	1.05	Closed	Autoinhibited	
Q02750	3vvh	75-102	68-74,103-361	1.47	100	86.8421052631579	1.279	0.996			
Q02750	3w8q	75-102	68-74,103-361	6.403	100	90.2255639097744	4.109	1.865	Closed	Autoinhibited	
Q02750	3wig	75-102	68-74,103-361	3.799	89.2857142857143	65.4135338345865	2.535	1.173	Closed	Autoinhibited	
Q02750	3zls	75-102	68-74,103-361	1.607	100	89.0977443609023	1.252	1.605	Closed	Autoinhibited	
Q02750	3zlw	75-102	68-74,103-361	1.448	96.4285714285714	87.9699248120301	1.121	1.174	Closed	Autoinhibited	
Q02750	3zlx	75-102	68-74,103-361	1.466	100	87.9699248120301	1.122	1.232	Closed	Autoinhibited	
Q02750	3zly	75-102	68-74,103-361	1.211	96.4285714285714	87.9699248120301	1.084	1.034	Closed	Autoinhibited	
Q02750	3zm4	75-102	68-74,103-361	1.243	100	87.218045112782	1.065	1.486	Closed	Autoinhibited	
Q02750	4an2	75-102	68-74,103-361	3.15	100	63.9097744360902	2.2	1.667	Closed	Autoinhibited	
Q02750	4an3	75-102	68-74,103-361	3.138	100	63.1578947368421	2.228	1.352	Closed	Autoinhibited	
Q02750	4an9	75-102	68-74,103-361	3.135	100	63.5338345864662	2.199	1.309	Closed	Autoinhibited	
Q02750	4anb	75-102	68-74,103-361	3.136	100	63.9097744360902	2.195	1.23	Closed	Autoinhibited	
Q02750	4ark	75-102	68-74,103-361	1.868	100	88.3458646616541	1.377	0.996	Closed	Autoinhibited	
Q02750	4lmn	75-102	68-74,103-361	1.898	100	88.7218045112782	1.496	1.397	Closed	Autoinhibited	
Q02750	4mne	75-102	68-74,103-361	1.808	100	88.3458646616541	1.463	1.403			
Q02750	4u7z	75-102	68-74,103-361	1.615	100	88.3458646616541	1.312	1.065	Closed	Autoinhibited	
Q02750	4u80	75-102	68-74,103-361	1.586	100	87.593984962406	1.357	1.133	Closed	Autoinhibited	
Q02750	4u81	75-102	68-74,103-361	1.566	100	87.593984962406	1.274	1.056	Closed	Autoinhibited	
Q02750	5bx0	75-102	68-74,103-361	1.605	100	89.0977443609023	0.992	1.802	Closed	Autoinhibited	
Q02750	5eym	75-102	68-74,103-361	1.254	89.2857142857143	82.7067669172932	0.952	1.201			
Q02750	5hze	75-102	68-74,103-361	1.564	100	86.8421052631579	1.665	1.413	Closed	Autoinhibited	
Q02750	5yt3	75-102	68-74,103-361	4.745	100	82.3308270676692	3.497	1.115			
Q02750	6nyb	75-102	68-74,103-361	1.901	100	84.5864661654135	1.29	1.365			
Q02750	6pp9	75-102	68-74,103-361	1.792	100	87.218045112782	1.211	1.139			
Q02750	6q0j	75-102	68-74,103-361	1.248	100	87.593984962406	0.76	1.228			
Q02750	6q0t	75-102	68-74,103-361	1.269	100	87.593984962406	0.772	1.23			
Q02750	6u2g	75-102	68-74,103-361	1.979	100	87.9699248120301	1.438	1.146	Closed	Autoinhibited	
Q02750	6v2w	75-102	68-74,103-361	1.919	100	87.218045112782	1.534	1.306			
Q02750	7b3m	75-102	68-74,103-361	3.477	100	62.781954887218	2.375	1.284			
Q02750	7b7r	75-102	68-74,103-361	3.478	100	62.781954887218	2.319	1.249			
Q02750	7b94	75-102	68-74,103-361	3.466	100	62.781954887218	2.332	1.252			
Q02750	7b9l	75-102	68-74,103-361	3.407	100	62.0300751879699	2.273	1.241			
Q02750	7m0u	75-102	68-74,103-361	1.953	100	87.218045112782	1.427	1.201			
Q02750	7m0v	75-102	68-74,103-361	1.874	100	87.218045112782	1.435	1.361			
Q02750	7m0x	75-102	68-74,103-361	1.813	100	87.218045112782	1.349	1.156			
Q02750	7m0y	75-102	68-74,103-361	1.901	100	87.218045112782	1.419	1.243			
Q02750	7m0z	75-102	68-74,103-361	1.909	100	87.218045112782	1.366	1.315			
Q02750	7mfd	75-102	68-74,103-361	2.502	100	85.3383458646617	1.92	2.324			
Q02750	7pqv	75-102	68-74,103-361	1.503	100	87.218045112782	1.211	1.62	Closed	Autoinhibited	
Q02750	7xlp	75-102	68-74,103-361	1.484	100	87.218045112782	0.918	1.487			
Q02750	7xnc	75-102	68-74,103-361	1.707	100	86.8421052631579	0.835	1.136			
Q02750	8dgs	75-102	68-74,103-361	2.011	100	87.218045112782	1.694	1.534			
Q02750	8dgt	75-102	68-74,103-361	1.939	100	87.218045112782	1.409	1.234			
Q04929	2l3s	225-297	133-193	17.591	100	96.7213114754098	2.524	22.709	Closed	Autoinhibited	
Q06124	2shp	3-104	247-517	1.654	99.0196078431373	92.9889298892989	1.06	1.706			
Q06124	4dgp	3-104	247-517	1.844	100	93.7269372693727	1.095	1.402	Closed	Autoinhibited	
Q06124	4dgx	3-104	247-517	1.827	100	94.0959409594096	1.253	1.279	Closed	Autoinhibited	
Q06124	4gwf	3-104	247-517	1.561	92.156862745098	95.9409594095941	1.02	1.732			
Q06124	4h1o	3-104	247-517	1.827	95.0980392156863	94.0959409594096	1.342	1.9	Closed	Autoinhibited	
Q06124	4h34	3-104	247-517	1.914	92.156862745098	92.2509225092251	1.352	2.391	Closed	Autoinhibited	
Q06124	4nwf	3-104	247-517	1.337	92.156862745098	94.4649446494465	0.974	0.961			
Q06124	4nwg	3-104	247-517	1.301	98.0392156862745	95.9409594095941	0.988	0.953			
Q06124	4ohd	3-104	247-517	2.179	100	94.0959409594096	1.837	2.555	Closed	Autoinhibited	
Q06124	4ohe	3-104	247-517	1.634	100	93.3579335793358	1.225	2.718	Closed	Autoinhibited	
Q06124	4ohh	3-104	247-517	1.643	100	93.3579335793358	1.083	1.27	Closed	Autoinhibited	
Q06124	4ohi	3-104	247-517	2.06	100	93.3579335793358	1.121	1.392	Closed	Autoinhibited	
Q06124	4ohl	3-104	247-517	1.271	100	92.2509225092251	1.002	1.516			
Q06124	5bk8	3-104	247-517	2.165	100	95.5719557195572	1.541	3.222	Closed	Autoinhibited	
Q06124	5ehp	3-104	247-517	1.112	98.0392156862745	97.0479704797048	1.166	0.929			
Q06124	5ehr	3-104	247-517	1.132	88.2352941176471	97.4169741697417	1.195	0.807			
Q06124	5i6v	3-104	247-517	1.112	93.1372549019608	95.9409594095941	1.076	0.969			
Q06124	5ibm	3-104	247-517	1.274	89.2156862745098	95.5719557195572	1.191	1.019			
Q06124	5ibs	3-104	247-517	1.175	89.2156862745098	96.309963099631	1.034	1.18			
Q06124	5xzr	3-104	247-517	1.777	99.0196078431373	95.5719557195572	1.306	1.377	Closed	Autoinhibited	
Q06124	6atd	3-104	247-517	1.033	98.0392156862745	95.5719557195572	0.952	0.853			
Q06124	6bmr	3-104	247-517	1.003	99.0196078431373	95.2029520295203	0.846	0.987			
Q06124	6bmu	3-104	247-517	1.08	95.0980392156863	95.5719557195572	1.079	0.936			
Q06124	6bmv	3-104	247-517	1.038	98.0392156862745	93.7269372693727	0.872	1.029			
Q06124	6bmw	3-104	247-517	0.981	94.1176470588235	93.3579335793358	0.85	0.949			
Q06124	6bmx	3-104	247-517	0.999	99.0196078431373	95.2029520295203	0.853	1.035			
Q06124	6bmy	3-104	247-517	1.115	95.0980392156863	95.5719557195572	1.157	0.935			
Q06124	6bn5	3-104	247-517	1.3	78.4313725490196	92.2509225092251	1.052	0.921			
Q06124	6cmp	3-104	247-517	1.889	99.0196078431373	92.2509225092251	1.252	1.822			
Q06124	6cmr	3-104	247-517	1.429	96.078431372549	93.3579335793358	0.886	1.389	Closed	Autoinhibited	
Q06124	6cms	3-104	247-517	1.763	96.078431372549	93.3579335793358	1.046	1.853	Closed	Autoinhibited	
Q06124	6crf	3-104	247-517	20.036	96.078431372549	95.5719557195572	1.116	58.638			
Q06124	6crg	3-104	247-517	1.388	83.3333333333333	94.0959409594096	0.969	1.131			
Q06124	6md7	3-104	247-517	1.235	99.0196078431373	95.2029520295203	0.841	0.924			
Q06124	6md9	3-104	247-517	0.968	86.2745098039216	92.619926199262	0.807	0.88			
Q06124	6mda	3-104	247-517	0.968	86.2745098039216	92.619926199262	0.812	0.853			
Q06124	6mdb	3-104	247-517	0.981	97.0588235294118	94.8339483394834	0.837	0.923			
Q06124	6mdc	3-104	247-517	1.132	88.2352941176471	97.4169741697417	1.203	0.77			
Q06124	6mdd	3-104	247-517	0.995	92.156862745098	92.9889298892989	0.783	1.003			
Q06124	6wu8	3-104	247-517	1.548	100	92.9889298892989	1.007	1.552			
Q06124	7emn	3-104	247-517	1.338	93.1372549019608	95.5719557195572	0.94	1.384			
Q06124	7jvm	3-104	247-517	0.968	96.078431372549	95.2029520295203	0.869	0.9			
Q06124	7jvn	3-104	247-517	0.926	90.1960784313726	94.0959409594096	0.829	0.863			
Q06124	7r75	3-104	247-517	1.846	98.0392156862745	93.7269372693727	1.332	1.925	Closed	Autoinhibited	
Q06124	7r7d	3-104	247-517	1.474	97.0588235294118	93.7269372693727	1.175	1.356			
Q06124	7r7i	3-104	247-517	1.444	99.0196078431373	93.7269372693727	1.201	1.573			
Q06124	7r7l	3-104	247-517	1.248	94.1176470588235	96.6789667896679	0.968	1.786			
Q06124	7vxg	3-104	247-517	1.099	89.2156862745098	94.8339483394834	0.968	1.131			
Q06124	7xhq	3-104	247-517	1.002	87.2549019607843	92.2509225092251	0.827	0.91			
Q06124	8b5y	3-104	247-517	1.984	100	96.6789667896679	1.197	2.195			
Q06124	8cbh	3-104	247-517	1.348	95.0980392156863	92.619926199262	0.95	1.131			
Q07343	4wzi	166-281	330-649	1.079	72.4137931034483	97.5	0.899	1.481			
Q07343	4x0f	166-281	330-649	1.155	65.5172413793104	98.4375	0.836	1.866			
Q07889	3ksy	1-198	198-565	2.442	88.8888888888889	96.195652173913	1.697	2.059	Closed	Autoinhibited	
Q08209	1aui	467-491	1-348	2.352	72	96.264367816092	0.997	2.392			
Q09472	5xzc	1520-1581	1287-1663	28.923	100	83.5543766578249	17.946	44.241		Active	
Q13131	4rer	313-392	27-279	2.483	83.75	99.2094861660079	1.295	4.655			
Q13490	3t6p	453-543	571-606	2.844	98.9010989010989	100	0.76	0.936	Closed	Autoinhibited	
Q13554	3bhh	283-292	14-272	1.705	100	98.4555984555985	1.737	0.742			
Q13555	2v7o	283-292	14-272	1.637	100	99.2277992277992	1.367	0.784	Closed	Autoinhibited	
Q13557	2vn9	283-292	14-272	1.907	100	100	1.138	1.012			
Q13557	5vlo	283-292	14-272	1.87	100	98.8416988416988	1.886	1.033			
Q13557	6ayw	283-292	14-272	1.901	100	100	1.905	1.15			
Q14012	4fg8	286-300	20-276	1.319	93.3333333333333	89.4941634241245	1.28	1.214			
Q14012	4fg9	286-300	20-276	3.078	100	89.4941634241245	1.367	2.711			
Q14012	4fgb	286-300	20-276	2.734	93.3333333333333	96.8871595330739	2.78	0.947	Closed	Active	
Q14674	7nj0	711-723,955-974,1393-1400	667-1706,1707-2120	5.868	75.609756097561	75.9972489683631	4.668	5.274			
Q16566	2w4o	305-321	46-300	1.569	100	89.8039215686275	1.574	1.198	Closed	Active	
Q16644	3fhr	307-343	44-304	2.13	100	83.1417624521073	0.994	1.039	Closed	Autoinhibited	
Q16644	3fxw	307-343	44-304	2.151	100	82.3754789272031	1.028	0.991	Closed	Autoinhibited	
Q16644	3r1n	307-343	44-304	1.925	100	83.9080459770115	1.036	1.435	Closed	Autoinhibited	
Q16644	3she	307-343	44-304	1.925	100	82.3754789272031	1.045	1.157	Closed	Autoinhibited	
Q16644	7nrb	307-343	44-304	2.117	100	83.1417624521073	0.962	0.941	Closed	Autoinhibited	
Q3KK31	3pjw	170-390	399-648	1.582	77.3755656108597	97.2	1.242	2.152			
Q3KK31	3pjx	170-390	399-648	1.031	77.3755656108597	97.2	1.081	1.13			
Q3UH93	5v6t	1294-1403,1527-1698	1404-1526,1699-1925	3.317	62.0567375886525	97.4285714285714	2.872	1.986			
Q3UP24	6b5b	356-463,578-1020	95-298	17.981	95.2813067150635	100	2.096	63.698			
Q58719	3av0	290-330	1-289	10.69	100	100	1.302	14.063	Open	Active	
Q58719	5dny	290-330	1-289	9.649	65.8536585365854	100	1.598	12.374			
Q58719	5f3w	290-330	1-289	9.658	65.8536585365854	100	1.596	12.391			
Q5EGY4	3kyq	8-131	138-198	1.299	100	90.1639344262295	1.458	1.334	Closed	Autoinhibited	
Q5Y4Y6	5b5r	240-464	1-239	3.835	88	85.3556485355649	2.875	5.555	Closed	Autoinhibited	
Q63450	1a06	285-316	20-276	2.489	100	89.1050583657588	2.359	3.587	Closed	Autoinhibited	
Q6GQQ9	5lru	187-193	194-365	5.881	100	85.4651162790698	1.853	3.963	Open	Autoinhibited	
Q6GQQ9	5lrv	187-193	194-365	7.022	100	87.2093023255814	2.561	1.809	Closed	Active	
Q6PHZ2	6bab	283-292	14-272	2.182	100	100	2.224	0.94			
Q6SZW1	6wpk	560-703,382-385,375-399,281-331	244-269,134-173,162-197,402-476,412-484	4.585	71.8181818181818	97.6878612716763	1.793	4.223			
Q6SZW1	6zfx	560-703,382-385,375-399,281-331	244-269,134-173,162-197,402-476,412-484	2.613	98.1818181818182	100	1.368	4.519			
Q6SZW1	7anw	560-703,382-385,375-399,281-331	244-269,134-173,162-197,402-476,412-484	1.92	98.1818181818182	100	0.943	3.273			
Q6SZW1	7cm5	560-703,382-385,375-399,281-331	244-269,134-173,162-197,402-476,412-484	1.826	90.4545454545454	100	1.07	3.051			
Q6SZW1	7cm6	560-703,382-385,375-399,281-331	244-269,134-173,162-197,402-476,412-484	1.709	90.9090909090909	100	1.016	2.948			
Q6SZW1	7cm7	560-703,382-385,375-399,281-331	244-269,134-173,162-197,402-476,412-484	1.874	94.5454545454546	100	1.012	3.516			
Q6SZW1	7djt	560-703,382-385,375-399,281-331	244-269,134-173,162-197,402-476,412-484	2.544	99.0909090909091	100	1.294	4.285			
Q6SZW1	7knq	560-703,382-385,375-399,281-331	244-269,134-173,162-197,402-476,412-484	22.242	91.8181818181818	100	2.528	52.996			
Q6SZW1	7ld0	560-703,382-385,375-399,281-331	244-269,134-173,162-197,402-476,412-484	2.445	81.8181818181818	100	1.571	3.437			
Q6SZW1	7qg0	560-703,382-385,375-399,281-331	244-269,134-173,162-197,402-476,412-484	2.097	94.5454545454546	100	1.148	3.464			
Q83RJ4	3cvr	58-260	279-571	3.201	94.0886699507389	80.5460750853242	1.874	7.121	Open	Autoinhibited	
Q86VW2	2rgn	348-472	155-347	1.555	88	100	1.527	1.49			
Q86WJ1	7epu	704-897	351-513	24.842	82.9896907216495	85.2760736196319	6.41	25.112			
Q8IU85	2jc6	279-319	23-278	2.887	85.3658536585366	90.234375	1.782	5.663			
Q8IU85	6t6f	279-319	23-278	6.048	65.8536585365854	94.140625	1.514	4.391			
Q8IXJ6	1j8f	320-352	65-319	10.918	100	100	3.188	1.575			
Q8IXJ6	3zgo	320-352	65-319	4.034	100	99.6078431372549	3.192	1.661			
Q8IXJ6	3zgv	320-352	65-319	2.638	100	99.2156862745098	2.683	1.74			
Q8IXJ6	4l3o	320-352	65-319	2.809	100	98.0392156862745	2.993	1.263			
Q8IXJ6	4r8m	320-352	65-319	1.719	100	94.1176470588235	1.802	1.251			
Q8IXJ6	4rmg	320-352	65-319	2.278	100	97.6470588235294	2.385	0.942	Closed	Active	
Q8IXJ6	4rmh	320-352	65-319	2.263	100	96.4705882352941	2.297	0.923	Closed	Active	
Q8IXJ6	4rmi	320-352	65-319	1.642	100	91.3725490196078	1.631	0.959	Closed	Active	
Q8IXJ6	4rmj	320-352	65-319	2.623	100	100	2.651	1.574			
Q8IXJ6	4x3o	320-352	65-319	1.269	100	97.6470588235294	1.309	0.878	Closed	Active	
Q8IXJ6	4x3p	320-352	65-319	1.378	100	97.2549019607843	1.428	0.873	Closed	Active	
Q8IXJ6	5d7o	320-352	65-319	2.537	100	100	2.582	1.661			
Q8IXJ6	5d7p	320-352	65-319	2.7	100	100	2.739	1.936			
Q8IXJ6	5d7q	320-352	65-319	2.684	100	100	2.714	1.685			
Q8IXJ6	5dy4	320-352	65-319	2.44	100	98.8235294117647	2.562	0.903	Closed	Active	
Q8IXJ6	5dy5	320-352	65-319	2.304	100	98.4313725490196	2.42	0.982	Closed	Active	
Q8IXJ6	5fyq	320-352	65-319	2.005	100	92.5490196078431	2.113	0.982			
Q8IXJ6	5g4c	320-352	65-319	1.51	100	94.9019607843137	1.472	1.409			
Q8IXJ6	5mar	320-352	65-319	2.749	100	100	2.754	1.869			
Q8IXJ6	5mat	320-352	65-319	2.383	100	99.2156862745098	2.539	0.963			
Q8IXJ6	5yql	320-352	65-319	1.937	100	96.078431372549	1.909	0.879	Closed	Active	
Q8IXJ6	5yqm	320-352	65-319	1.852	100	95.6862745098039	1.799	0.856	Closed	Active	
Q8IXJ6	5yqn	320-352	65-319	1.737	100	92.9411764705882	1.634	0.894	Closed	Active	
Q8IXJ6	5yqo	320-352	65-319	1.704	100	92.9411764705882	1.602	0.879	Closed	Active	
Q8IXJ6	6l65	320-352	65-319	1.996	100	94.5098039215686	2.112	0.84	Closed	Active	
Q8IXJ6	6l66	320-352	65-319	1.392	100	97.2549019607843	1.43	0.867	Closed	Active	
Q8IXJ6	6l71	320-352	65-319	1.324	100	97.2549019607843	1.383	0.825	Closed	Active	
Q8IXJ6	6l72	320-352	65-319	1.391	100	97.6470588235294	1.417	0.846	Closed	Active	
Q8IXJ6	6nr0	320-352	65-319	1.325	100	95.6862745098039	1.32	0.884			
Q8IXJ6	6qcn	320-352	65-319	2.637	100	100	2.659	1.828			
Q8NB16	2msv	133-150	1-124	3.879	100	99.1935483870968	2.973	3.511	Closed	Autoinhibited	
Q8NB16	6d74	133-150	1-124	3.946	100	100	3.048	3.711	Closed	Autoinhibited	
Q8NB16	6ux8	133-150	1-124	2.355	100	99.1935483870968	1.977	1.968	Closed	Autoinhibited	
Q8NB16	6zle	133-150	1-124	3.438	100	99.1935483870968	2.986	3.876	Closed	Autoinhibited	
Q8NB16	6zpr	133-150	1-124	3.833	100	99.1935483870968	3.461	3.986	Closed	Autoinhibited	
Q8NB16	6zvo	133-150	1-124	2.364	94.4444444444444	96.7741935483871	2.137	1.655			
Q8NB16	6zz1	133-150	1-124	2.016	100	96.7741935483871	1.998	1.529			
Q8NB16	7nm2	133-150	1-124	3.668	100	99.1935483870968	2.963	2.734	Closed	Autoinhibited	
Q8NB16	7nm4	133-150	1-124	3.385	100	99.1935483870968	3.086	3.397	Closed	Autoinhibited	
Q8NB16	7nm5	133-150	1-124	3.182	100	99.1935483870968	2.817	3.31	Closed	Autoinhibited	
Q8NI60	4ped	276-279	329-518	2.99	100	96.8421052631579	2.299	2.189	Closed	Autoinhibited	
Q8NI60	5i35	276-279	329-518	2.731	100	96.8421052631579	2.231	1.889	Closed	Autoinhibited	
Q8NI60	7udp	276-279	329-518	2.226	100	98.9473684210526	1.639	1.366			
Q8NI60	7udq	276-279	329-518	2.636	100	97.8947368421053	1.99	0.956			
Q8NQJ3	2kb3	1-40	68-117	15.371	97.5	100	2.552	29.829	Closed	Autoinhibited	
Q8NQJ3	2kb4	1-40	68-117	30.77	100	100	2.45	61.982	Open	Active	
Q8R4B8	7lfh	741-990	216-532	13.46	100	98.4227129337539	8.273	45.842			
Q8R4B8	7vtq	741-990	216-532	13.366	100	94.006309148265	6.638	47.24			
Q8RT31	1xsz	201-354	1-190	1.505	99.3506493506494	99.4736842105263	0.995	2.147			
Q8RT31	4c7p	201-354	1-190	1.401	94.8051948051948	99.4736842105263	1.127	1.762	Closed	Autoinhibited	
Q91VS8	4gzu	728-745,755-1026	536-727	1.234	81.0344827586207	98.9583333333333	1.156	1.411			
Q95PM0	7avm	96-113	126-342	1.546	100	99.0783410138249	0.798	4.33		Autoinhibited	
Q96BN8	3znv	330-340	129-341	1.666	100	94.8356807511737	1.662	1.208	Closed	Autoinhibited	
Q96BN8	3znx	330-340	129-341	1.06	90.9090909090909	91.0798122065728	0.88	1.59	Closed	Active	
Q96BN8	3znz	330-340	129-341	2.695	100	90.6103286384976	1.302	2.397	Closed	Active	
Q96BN8	4ksj	330-340	129-341	1.224	100	88.2629107981221	0.882	1.104	Closed	Autoinhibited	
Q96BN8	4ksk	330-340	129-341	1.216	100	90.1408450704225	0.932	1.165			
Q96BN8	4ksl	330-340	129-341	2.087	100	91.0798122065728	1.657	2.432			
Q96BN8	5oe7	330-340	129-341	2.113	100	91.5492957746479	1.281	2.383	Closed	Active	
Q96BN8	6i9c	330-340	129-341	1.236	100	90.6103286384976	1.132	1.472	Closed	Active	
Q96BN8	6sak	330-340	129-341	1.24	100	94.3661971830986	0.934	1.802			
Q96FI4	1tdh	244-245	220-280	1.587	100	95.0819672131148	0.761	0.506	Closed	Active	
Q96FI4	4nrv	244-245	220-280	1.423	100	96.7213114754098	0.788	0.404	Closed	Active	
Q96FI4	5itq	244-245	220-280	1.737	100	95.0819672131148	0.86	0.634	Closed	Active	
Q96FI4	5itr	244-245	220-280	1.908	100	90.1639344262295	3.573	11.562			
Q96FI4	5itt	244-245	220-280	1.885	100	91.8032786885246	3.515	11.641			
Q96FI4	5itu	244-245	220-280	1.908	100	91.8032786885246	3.614	11.502			
Q96FI4	6lwd	244-245	220-280	1.304	100	91.8032786885246	1.999	2.83			
Q96FI4	6lwf	244-245	220-280	1.508	100	88.5245901639344	2.54	3.125			
Q96FI4	6lwg	244-245	220-280	1.324	100	90.1639344262295	2.053	2.806			
Q96FI4	6lwi	244-245	220-280	1.723	100	90.1639344262295	3.213	11.714			
Q96FI4	6lwk	244-245	220-280	1.734	100	91.8032786885246	3.223	11.78			
Q96FI4	6lwl	244-245	220-280	1.702	100	91.8032786885246	3.156	11.74			
Q96FI4	6lwn	244-245	220-280	1.257	100	90.1639344262295	1.967	2.614			
Q96FI4	6lwq	244-245	220-280	1.664	100	91.8032786885246	3.112	11.581			
Q96FI4	6lwr	244-245	220-280	1.524	100	93.4426229508197	2.605	3.071			
Q96NX5	2jam	277-317	23-276	4.42	63.4146341463415	97.6377952755906	4.616	2.45			
Q96P20	6npy	740-991	220-536	20.993	100	98.4227129337539	15.766	77.935	Open	Autoinhibited	
Q96P20	7pzc	740-991	220-536	37.197	100	100	16.214	80.408			
Q96P20	7vtp	740-991	220-536	22.263	100	94.6372239747634	14.386	80.422			
Q96P20	7zgu	740-991	220-536	21.005	100	98.4227129337539	15.636	78.651			
Q96P20	8ej4	740-991	220-536	4.759	100	100	1.857	6.447			
Q96RD7	6m02	412-426	1-287	11.566	86.6666666666667	87.8048780487805	11.36	27.251			
Q96RU8	5cem	355-360	1-338	4.846	66.6666666666667	71.0059171597633	4.89	4.904			
Q9BYP7	5o2c	440-463	147-405	10.005	100	100	2.379	23.154	Closed		
Q9BZ95	5upd	1145-1258	1258-1273	1.26	100	75	3.812	0.957			
Q9BZ95	6cen	1145-1258	1258-1273	3.089	100	81.25	3.384	1.816		Active	
Q9C000	7wge	809-973	328-637	7.679	100	100	2.588	19.991			
Q9D8T2	6n9n	279-469	1-273	8.014	95.2879581151833	66.3003663003663	10.619	10.729			
Q9H7B4	3mek	280-428	4-240	0.756	93.2885906040268	97.0464135021097	0.783	0.721	Closed	Active	
Q9H7B4	3oxf	280-428	4-240	1.31	100	99.1561181434599	1.103	1.686			
Q9H7B4	3oxg	280-428	4-240	1.408	98.6577181208054	99.1561181434599	1.121	1.92	Closed	Active	
Q9H7B4	3oxl	280-428	4-240	1.593	98.6577181208054	99.1561181434599	1.329	1.972	Closed	Active	
Q9H7B4	3pdn	280-428	4-240	0.786	99.3288590604027	99.1561181434599	0.809	0.75	Closed	Active	
Q9H7B4	3qwp	280-428	4-240	0.769	99.3288590604027	99.1561181434599	0.754	0.812	Closed	Active	
Q9H7B4	3ru0	280-428	4-240	1.281	100	99.57805907173	1.035	1.646			
Q9H7B4	5ccl	280-428	4-240	0.979	99.3288590604027	99.57805907173	0.921	1.14	Closed	Active	
Q9H7B4	5ccm	280-428	4-240	0.802	97.9865771812081	99.57805907173	0.849	0.76	Closed	Active	
Q9H7B4	5ex0	280-428	4-240	1.686	100	99.1561181434599	1.264	2.554	Closed	Active	
Q9H7B4	5ex3	280-428	4-240	1.815	100	99.1561181434599	1.345	2.76	Closed	Active	
Q9H7B4	5hi7	280-428	4-240	0.879	100	99.57805907173	0.984	0.736	Closed	Active	
Q9H7B4	5hq8	280-428	4-240	1.246	100	99.57805907173	1.065	1.52			
Q9H7B4	5v37	280-428	4-240	0.918	98.6577181208054	99.57805907173	0.947	0.966	Closed	Active	
Q9H7B4	5yjo	280-428	4-240	0.723	97.9865771812081	99.1561181434599	0.731	0.752	Closed	Active	
Q9H7B4	6ijl	280-428	4-240	0.878	97.9865771812081	99.1561181434599	0.898	0.857	Closed	Active	
Q9H7B4	6o9o	280-428	4-240	0.712	100	99.57805907173	0.683	0.774	Closed	Active	
Q9H7B4	6p6g	280-428	4-240	0.712	100	99.57805907173	0.683	0.774	Closed	Active	
Q9H7B4	6p6k	280-428	4-240	0.903	100	98.7341772151899	0.866	1.163	Closed	Active	
Q9H7B4	6p7z	280-428	4-240	0.807	100	99.1561181434599	0.82	0.828	Closed	Active	
Q9H7B4	6paf	280-428	4-240	0.737	100	98.3122362869198	0.737	0.785	Closed	Active	
Q9H7B4	6yuh	280-428	4-240	0.889	99.3288590604027	99.1561181434599	0.908	0.884	Closed	Active	
Q9H7B4	6zrb	280-428	4-240	0.823	99.3288590604027	99.1561181434599	0.855	0.821	Closed	Active	
Q9H7B4	7bj1	280-428	4-240	0.823	100	99.1561181434599	0.831	0.866	Closed	Active	
Q9H7B4	7o2a	280-428	4-240	0.818	100	99.1561181434599	0.85	0.821	Closed	Active	
Q9H7B4	7o2b	280-428	4-240	0.852	100	99.1561181434599	0.902	0.815	Closed	Active	
Q9H7B4	7o2c	280-428	4-240	0.819	100	99.1561181434599	0.841	0.79	Closed	Active	
Q9H7B4	7qa6	280-428	4-240	0.84	100	99.1561181434599	0.831	0.898			
Q9H7B4	7qlb	280-428	4-240	0.835	100	99.1561181434599	0.857	0.851			
Q9H7B4	7qnr	280-428	4-240	0.872	100	99.1561181434599	0.91	0.844			
Q9H7B4	7qnu	280-428	4-240	0.875	100	99.1561181434599	0.919	0.86			
Q9JK66	4k7d	141-225,378-410	226-377,410-465	1.689	84.7457627118644	98.0769230769231	1.516	1.796			
Q9JK66	4k95	141-225,378-410	226-377,410-465	2.083	83.8983050847458	97.5961538461538	1.696	2.189			
Q9JK66	4zyn	141-225,378-410	226-377,410-465	3.009	90.6779661016949	89.4230769230769	1.431	2.324			
Q9JK66	7us1	141-225,378-410	226-377,410-465	9.006	71.1864406779661	72.5961538461538	5.262	10.067			
Q9P246	2l5y	67-102	136-204	3.949	100	100	3.109	3.885	Closed	Autoinhibited	
Q9UGN5	3kcz	231-348	356-538	1.84	96.6101694915254	99.4535519125683	0.918	1.341			
Q9UGN5	3kjd	231-348	356-538	1.044	96.6101694915254	99.4535519125683	0.867	1.347			
Q9UGN5	4pjv	231-348	356-538	0.968	94.0677966101695	99.4535519125683	0.911	1.118			
Q9UGN5	4tvj	231-348	356-538	1.911	96.6101694915254	99.4535519125683	0.902	1.574			
Q9UGN5	4zzx	231-348	356-538	1.177	100	100	0.85	1.454			
Q9UGN5	4zzy	231-348	356-538	1.954	100	100	0.933	2.92	Closed		
Q9UGN5	7aeo	231-348	356-538	9.124	91.5254237288136	100	1.131	18.207	Open	Active	
Q9UGN5	7r59	231-348	356-538	1.219	96.6101694915254	99.4535519125683	0.96	1.716			
Q9UIK4	1wmk	292-301	23-285	1.299	100	100	1.118	1.206			
Q9UIK4	1z9x	292-301	23-285	1.149	100	99.2395437262358	1.079	1.184			
Q9UIK4	2a27	292-301	23-285	1.164	100	100	1.036	1.07			
Q9UIK4	2a2a	292-301	23-285	1.203	100	99.2395437262358	1.108	1.176			
Q9UIK4	2cke	292-301	23-285	1.114	100	99.2395437262358	1.026	1.202			
Q9UIK4	6paw	292-301	23-285	4.593	100	99.2395437262358	1.127	1.063			
Q9UM73	2xb7	1279-1288,1158-1173	1116-1157,1174-1278,1289-1392	1.069	61.5384615384615	95.6175298804781	1.02	1.022			
Q9UM73	2xba	1279-1288,1158-1173	1116-1157,1174-1278,1289-1392	1.736	61.5384615384615	94.4223107569721	1.467	1.047			
Q9UM73	2yhv	1279-1288,1158-1173	1116-1157,1174-1278,1289-1392	2.006	76.9230769230769	95.2191235059761	1.728	3.847			
Q9UM73	2yjr	1279-1288,1158-1173	1116-1157,1174-1278,1289-1392	1.525	65.3846153846154	94.8207171314741	1.19	2.838			
Q9UM73	2yjs	1279-1288,1158-1173	1116-1157,1174-1278,1289-1392	1.819	69.2307692307692	95.2191235059761	1.592	2.173			
Q9UM73	3aox	1279-1288,1158-1173	1116-1157,1174-1278,1289-1392	1.964	73.0769230769231	95.6175298804781	1.475	3.725			
Q9UM73	3l9p	1279-1288,1158-1173	1116-1157,1174-1278,1289-1392	2.581	96.1538461538462	98.00796812749	1.843	6.57		Autoinhibited	
Q9UM73	3lcs	1279-1288,1158-1173	1116-1157,1174-1278,1289-1392	3.069	96.1538461538462	100	2.6	7.211		Autoinhibited	
Q9UM73	3lct	1279-1288,1158-1173	1116-1157,1174-1278,1289-1392	2.813	96.1538461538462	100	2.403	6.526		Autoinhibited	
Q9UM73	4anl	1279-1288,1158-1173	1116-1157,1174-1278,1289-1392	1.979	76.9230769230769	95.6175298804781	1.685	3.786			
Q9UM73	4anq	1279-1288,1158-1173	1116-1157,1174-1278,1289-1392	1.983	76.9230769230769	95.6175298804781	1.719	3.812			
Q9UM73	4ans	1279-1288,1158-1173	1116-1157,1174-1278,1289-1392	1.997	76.9230769230769	95.2191235059761	1.738	3.816			
Q9UM73	4ccb	1279-1288,1158-1173	1116-1157,1174-1278,1289-1392	1.902	69.2307692307692	96.0159362549801	1.556	3.517			
Q9UM73	4ccu	1279-1288,1158-1173	1116-1157,1174-1278,1289-1392	1.989	76.9230769230769	95.6175298804781	1.548	3.887			
Q9UM73	4cd0	1279-1288,1158-1173	1116-1157,1174-1278,1289-1392	2.016	76.9230769230769	96.8127490039841	1.813	3.755			
Q9UM73	4cli	1279-1288,1158-1173	1116-1157,1174-1278,1289-1392	2.02	76.9230769230769	96.8127490039841	1.763	3.953			
Q9UM73	4clj	1279-1288,1158-1173	1116-1157,1174-1278,1289-1392	2.009	76.9230769230769	96.8127490039841	1.84	3.749			
Q9UM73	4cmo	1279-1288,1158-1173	1116-1157,1174-1278,1289-1392	2.005	76.9230769230769	96.8127490039841	1.723	3.92			
Q9UM73	4cmt	1279-1288,1158-1173	1116-1157,1174-1278,1289-1392	1.876	69.2307692307692	94.8207171314741	1.492	3.491			
Q9UM73	4cmu	1279-1288,1158-1173	1116-1157,1174-1278,1289-1392	2	76.9230769230769	96.8127490039841	1.739	3.879			
Q9UM73	4cnh	1279-1288,1158-1173	1116-1157,1174-1278,1289-1392	1.88	65.3846153846154	94.4223107569721	1.554	3.299			
Q9UM73	4ctb	1279-1288,1158-1173	1116-1157,1174-1278,1289-1392	1.998	76.9230769230769	95.6175298804781	1.665	3.911			
Q9UM73	4ctc	1279-1288,1158-1173	1116-1157,1174-1278,1289-1392	1.709	73.0769230769231	94.8207171314741	1.426	2.575			
Q9UM73	4dce	1279-1288,1158-1173	1116-1157,1174-1278,1289-1392	1.176	69.2307692307692	94.4223107569721	1.052	2.073			
Q9UM73	4fnw	1279-1288,1158-1173	1116-1157,1174-1278,1289-1392	2.212	69.2307692307692	95.6175298804781	1.453	3.381			
Q9UM73	4fnx	1279-1288,1158-1173	1116-1157,1174-1278,1289-1392	2.069	65.3846153846154	95.2191235059761	1.75	1.688			
Q9UM73	4fny	1279-1288,1158-1173	1116-1157,1174-1278,1289-1392	1.935	65.3846153846154	92.0318725099602	1.329	2.96			
Q9UM73	4fnz	1279-1288,1158-1173	1116-1157,1174-1278,1289-1392	1.138	65.3846153846154	94.4223107569721	0.996	2.004			
Q9UM73	4fob	1279-1288,1158-1173	1116-1157,1174-1278,1289-1392	1.964	76.9230769230769	96.4143426294821	1.605	3.831			
Q9UM73	4foc	1279-1288,1158-1173	1116-1157,1174-1278,1289-1392	1.854	69.2307692307692	97.6095617529881	1.517	3.31			
Q9UM73	4fod	1279-1288,1158-1173	1116-1157,1174-1278,1289-1392	2.034	73.0769230769231	97.6095617529881	1.636	3.709			
Q9UM73	4mkc	1279-1288,1158-1173	1116-1157,1174-1278,1289-1392	2.534	96.1538461538462	97.6095617529881	1.617	6.7		Autoinhibited	
Q9UM73	4tt7	1279-1288,1158-1173	1116-1157,1174-1278,1289-1392	2.29	92.3076923076923	94.4223107569721	1.511	5.865		Autoinhibited	
Q9UM73	4z55	1279-1288,1158-1173	1116-1157,1174-1278,1289-1392	2.142	92.3076923076923	95.2191235059761	1.466	5.253		Autoinhibited	
Q9UM73	5a9u	1279-1288,1158-1173	1116-1157,1174-1278,1289-1392	1.984	76.9230769230769	95.2191235059761	1.596	3.834			
Q9UM73	5aa8	1279-1288,1158-1173	1116-1157,1174-1278,1289-1392	1.999	76.9230769230769	94.8207171314741	1.613	3.921			
Q9UM73	5aa9	1279-1288,1158-1173	1116-1157,1174-1278,1289-1392	2.036	76.9230769230769	96.4143426294821	1.839	3.819			
Q9UM73	5aaa	1279-1288,1158-1173	1116-1157,1174-1278,1289-1392	1.992	76.9230769230769	96.4143426294821	1.767	3.774			
Q9UM73	5aab	1279-1288,1158-1173	1116-1157,1174-1278,1289-1392	2.012	76.9230769230769	95.2191235059761	1.63	4.013			
Q9UM73	5aac	1279-1288,1158-1173	1116-1157,1174-1278,1289-1392	1.979	76.9230769230769	95.2191235059761	1.59	3.886			
Q9UM73	5fto	1279-1288,1158-1173	1116-1157,1174-1278,1289-1392	1.994	73.0769230769231	98.406374501992	2.036	2.788			
Q9UM73	5ftq	1279-1288,1158-1173	1116-1157,1174-1278,1289-1392	1.963	69.2307692307692	96.8127490039841	1.873	3.365			
Q9UM73	5iug	1279-1288,1158-1173	1116-1157,1174-1278,1289-1392	2.495	69.2307692307692	92.4302788844621	1.356	2.888			
Q9UM73	5iuh	1279-1288,1158-1173	1116-1157,1174-1278,1289-1392	2.497	65.3846153846154	92.8286852589642	1.377	2.625			
Q9UM73	5iui	1279-1288,1158-1173	1116-1157,1174-1278,1289-1392	2.152	80.7692307692308	98.406374501992	2.103	4.081		Autoinhibited	
Q9UM73	5kz0	1279-1288,1158-1173	1116-1157,1174-1278,1289-1392	1.743	73.0769230769231	96.4143426294821	1.645	2.547			
Q9UM73	6cdt	1279-1288,1158-1173	1116-1157,1174-1278,1289-1392	1.987	76.9230769230769	96.0159362549801	1.712	3.832			
Q9UM73	6e0r	1279-1288,1158-1173	1116-1157,1174-1278,1289-1392	1.908	61.5384615384615	95.2191235059761	1.512	1.404			
Q9UM73	6ebw	1279-1288,1158-1173	1116-1157,1174-1278,1289-1392	1.336	61.5384615384615	94.4223107569721	1.208	1.281			
Q9UM73	6edl	1279-1288,1158-1173	1116-1157,1174-1278,1289-1392	1.205	65.3846153846154	93.6254980079681	0.973	1.901			
Q9UM73	6mx8	1279-1288,1158-1173	1116-1157,1174-1278,1289-1392	1.074	65.3846153846154	93.6254980079681	0.971	1.764			
Q9UM73	7btt	1279-1288,1158-1173	1116-1157,1174-1278,1289-1392	2.409	96.1538461538462	98.00796812749	1.723	5.891		Autoinhibited	
Q9UM73	7jy4	1279-1288,1158-1173	1116-1157,1174-1278,1289-1392	1.866	73.0769230769231	97.211155378486	1.672	2.549			
Q9UM73	7jyr	1279-1288,1158-1173	1116-1157,1174-1278,1289-1392	1.836	73.0769230769231	95.6175298804781	1.697	2.547			
Q9UM73	7jys	1279-1288,1158-1173	1116-1157,1174-1278,1289-1392	1.825	73.0769230769231	93.2270916334661	1.481	2.51			
Q9UM73	7jyt	1279-1288,1158-1173	1116-1157,1174-1278,1289-1392	1.82	73.0769230769231	93.2270916334661	1.488	2.6			
Q9UM73	7r7k	1279-1288,1158-1173	1116-1157,1174-1278,1289-1392	1.921	76.9230769230769	95.6175298804781	1.487	3.901			
Q9UM73	7r7r	1279-1288,1158-1173	1116-1157,1174-1278,1289-1392	1.827	73.0769230769231	95.6175298804781	1.555	2.546			
Q9UM73	8arj	1279-1288,1158-1173	1116-1157,1174-1278,1289-1392	1.673	73.0769230769231	94.0239043824701	1.398	2.72			
Q9Y490	6r9t	1654-2344	86-403	33.033	100	60.062893081761	3.839	99.059			
Q9Y4F1	4h6y	759-1029	540-730	1.22	73.4317343173432	90.0523560209424	1.024	1.41			
Q9Y4X5	4kbl	408-557	339-392	3.94	91.3333333333333	100	1.363	1.435			
Q9Y4X5	4kc9	408-557	339-392	2.636	93.3333333333333	96.2962962962963	1.111	1.539	Closed	Autoinhibited	
Q9Y4X5	5udh	408-557	339-392	2.127	95.3333333333334	100	1.066	1.307			
Q9Y6K1	4u7p	476-626	634-912	15.705	100	95.3405017921147	1.385	47.33		Autoinhibited	
Q9Y6K1	4u7t	476-626	634-912	1.245	93.3774834437086	95.6989247311828	1.276	1.268			
Q9Z0R4	3jv3	1151-1203	1230-1416	9.812	100	100	1.323	22.071			
