uniprot	region_1	region_2	region_1_len	region_2_len	pdb	pdb_length	resolution	model	chain	label_offset	pdb residues in region_1	pdb residues in region_2	percent_region_1	percent_region_2	gt_fn	pred_fn	pdb_mutations	interacting_residue_pairs	interface_residues	number_interface_residues
Q72AS4	52-205	237-315	154	79	6z8o	277	2.2	0	A	-34	154	79	100.0	100.0	6z8o.cif	AF-Q72AS4-F1-model_v4.cif	?	(154,307),(158,304),(193,302),(190,237),(154,304),(191,237),(198,284),(58,286),(63,288),(199,280),(161,307),(163,309),(196,285),(189,237),(199,303),(158,305),(154,302),(154,305),(194,302),(196,287),(193,307),(196,286),(164,308),(199,237),(199,284),(191,303),(192,302),(199,281),(194,286),(196,284),(160,308),(197,286),(192,303),(164,309),(158,303),(199,279),(154,303),(165,309),(61,287),(161,308),(195,286),(160,307),(199,286)	279,280,281,154,284,285,286,158,288,161,287,163,164,160,165,302,303,304,305,307,308,309,61,58,189,190,63,191,193,194,192,196,197,198,199,195,237	37.0
P14677	632-691	692-750	60	59	1qme	557	2.4	0	A	-48	60	59	100.0	100.0	1qme.cif	AF-P14677-F1-model_v4.cif	?	(689,714),(691,693),(661,706),(665,692),(671,713),(661,702),(664,693),(689,693),(687,709),(663,702),(687,713),(687,706),(666,692),(687,702),(687,710),(672,713),(691,692),(690,693),(663,710),(685,706),(663,693),(664,692),(685,702),(673,709),(685,703),(688,713),(663,714),(665,693),(673,713),(689,713),(689,710),(690,692),(663,697),(663,692),(685,701)	661,663,664,665,666,671,672,673,685,687,688,689,690,691,692,693,697,701,702,703,706,709,710,713,714	25.0
A0A0H2WY27	56-288	317-382	233	66	7kcy	361	1.85	0	A	-16	233	66	100.0	100.0	7kcy.cif	AF-A0A0H2WY27-F1-model_v4.cif	?	(213,370),(206,369),(169,371),(170,371),(59,369),(62,342),(61,368),(59,370),(209,370),(206,368),(279,342),(59,368),(278,317),(58,377),(210,374),(60,369),(61,370),(58,375),(206,370),(58,317),(60,367),(278,340),(213,374),(210,370),(58,342),(60,368),(57,374),(60,365),(64,368),(210,371),(60,370),(279,317),(60,341),(217,374),(214,374),(58,374),(56,342),(60,342),(169,373),(59,374),(61,369),(58,369)	278,279,169,170,56,57,58,59,60,317,61,62,64,206,209,210,340,213,342,341,214,217,365,367,368,369,370,371,373,374,375,377	32.0
Q8GN86	9-407	416-491	399	76	3cw9	503	2.0	0	A	0	399	76	100.0	100.0	3cw9.cif	AF-Q8GN86-F1-model_v4.cif	?	(88,474),(92,474),(256,438),(406,441),(287,438),(285,441),(89,471),(405,444),(406,442),(256,439),(89,469),(253,441),(285,437),(405,433),(407,443),(89,470),(260,439),(291,438),(405,432),(285,438),(89,467),(87,472),(87,473),(85,473),(88,473),(407,442),(89,465),(88,471),(406,440),(166,419),(404,442),(89,468),(405,442),(89,472),(253,440),(87,471),(257,439),(89,466),(162,416),(92,471),(407,440),(288,438),(252,439),(407,444),(165,419),(405,434),(253,439),(92,469)	256,257,260,404,405,406,407,285,287,416,288,162,291,419,165,166,85,432,433,434,437,438,439,440,441,442,443,444,465,466,467,468,469,470,471,88,89,474,87,92,472,473,252,253	44.0
Q51504	58-207	247-546	150	300	4l0l	501	2.1	0	A	-42	150	290	100.0	96.66666666666667	4l0l.cif	AF-Q51504-F1-model_v4.cif	?	(153,271),(155,270),(176,281),(178,437),(166,268),(158,268),(169,273),(180,384),(68,439),(163,282),(164,436),(163,283),(164,262),(159,267),(68,260),(167,276),(67,438),(68,258),(159,268),(177,383),(175,281),(155,271),(176,268),(162,270),(159,269),(181,382),(168,273),(158,271),(181,383),(152,272),(160,267),(164,283),(158,269),(181,381),(167,270),(170,273),(178,436),(164,383),(152,273),(163,268),(163,281),(160,263),(175,276),(68,438),(163,266),(163,280),(181,384),(166,270),(158,270),(69,438),(162,268),(154,271),(156,271),(163,267),(163,264),(167,273),(163,262),(167,268),(162,267),(152,271),(182,437),(178,383),(159,270)	384,258,260,262,263,154,264,266,267,268,269,270,271,272,273,276,152,281,153,282,155,283,158,159,160,280,162,163,164,156,166,167,168,169,170,175,176,177,178,180,437,436,439,438,181,182,67,68,69,381,382,383	52.0
D9N168	3-169	336-543	167	208	4o0i	577	2.203	0	A	1	167	207	100.0	99.51923076923077	4o0i.cif	AF-D9N168-F1-model_v4.cif	?	(104,475),(167,475),(102,508),(106,474),(102,472),(106,473),(105,475),(103,472),(103,473)	102,167,104,105,106,103,472,473,474,475,508	11.0
O16025	374-490	491-1066	117	576	3dy5	1000	3.51	0	A	0	108	526	92.3076923076923	91.31944444444444	3dy5.cif	AF-O16025-F1-model_v4.cif	?	(490,784),(440,504),(477,773),(472,1019),(386,545),(477,508),(474,1017),(477,778),(476,1015),(490,1018),(387,545),(486,505),(490,491),(481,511),(476,787),(477,512),(476,1016),(437,498),(484,778),(490,882),(476,1014),(490,780),(477,540),(478,540),(486,508),(475,787),(490,1020),(477,787),(484,504),(488,1019),(486,501),(488,784),(404,500),(386,539),(438,504),(385,1008),(387,539),(478,539),(489,1019),(437,500),(454,539),(438,500),(483,508),(489,491),(480,539),(386,546),(486,778),(486,779),(490,779),(489,1020),(486,504),(399,500),(385,546),(488,1017),(476,1017),(490,781),(437,501),(484,508),(385,544),(386,549),(452,539),(475,1017),(438,501),(490,492),(474,1019),(459,1019),(474,784)	512,385,386,387,773,778,779,780,1020,781,399,784,787,404,539,540,544,545,546,549,437,438,440,452,454,459,472,1016,474,475,476,477,478,480,481,483,484,486,488,489,490,491,492,505,1008,498,882,500,501,1014,1015,504,1017,1018,1019,508,511	57.0
A0A140DJY3	32-436	445-522	405	78	5wm5	531	1.797	0	A	20	405	76	100.0	97.43589743589743	5wm5.cif	AF-A0A140DJY3-F1-model_v4.cif	?	(429,471),(196,445),(432,447),(433,471),(109,501),(434,463),(436,469),(285,468),(435,471),(434,472),(113,498),(309,469),(114,501),(436,471),(109,503),(434,473),(113,499),(110,503),(282,469),(429,463),(435,469),(111,500),(114,499),(436,503),(196,448),(113,445),(110,501),(435,470),(434,474),(114,445),(113,449),(434,461),(107,503),(197,445),(436,505),(192,445),(436,507),(434,471),(114,504),(434,462),(111,501),(282,468),(198,445),(195,445),(113,500),(112,498),(110,504),(436,472),(432,461),(111,499),(285,467),(114,500),(109,502),(112,499),(436,473)	282,285,429,432,433,434,435,436,309,445,447,448,449,192,195,196,197,198,461,462,463,467,468,469,470,471,472,473,474,107,109,110,111,112,113,498,114,499,501,500,503,504,505,502,507	45.0
G0WVH3	10-416	425-500	407	76	4d4g	480	2.25	0	A	26	407	57	100.0	75.0	4d4g.cif	AF-G0WVH3-F1-model_v4.cif	?	(158,425),(416,443),(89,478),(158,428),(416,452),(89,477),(159,428),(157,425),(160,425),(160,429),(89,475),(92,482),(162,425),(415,452),(92,478),(91,476),(199,481),(88,479),(92,479),(156,482),(416,481),(92,425),(414,453),(89,479),(89,476),(416,453),(161,425),(91,477),(156,425),(88,481),(414,443),(275,452),(92,477),(160,428)	275,156,157,158,415,416,160,162,159,414,161,425,428,429,443,452,453,199,88,89,91,475,92,478,477,476,481,482,479	29.0
E1K248	67-211	229-311	145	83	4ud2	262	2.3	0	A	-50	145	83	100.0	100.0	4ud2.cif	AF-E1K248-F1-model_v4.cif	?	(199,229),(200,276),(203,229),(195,299),(198,282),(173,305),(174,305),(202,284),(163,299),(167,299),(197,303),(197,304),(163,300),(200,280),(167,300),(194,229),(196,298),(169,304),(195,229),(200,281),(202,281),(78,284),(196,275),(163,303),(173,304),(196,299),(203,275),(170,304),(76,283),(167,301),(197,298),(172,305),(200,282),(172,302),(199,282),(195,298),(76,284),(193,229),(203,276),(167,302),(202,280),(163,298),(195,275)	275,276,280,281,282,283,284,163,167,169,298,299,300,173,174,303,304,305,170,301,172,302,193,194,195,196,197,198,199,200,202,203,76,78,229	35.0
A0A0A0V031	11-412	422-496	402	75	5ups	509	2.05	0	A	3	391	75	97.2636815920398	100.0	5ups.cif	AF-A0A0A0V031-F1-model_v4.cif	?	(214,478),(92,474),(90,473),(411,450),(411,449),(92,475),(409,439),(264,445),(89,476),(87,478),(88,479),(88,476),(87,476),(178,422),(176,422),(173,422),(177,425),(411,438),(91,474),(411,448),(178,479),(175,425),(88,478),(411,439),(89,474),(288,445),(89,475),(176,425),(87,477),(411,440),(89,472),(412,448),(89,473),(92,422),(85,478),(412,447),(260,445),(91,473),(92,479),(261,445),(92,476)	260,261,264,409,411,412,288,422,425,173,175,176,177,178,438,439,440,445,447,448,449,450,472,85,214,87,88,89,90,475,476,473,474,92,478,479,91,477	38.0
P59676	632-691	692-750	60	59	5oj1	675	2.85	0	A	-48	60	59	100.0	100.0	5oj1.cif	AF-P59676-F1-model_v4.cif	?	(689,714),(687,702),(666,692),(672,713),(687,710),(691,692),(687,706),(663,702),(663,710),(685,702),(663,693),(664,692),(673,709),(673,713),(688,713),(685,706),(685,703),(689,713),(670,713),(661,706),(690,692),(663,697),(685,701),(661,702),(665,692),(671,713),(691,693),(663,692),(689,693),(687,709),(687,713),(664,693)	661,663,664,665,666,670,671,672,673,685,687,688,689,690,691,692,693,697,701,702,703,706,709,710,713,714	26.0
A0A0F7R6G7	27-435	443-519	409	77	7dq5	490	2.45	0	A	16	394	63	96.33251833740832	81.81818181818183	7dq5.cif	AF-A0A0F7R6G7-F1-model_v4.cif	?	(298,456),(271,476),(338,450),(295,518),(271,456),(104,516),(271,512),(301,455),(340,447),(301,476),(300,454),(266,518),(275,509),(341,446),(219,516),(301,456),(341,443),(299,446),(294,519),(219,517),(266,517),(299,449),(340,446),(300,455),(275,476),(295,519),(242,516),(276,510),(275,477),(300,449),(217,516),(242,517),(217,517),(266,519),(296,446),(271,514),(242,515),(275,510),(268,518),(220,517),(268,514),(271,511),(106,516),(298,455),(220,519),(216,517),(298,449)	512,514,515,516,517,518,519,266,268,271,275,276,294,295,296,298,299,300,301,443,446,447,449,450,454,455,456,338,340,341,216,217,219,476,477,220,104,106,242,509,510,511	42.0
O68880	38-167	220-351	130	132	4mgf	342	2.0	0	A	6	127	132	97.6923076923077	100.0	4mgf.cif	AF-O68880-F1-model_v4.cif	?	(87,289),(77,266),(117,264),(79,260),(85,267),(82,295),(81,293),(83,294),(81,321),(79,327),(140,264),(83,292),(112,264),(84,268),(75,267),(86,268),(77,262),(81,295),(82,260),(115,264),(78,262),(114,266),(146,262),(76,267),(86,269),(112,265),(85,291),(79,328),(79,326),(85,292),(84,267),(86,267),(84,259),(107,270),(145,262),(82,327),(79,261),(77,267),(84,290),(86,290),(111,268),(147,267),(110,270),(146,264),(77,265),(86,289),(118,265),(81,322),(147,265),(111,266),(82,294),(146,265),(110,268),(83,293),(113,264),(84,269),(88,289),(82,292),(79,262),(82,293),(114,264),(113,265),(77,260),(110,266),(87,288),(78,260),(81,294),(108,268),(85,293),(112,268),(114,265),(114,263),(85,290),(118,264),(81,298),(86,270),(83,291),(82,328),(112,266),(83,260),(110,257),(112,259),(81,327),(81,282),(85,289),(111,267),(84,291),(84,260),(84,258),(84,292),(83,282),(77,261),(108,289),(111,265),(110,267),(78,261)	257,258,259,260,261,262,263,264,265,266,267,140,268,269,270,145,146,147,282,288,289,290,291,292,293,294,295,298,321,322,326,327,328,75,76,77,78,79,81,82,83,84,85,86,87,88,107,108,110,111,112,113,114,115,117,118	56.0
A0A3B6UEQ0	22-167	187-265	146	79	7vxq	268	1.77	0	B	0	146	79	100.0	100.0	7vxq.cif	AF-A0A3B6UEQ0-F1-model_v4.cif	?	(123,259),(159,238),(151,187),(160,234),(119,260),(125,265),(150,187),(152,259),(123,260),(160,187),(157,241),(160,238),(153,187),(119,258),(34,242),(157,240),(154,265),(32,242),(157,234),(154,258),(123,264),(123,257),(155,240),(153,259),(157,238),(129,265),(130,265),(123,258),(126,265),(156,240),(119,259),(123,262),(154,259),(33,242),(123,261),(31,241),(156,187),(123,265),(159,242),(157,239),(152,187),(31,242),(153,258)	257,258,259,260,129,130,262,264,265,261,150,151,152,153,154,155,156,157,159,160,32,34,33,31,187,234,238,239,240,241,242,119,123,125,126	35.0
Q941M3	31-439	448-523	409	76	3a9u	523	2.4	0	A	0	401	76	98.0440097799511	100.0	3a9u.cif	AF-Q941M3-F1-model_v4.cif	?	(409,521),(414,523),(409,520),(405,461),(192,448),(370,523),(410,521),(371,523),(374,523),(439,503),(190,448),(437,476),(405,450),(369,523),(408,522),(374,519),(408,523),(384,523),(414,521),(437,465),(439,476),(438,472),(373,519),(439,508),(437,466),(436,474),(437,464),(439,474),(439,475),(437,477),(437,474),(437,475),(439,472),(439,504),(438,474),(405,454),(408,521),(410,520),(438,473),(405,462),(409,522),(412,521),(191,448)	384,519,520,521,522,523,405,408,409,410,412,414,436,437,438,439,190,191,192,448,450,454,461,462,464,465,466,472,473,474,475,476,477,369,370,371,373,374,503,504,508	41.0
H6SG27	24-429	437-515	406	79	5n9w	477	2.456	0	A	0	378	72	93.10344827586206	91.13924050632912	5n9w.cif	AF-H6SG27-F1-model_v4.cif	?	(208,512),(287,443),(285,515),(99,512),(428,465),(257,513),(428,463),(428,464),(211,514),(286,510),(286,514),(418,515),(166,512),(211,513),(286,513),(426,455),(106,512),(314,513),(286,515),(259,510),(259,514),(167,513),(168,511),(259,450),(287,515),(210,512),(285,513),(211,512),(428,455),(101,512)	512,257,513,515,514,259,285,286,287,418,166,167,168,426,428,314,443,450,455,463,208,465,464,211,210,99,101,106,510,511	30.0
F2Z6J5	63-211	231-312	149	82	3ayx	273	1.18	0	B	-40	149	82	100.0	100.0	3ayx.cif	AF-F2Z6J5-F1-model_v4.cif	?	(204,231),(182,304),(196,302),(198,302),(195,231),(197,277),(69,284),(166,307),(198,306),(201,277),(164,302),(200,284),(197,301),(170,307),(164,303),(196,231),(169,308),(170,308),(198,307),(201,284),(72,285),(160,302),(198,301),(202,284),(160,306),(197,302),(167,307),(203,285),(196,277),(199,301),(74,286),(171,308),(199,284),(160,303),(203,282),(200,231),(203,283),(194,231),(201,279),(164,304),(166,306),(201,278),(201,282),(201,283),(203,286),(197,231),(204,278),(204,282),(164,305),(160,301)	277,278,279,282,283,284,285,286,160,164,166,167,169,170,171,301,302,303,304,305,306,307,308,182,194,195,196,197,198,69,200,201,72,202,204,203,199,74,231	39.0
Q9I5E6	18-268	300-476	251	177	6s62	485	2.36	0	A	0	251	177	100.0	100.0	6s62.cif	AF-Q9I5E6-F1-model_v4.cif	?	(107,414),(105,304),(37,443),(79,461),(111,406),(43,451),(107,412),(44,450),(43,474),(111,305),(51,460),(108,412),(51,457),(50,460),(54,460),(53,461),(50,457),(50,462),(111,303),(40,450),(107,305),(43,471),(44,453),(40,451),(161,412),(48,453),(46,454),(107,304),(48,457),(111,341),(43,454),(102,453),(39,476),(80,461),(44,454),(47,457),(39,475),(50,461),(33,440),(106,412),(79,462),(43,475),(40,447),(47,454),(50,458),(107,406),(43,450),(39,451),(39,474)	406,412,414,161,33,37,39,40,43,44,46,303,304,305,50,51,48,53,54,47,440,443,447,450,451,453,454,457,458,460,461,462,79,80,341,471,474,475,476,102,105,106,107,108,111	45.0
Q87I71	96-198	361-467	103	107	3vb9	446	2.1	0	A	0	100	106	97.0873786407767	99.06542056074767	3vb9.cif	AF-Q87I71-F1-model_v4.cif	?	(101,404),(106,416),(100,405),(107,463),(107,394),(98,408),(102,457),(193,393),(104,400),(193,420),(105,413),(106,396),(191,463),(102,461),(103,461),(102,400),(101,405),(98,409),(104,461),(102,406),(103,400),(102,459),(191,361),(194,420),(193,463),(101,406),(100,406),(106,420),(132,361),(105,416),(106,394),(103,398),(195,393),(106,418),(195,420),(102,405),(98,406),(104,398),(193,361),(99,406),(105,415),(104,463),(191,363)	132,393,394,396,398,400,404,405,406,408,409,413,415,416,418,420,191,193,194,195,457,459,461,463,98,99,100,101,102,103,104,105,106,107,361,363	36.0
Q8X5N8	27-155	204-335	129	132	4cdp	331	1.45	0	A	12	129	132	100.0	100.0	4cdp.cif	AF-Q8X5N8-F1-model_v4.cif	?	(75,252),(71,266),(98,254),(101,249),(73,275),(134,249),(71,311),(98,251),(73,244),(128,247),(68,309),(95,239),(95,273),(73,242),(73,276),(105,248),(98,252),(94,254),(70,266),(71,278),(70,311),(68,245),(67,246),(73,274),(76,273),(96,252),(98,250),(73,243),(132,247),(73,253),(66,251),(100,248),(71,276),(74,273),(70,309),(103,248),(67,244),(72,266),(70,278),(70,282),(134,246),(74,275),(99,250),(73,251),(75,273),(102,250),(105,247),(66,249),(68,311),(70,307),(72,277),(73,252),(66,250),(67,266),(72,278),(70,305),(97,251),(72,275),(100,249),(134,248),(72,244),(135,251),(102,246),(70,279),(72,276),(74,277),(75,253),(95,255),(74,251),(71,312),(66,246),(135,249),(67,245),(75,251),(68,310),(134,247),(102,248),(106,248),(95,254),(68,246),(74,274),(71,277),(130,247),(100,252),(65,251),(101,248),(99,251),(75,274),(64,251),(95,317),(68,244),(69,266),(68,312),(100,250),(102,247),(71,244),(70,277),(99,249),(133,246),(102,249),(106,249),(66,244),(66,245)	128,130,132,133,134,135,266,273,274,275,276,277,278,279,282,305,307,309,310,311,312,317,64,65,66,67,68,69,70,71,72,73,74,75,76,94,95,96,97,98,99,100,101,102,103,105,106,239,242,243,244,245,246,247,248,249,250,251,252,253,254,255	62.0
Q47NR5	33-441	450-525	409	76	6e97	535	1.8	0	A	3	409	74	100.0	97.36842105263158	6e97.cif	AF-Q47NR5-F1-model_v4.cif	?	(441,506),(110,502),(112,450),(197,450),(439,477),(113,507),(111,502),(113,450),(113,503),(284,474),(283,473),(198,453),(287,472),(108,505),(110,505),(284,473),(439,466),(109,504),(434,476),(113,504),(287,473),(110,503),(441,478),(438,476),(440,476),(439,467),(441,476),(109,506),(291,473),(440,475),(198,450),(112,502),(439,476),(199,450),(112,503),(113,502),(200,507),(441,510),(112,501),(200,450),(108,506),(439,468),(112,454),(440,474),(441,477),(439,478),(288,473),(108,504),(110,504),(441,474)	283,284,287,288,291,434,438,439,440,441,450,197,198,453,199,200,454,466,467,468,472,473,474,475,476,477,478,108,109,110,111,112,113,501,502,503,504,505,506,507,510	41.0
M4GWN4	9-409	418-493	401	76	7a9i	500	2.1	0	A	21	390	71	97.2568578553616	93.42105263157895	7a9i.cif	AF-M4GWN4-F1-model_v4.cif	?	(296,424),(407,436),(295,421),(409,444),(334,418),(400,418),(407,434),(299,425),(408,442),(333,418),(409,446),(332,421),(407,444),(299,421),(407,435),(408,444),(333,421),(299,424),(334,421),(409,445),(406,444),(409,474),(407,446)	400,406,407,408,409,418,421,295,296,424,425,299,434,435,436,442,444,445,446,332,333,334,474	23.0
Q6NC13	22-429	437-512	408	76	4rmn	512	1.72	0	A	0	403	76	98.77450980392157	100.0	4rmn.cif	AF-Q6NC13-F1-model_v4.cif	?	(428,463),(310,460),(307,460),(426,464),(426,455),(96,491),(305,462),(277,462),(428,465),(428,464),(304,462),(94,493),(307,462),(96,493),(309,460),(428,493),(304,463),(426,454),(313,460),(280,460),(426,453),(307,461),(277,464),(280,462),(97,493),(426,463),(304,464),(427,463),(276,462),(184,437),(426,465)	276,277,280,426,427,428,304,305,307,309,310,437,184,313,453,454,455,460,461,462,463,464,465,94,96,97,491,493	28.0
B9PW60	11-171	201-324	161	124	4ir8	310	1.85	0	A	17	147	124	91.30434782608695	100.0	4ir8.cif	AF-B9PW60-F1-model_v4.cif	?	(145,302),(149,295),(121,243),(153,280),(119,239),(145,300),(124,277),(147,301),(91,270),(110,242),(114,241),(151,276),(126,272),(155,277),(148,299),(165,247),(146,300),(107,274),(154,277),(87,270),(126,277),(143,272),(166,247),(88,273),(113,240),(91,305),(158,244),(168,280),(168,284),(114,239),(147,297),(149,298),(122,244),(143,304),(144,303),(91,303),(143,301),(125,277),(144,304),(91,304),(106,273),(107,273),(156,247),(144,301),(105,272),(91,273),(124,278),(154,280),(122,243),(86,304),(86,273),(105,304),(147,276),(157,243),(147,300),(105,273),(87,273),(123,243),(120,244),(110,241),(158,247),(121,244),(156,243),(124,274),(111,241),(128,301),(124,243),(114,240),(145,301),(164,247),(147,298),(149,283),(154,276),(151,277),(126,276),(88,274),(166,250),(89,270),(156,278),(148,280),(147,299),(146,299),(158,243),(148,297),(170,280),(110,274),(140,304),(146,301),(148,298),(110,243),(124,273),(144,302),(167,281),(168,281),(156,281),(148,296),(154,278),(156,250),(120,239),(151,280),(88,270),(124,242),(149,297),(151,297),(148,276),(152,280),(155,281),(156,246),(166,281),(154,281),(128,276)	128,140,270,143,272,145,146,147,276,149,277,151,280,153,148,155,154,284,158,156,157,283,281,164,165,166,295,168,297,298,299,300,301,302,303,304,305,111,170,152,167,296,278,144,86,87,88,89,91,247,273,274,105,106,107,250,110,239,240,241,242,243,114,113,244,119,120,121,122,123,124,125,126,246	74.0
A0R0V0	52-462	472-546	411	75	5kei	527	2.325	0	A	0	399	75	97.08029197080292	100.0	5kei.cif	AF-A0R0V0-F1-model_v4.cif	?	(461,497),(387,543),(458,487),(393,544),(423,545),(427,545),(461,495),(221,474),(424,545),(218,474),(428,544),(428,545),(423,483),(218,475),(462,498),(424,485),(460,488),(217,522),(459,497),(462,499),(433,546),(462,497),(462,526),(433,544),(424,477),(460,487),(392,543),(462,495),(424,474),(219,478),(393,543),(458,473),(460,499),(392,546),(428,543),(424,473),(387,544),(460,489),(426,544),(461,496),(219,474),(218,522),(391,546),(420,483),(427,544),(216,474),(390,546),(392,542),(433,545),(217,474),(462,527),(462,531),(393,542),(460,498),(217,475),(391,542),(419,483),(462,529),(460,497),(405,544),(389,544),(403,546),(218,478),(426,545)	387,389,390,391,392,393,522,526,527,529,531,403,405,542,543,544,545,546,419,420,423,424,426,427,428,433,458,459,460,461,462,216,217,218,474,475,221,477,219,478,473,483,485,487,488,489,495,496,497,498,499	51.0
Q9L869	17-163	182-264	147	83	1e3d	262	1.8	0	A	0	147	83	100.0	100.0	1e3d.cif	AF-Q9L869-F1-model_v4.cif	?	(155,234),(124,258),(153,233),(113,252),(146,182),(156,182),(28,233),(113,256),(151,235),(150,257),(117,252),(149,251),(117,255),(28,237),(153,234),(150,251),(147,182),(113,253),(119,257),(148,252),(152,235),(26,236),(113,251),(148,228),(149,252),(117,253),(151,251),(149,228),(120,257),(150,256),(123,258),(155,233),(123,257),(156,228),(122,258),(153,235),(156,229),(117,254),(148,182),(153,229)	256,257,258,146,147,148,149,150,151,152,153,26,155,28,156,182,228,229,233,234,235,236,237,123,124,113,117,119,120,122,251,252,253,254,255	35.0
D3RV29	64-210	230-309	147	80	3myr	268	2.1	0	A	-50	147	80	100.0	100.0	3myr.cif	AF-D3RV29-F1-model_v4.cif	?	(197,300),(172,306),(75,285),(202,281),(196,301),(200,277),(172,307),(199,230),(166,303),(193,230),(203,277),(166,301),(162,305),(201,283),(196,230),(195,276),(169,306),(162,302),(166,304),(198,300),(203,230),(70,283),(200,281),(198,283),(202,285),(197,305),(73,284),(203,281),(195,301),(173,307),(196,300),(168,306),(162,300),(196,276),(200,278),(200,282),(200,283),(166,302),(200,276),(194,230),(171,304),(162,301),(195,230),(171,307),(199,283),(201,284),(197,306)	276,277,278,281,282,283,284,285,162,166,168,169,171,172,300,301,303,302,305,306,307,304,173,193,194,195,196,197,198,199,200,201,202,75,203,70,73,230	38.0
F3Y661	18-419	428-506	402	79	4wv3	510	2.599	0	A	0	396	79	98.50746268656717	100.0	4wv3.cif	AF-F3Y661-F1-model_v4.cif	?	(268,501),(419,487),(268,441),(266,505),(415,444),(219,503),(220,506),(91,503),(417,455),(298,431),(301,434),(220,504),(272,440),(300,434),(419,455),(275,463),(299,431),(417,445),(271,441),(417,444),(268,505),(417,446),(417,456),(176,502),(417,454),(266,504),(300,435),(219,504),(271,440),(294,506),(298,434),(419,456),(418,454),(295,506),(294,504),(275,440),(275,464),(419,454),(294,505),(300,431),(93,503),(295,505)	266,268,271,272,275,415,417,418,419,294,295,298,299,300,301,431,176,434,435,440,441,444,445,446,454,455,456,463,464,91,220,219,93,487,501,502,503,504,505,506	40.0
Q2TU34	13-198	203-332	186	130	5zwk	319	2.104	0	A	0	178	130	95.6989247311828	100.0	5zwk.cif	AF-Q2TU34-F1-model_v4.cif	?	(134,250),(155,306),(163,284),(165,285),(177,287),(123,248),(161,287),(182,288),(184,254),(155,308),(179,291),(182,257),(154,311),(158,304),(164,284),(173,254),(160,287),(123,247),(101,312),(122,249),(136,281),(158,302),(131,246),(118,280),(102,312),(132,251),(181,291),(97,280),(100,311),(177,291),(96,279),(167,254),(178,287),(140,283),(158,290),(136,280),(137,280),(167,251),(131,248),(96,280),(182,291),(150,311),(160,284),(165,288),(119,280),(156,305),(165,257),(136,249),(167,250),(184,257),(157,287),(117,279),(154,307),(175,288),(163,288),(157,305),(175,257),(153,279),(136,284),(132,246),(164,288),(119,281),(98,312),(117,280),(165,253),(101,311),(158,305),(154,279),(126,247),(163,287),(178,291),(156,283),(160,283),(156,307),(153,308),(165,254),(102,311),(179,287),(157,283),(96,311),(97,312),(138,284),(175,254),(100,312),(162,287),(154,308),(135,250),(155,283),(166,250),(132,248),(103,311),(98,280),(122,281),(140,279),(122,250),(154,309),(98,277),(182,292),(136,250),(117,284),(133,250),(165,250),(156,306),(177,288),(156,304),(156,308),(155,279),(137,284),(160,304),(122,248),(157,306),(154,310),(133,248),(136,285),(157,303),(157,304),(153,311)	96,97,98,100,101,102,103,117,118,119,122,123,126,131,132,133,134,135,136,137,138,140,150,153,154,155,156,157,158,160,161,162,163,164,165,166,167,173,175,177,178,179,181,182,184,246,247,248,249,250,251,253,254,257,277,279,280,281,283,284,285,287,288,290,291,292,302,303,304,305,306,307,308,309,310,311,312	77.0
A9T230	92-291	295-424	200	130	5iz1	321	3.0	0	A	-88	184	130	92.0	100.0	5iz1.cif	AF-A9T230-F1-model_v4.cif	?	(269,383),(195,372),(214,372),(257,345),(212,342),(200,342),(242,371),(214,341),(246,371),(211,340),(257,346),(269,380),(259,342),(200,373),(257,377),(173,404),(218,375),(179,406),(176,404),(243,402),(248,400),(179,367),(274,383),(243,371),(210,340),(267,349),(274,349),(214,377),(267,380),(274,380),(243,403),(253,379),(210,338),(256,380),(173,372),(290,350),(248,371),(273,383),(182,369),(197,373),(248,396),(243,401),(252,396),(252,379),(271,379),(236,403),(214,342),(267,346),(179,369),(274,384),(214,373),(215,376),(177,404),(271,383),(200,340),(180,369),(216,376),(248,398),(197,369),(272,383),(259,346),(206,339),(265,346),(255,379),(218,371),(268,380),(270,379),(259,343),(210,343),(257,342),(249,396),(254,379),(206,338),(243,400),(209,338),(200,341),(252,376),(240,403),(255,380),(243,399),(247,399),(182,372),(213,342),(256,377),(240,401),(248,375),(252,375),(214,376),(257,349),(176,369),(257,380),(255,376),(177,406),(200,343),(239,403),(246,400),(239,404),(269,379),(206,340),(197,372),(258,342),(211,342),(218,376),(180,373)	173,176,177,179,180,182,195,197,200,206,209,210,211,212,213,214,215,216,218,236,239,240,242,243,246,247,248,249,252,253,254,255,256,257,258,259,265,267,268,269,270,271,272,273,274,290,338,339,340,341,342,343,345,346,349,350,367,369,371,372,373,375,376,377,379,380,383,384,396,398,399,400,401,402,403,404,406	77.0
P0AG30	1-47	48-123	47	76	7x2r	408	4.4	0	A	0	47	76	100.0	100.0	7x2r.cif	AF-P0AG30-F1-model_v4.cif	?	(3,77),(2,51),(3,51),(7,77),(45,48),(45,49),(40,103),(2,52),(46,48),(36,111),(43,103),(39,111),(8,69),(47,48),(47,49),(47,100),(1,48),(43,49),(2,50),(1,49),(32,76),(4,52),(7,69),(3,111),(3,50),(36,104),(39,49),(47,50),(3,101),(35,111),(42,48),(32,77),(1,50),(42,49),(39,50),(39,101),(47,102),(7,67),(2,48)	1,2,3,4,7,8,32,35,36,39,40,42,43,45,46,47,48,49,50,51,52,67,69,76,77,100,101,102,103,104,111	31.0
P23687	1-426	427-710	426	284	1h2w	710	1.39	0	A	0	426	284	100.0	100.0	1h2w.cif	AF-P23687-F1-model_v4.cif	?	(381,481),(95,686),(128,643),(47,673),(425,427),(401,437),(51,673),(91,686),(59,707),(20,608),(22,608),(123,685),(233,593),(257,512),(357,453),(354,508),(404,427),(6,657),(381,482),(202,590),(96,686),(204,587),(9,654),(67,694),(128,682),(56,702),(20,605),(310,510),(4,671),(199,642),(172,590),(7,657),(29,585),(203,590),(400,484),(357,510),(426,427),(123,683),(63,486),(2,667),(200,640),(255,594),(31,654),(47,672),(28,651),(147,642),(358,439),(64,694),(60,691),(358,453),(13,658),(67,487),(150,642),(147,680),(32,589),(256,515),(337,509),(202,588),(20,603),(67,689),(233,596),(66,494),(70,429),(147,679),(1,702),(255,595),(46,657),(50,673),(70,428),(257,515),(54,634),(401,488),(19,602),(94,690),(356,453),(200,639),(198,642),(6,671),(67,693),(43,674),(49,671),(57,702),(147,677),(53,671),(381,483),(26,618),(20,602),(63,495),(203,589),(11,658),(254,594),(356,510),(146,640),(50,671),(401,455),(401,489),(147,678),(354,481),(202,645),(50,672),(24,584),(59,706),(70,427),(256,597),(337,511),(401,482),(97,685),(96,687),(31,651),(2,669),(53,669),(17,585),(47,674),(402,432),(68,690),(402,484),(42,653),(253,597),(20,604),(172,642),(94,686),(24,612),(256,598),(19,584),(67,490),(145,640),(383,483),(28,658),(404,484),(309,513),(32,651),(204,593),(201,590),(122,685),(402,437),(54,702),(402,455),(70,490),(124,677),(71,486),(59,495),(403,484),(311,511),(2,668),(96,685),(204,590),(26,651),(199,640),(70,494),(357,481),(401,453),(4,669),(337,510),(43,650),(31,650),(62,708),(148,642),(356,441),(63,488),(124,688),(400,482),(399,483),(235,591),(60,694),(53,699),(31,647),(402,435),(22,612),(1,667),(255,597),(126,683),(357,482),(148,679),(50,634),(70,430),(63,697),(63,694),(2,666),(357,451),(173,591),(337,508),(401,483),(339,481),(204,588),(24,618),(354,509),(67,486),(147,682),(256,519),(146,679),(53,703),(206,593),(63,708),(32,585),(32,647),(25,618),(42,650),(354,479),(54,698),(70,486),(39,650),(256,512),(357,480),(380,482),(93,686),(198,640),(26,585),(63,487),(335,510),(28,655),(6,669),(71,690),(204,589),(255,476),(357,439),(6,670),(146,677),(46,653),(54,695),(202,647),(1,703),(49,657),(205,593),(19,585),(254,597),(311,477),(401,501),(201,645),(26,617),(64,691),(205,590),(97,684),(63,693),(53,702),(400,483),(146,678),(46,672),(124,685),(357,509),(201,642),(149,642),(401,485),(402,489),(97,683),(6,668),(59,698),(1,669),(59,708),(52,702),(66,490),(122,677),(67,690),(66,708),(6,661),(63,491),(73,486),(311,512),(149,643),(3,702),(401,499),(199,641),(173,643),(66,429),(71,686),(32,582),(357,503),(205,591),(399,484),(309,511),(73,427),(147,640),(24,608),(96,684),(339,479),(356,439),(309,512),(60,698),(64,690),(28,654),(54,699),(359,481),(26,582),(402,436),(202,589),(29,651),(66,430),(42,654),(148,640),(310,511),(401,484),(257,477),(97,686),(199,639),(63,490),(19,608),(73,484),(310,512),(59,701),(190,591),(60,695),(426,428),(401,481),(399,482)	512,1,2,515,4,513,6,7,519,9,3,11,13,17,19,20,22,24,25,26,28,29,31,32,39,42,43,46,47,49,50,51,52,53,54,56,57,59,60,62,63,64,66,67,68,70,71,584,585,73,587,588,589,590,591,593,594,595,596,597,598,602,91,603,605,94,95,608,96,97,604,612,93,617,618,634,123,122,124,126,639,128,640,642,643,641,645,647,650,651,653,654,655,657,658,147,146,145,150,148,149,661,666,667,668,669,670,671,672,673,674,677,678,679,680,682,683,172,685,686,687,688,689,690,691,173,693,694,695,697,698,699,701,702,703,190,706,707,708,198,199,200,201,202,203,204,205,206,233,235,253,254,255,256,257,309,310,311,335,337,339,354,356,357,358,359,582,684,380,381,383,399,400,401,402,403,404,425,426,427,428,429,430,432,435,436,437,439,441,451,453,455,476,477,479,480,481,482,483,484,485,486,487,488,489,490,491,494,495,499,501,503,508,509,510,511	216.0
O69275	1-226	227-427	226	201	2j3v	427	2.11	0	A	0	222	201	98.23008849557522	100.0	2j3v.cif	AF-O69275-F1-model_v4.cif	YES	(144,404),(218,368),(226,227),(224,352),(109,402),(221,295),(218,366),(63,409),(110,337),(139,401),(110,402),(67,410),(221,351),(61,354),(63,407),(219,295),(220,366),(221,229),(62,354),(64,410),(219,296),(226,388),(139,368),(66,356),(64,359),(144,366),(110,401),(220,296),(225,227),(223,353),(62,366),(144,422),(222,366),(70,411),(219,229),(224,388),(226,228),(112,334),(223,352),(71,409),(62,364),(62,408),(218,296),(59,408),(225,352),(65,354),(109,401),(226,377),(56,409),(225,388),(144,420),(222,351),(220,298),(62,300),(226,351),(218,294),(62,406),(59,406),(70,412),(64,356),(61,353),(62,298),(62,418),(144,402),(219,294),(62,353),(222,298),(142,402),(64,354),(222,353),(64,355),(112,337),(63,408),(59,409),(141,402),(67,411),(219,293),(107,330),(63,300),(139,424),(225,351),(107,402),(63,354),(60,409),(104,402),(67,409),(223,354),(74,412),(222,352),(140,401),(62,420),(112,333),(226,229),(64,409),(59,407),(58,406),(141,401),(63,353),(108,402),(142,366),(140,368),(226,230),(143,402)	388,230,139,104,141,142,140,144,401,402,143,404,406,407,408,409,410,411,412,418,420,293,422,295,296,294,298,424,300,56,58,59,60,61,62,63,64,65,66,67,70,71,330,74,333,334,337,218,219,220,221,222,351,224,352,226,227,354,229,356,359,225,223,353,228,364,109,366,110,368,112,107,108,377,355	75.0
Q7KLV9	1-223	224-392	223	169	3txm	353	3.0	0	A	-28	186	167	83.40807174887892	98.81656804733728	3txm.cif	AF-Q7KLV9-F1-model_v4.cif	?	(215,228),(218,231),(219,225),(204,238),(212,246),(204,239),(219,232),(205,242),(218,227),(220,322),(222,322),(208,239),(218,225),(205,243),(211,235),(212,235),(212,253),(216,253),(211,234),(223,225),(218,224),(208,235),(211,231),(215,231),(211,232),(215,232),(218,228),(212,249),(222,225),(212,232),(216,232),(221,224),(212,250),(209,239),(219,228),(216,318),(222,325),(219,322),(222,260),(222,224),(205,239),(219,257),(212,239),(194,231),(222,321),(204,242),(223,224),(214,231)	257,260,318,321,322,194,325,204,205,208,209,211,212,214,215,216,218,219,220,221,222,223,224,225,227,228,231,232,234,235,238,239,242,243,246,249,250,253	38.0
H2E7Q8	1-80,452-730	81-451	359	371	5n4f	703	2.4	0	A	0	341	362	94.98607242339833	97.57412398921834	5n4f.cif	AF-H2E7Q8-F1-model_v4.cif	?	(380,526),(380,474),(78,81),(423,504),(426,507),(80,102),(402,476),(423,508),(379,533),(425,507),(80,450),(379,462),(80,449),(379,476),(380,533),(450,453),(380,502),(450,509),(424,460),(423,506),(80,81),(380,462),(380,476),(422,505),(381,462),(381,476),(424,458),(423,460),(424,455),(423,522),(424,456),(423,476),(380,505),(80,451),(81,509),(424,512),(425,455),(379,464),(78,451),(423,524),(380,503),(81,507),(403,505),(377,504),(450,452),(423,512),(448,455),(424,507),(402,460),(450,507),(423,505),(380,532),(422,507),(423,478),(80,82),(423,507),(380,504),(422,506),(451,453),(79,81),(78,450),(451,452),(77,451)	512,522,524,526,402,403,532,533,422,423,424,425,426,448,449,450,451,452,453,455,456,458,460,77,78,462,80,81,464,82,79,380,474,476,478,503,102,377,381,502,507,504,505,506,379,508,509	47.0
P04958	1-250	251-451	250	201	7oh1	845	2.27	0	A	0	250	190	100.0	94.5273631840796	7oh1.cif	AF-P04958-F1-model_v4.cif	?	(232,363),(204,382),(243,330),(65,432),(104,363),(104,367),(245,355),(206,380),(240,354),(239,358),(93,394),(86,389),(202,426),(100,397),(68,265),(226,369),(237,270),(115,326),(223,414),(70,431),(131,313),(106,358),(225,371),(71,432),(250,251),(229,369),(101,367),(120,305),(233,274),(224,423),(218,417),(94,394),(226,398),(117,329),(233,360),(245,295),(187,294),(126,311),(107,358),(206,379),(225,400),(130,313),(67,264),(223,411),(245,350),(126,309),(189,302),(61,429),(245,351),(72,431),(93,390),(225,414),(64,433),(127,312),(203,384),(201,385),(222,414),(101,366),(115,322),(117,330),(239,354),(243,354),(224,416),(73,430),(61,430),(201,383),(202,385),(250,291),(86,385),(66,434),(65,433),(243,299),(205,372),(67,263),(224,415),(223,410),(62,432),(64,432),(116,326),(93,388),(154,322),(206,370),(206,416),(130,312),(207,380),(128,313),(67,256),(107,363),(190,302),(127,310),(113,325),(86,387),(240,355),(232,367),(189,329),(249,269),(126,305),(188,302),(248,251),(189,298),(42,322),(229,371),(129,313),(110,350),(100,396),(125,308),(103,358),(117,305),(206,378),(229,364),(204,372),(71,431),(69,432),(247,269),(237,271),(73,432),(118,312),(225,369),(250,283),(247,355),(70,381),(118,326),(68,434),(224,422),(125,309),(64,435),(128,312),(117,306),(97,396),(189,330),(93,391),(208,370),(72,427),(128,326),(250,252),(67,265),(190,329),(115,329),(97,395),(226,399),(97,369),(205,383),(211,370),(245,270),(210,377),(228,394),(221,417),(205,382),(167,382),(188,298),(128,306),(130,314),(103,363),(67,434),(103,367),(89,389),(98,367),(225,360),(71,430),(71,265),(224,419),(236,274),(222,380),(201,384),(224,400),(246,270),(96,396),(128,323),(190,330),(97,367),(69,264),(242,329),(233,275),(70,433),(202,383),(224,414),(97,394),(205,380),(93,389),(227,400),(90,389),(244,299),(240,274),(201,388),(222,417),(205,381),(206,372),(63,432),(223,370),(72,430),(223,416),(115,325),(117,326),(103,366),(223,415),(70,432),(243,350),(110,358),(127,311),(245,354),(189,299),(227,394),(191,329),(116,329),(188,294),(68,264),(236,358),(247,291),(245,299),(190,305),(127,309),(127,313),(250,290),(220,417),(211,371),(126,310),(226,400),(221,415),(61,432),(205,379),(200,388),(97,397),(73,431),(118,317),(113,329),(86,386),(126,308),(236,359),(249,251),(226,414),(224,385),(191,330),(240,270),(225,370),(226,394),(229,363),(68,263),(93,396),(222,416),(72,432),(72,426),(224,383),(206,371),(237,274),(224,413),(64,434),(114,329),(203,385),(229,360),(93,395),(222,415),(117,309),(236,363),(250,287),(218,410),(203,383),(204,379),(243,329),(97,398),(207,370),(205,416),(123,305),(63,433),(110,354),(65,434),(127,305),(236,360),(203,382),(202,384),(247,270),(128,311),(236,354),(187,298),(250,269),(118,322),(125,305),(117,302),(90,388),(128,322),(97,399),(128,309),(130,317),(227,388),(66,263),(124,305),(70,382),(206,414),(205,378),(207,378)	42,61,62,63,64,65,66,67,68,69,70,71,72,73,86,89,90,93,94,96,97,98,100,101,103,104,106,107,110,113,114,115,116,117,118,120,123,124,125,126,127,128,129,130,131,154,167,187,188,189,190,191,200,201,202,203,204,205,206,207,208,210,211,218,220,221,222,223,224,225,226,227,228,229,232,233,236,237,239,240,242,243,244,245,246,247,248,249,250,251,252,256,263,264,265,269,270,271,274,275,283,287,290,291,294,295,298,299,302,305,306,308,309,310,311,312,313,314,317,322,323,325,326,329,330,350,351,354,355,358,359,360,363,364,366,367,369,370,371,372,377,378,379,380,381,382,383,384,385,386,387,388,389,390,391,394,395,396,397,398,399,400,410,411,413,414,415,416,417,419,422,423,426,427,429,430,431,432,433,434,435	181.0
P04807	75-209	210-458	135	249	1ig8	469	2.2	0	A	0	135	249	100.0	100.0	1ig8.cif	AF-P04807-F1-model_v4.cif	?	(209,210),(105,457),(103,220),(100,221),(105,222),(93,458),(103,221),(101,221),(76,221),(158,211),(105,221),(156,210),(105,218),(104,221),(158,210),(209,213),(99,221),(102,221),(104,222),(103,224),(77,221),(157,210),(208,210),(103,223),(156,211),(209,214),(78,221),(173,295),(209,211),(103,222)	156,157,158,295,173,457,458,76,77,78,208,209,210,211,213,214,218,220,93,221,222,224,223,99,100,101,102,103,104,105	30.0
O60729	44-198	214-374	155	161	1ohe	338	2.2	0	A	-38	155	160	100.0	99.37888198757764	1ohe.cif	AF-O60729-F1-model_v4.cif	?	(181,342),(185,335),(181,339),(91,345),(193,221),(188,339),(182,342),(194,329),(167,352),(177,338),(195,343),(91,346),(185,343),(192,335),(175,337),(175,341),(94,347),(194,221),(167,345),(93,349),(94,346),(185,339),(174,354),(97,346),(174,355),(88,350),(93,347),(188,334),(93,345),(175,357),(82,350),(184,339),(189,343),(169,354),(85,350),(166,345),(167,354),(93,346),(134,346),(173,357),(177,341),(168,350),(182,346),(174,357),(185,342),(194,219),(91,342),(177,345),(165,345),(94,343),(85,318),(175,338),(167,357),(185,346),(188,335),(194,335),(168,353),(174,358),(194,220),(177,342),(92,346),(169,353),(192,333),(186,346),(194,333),(181,338),(82,349),(175,361),(194,343),(186,343),(91,349),(167,353),(85,349)	134,92,220,165,166,167,168,169,85,173,174,175,177,181,182,184,185,186,188,189,318,192,193,194,195,329,333,334,335,219,337,338,339,82,341,342,343,88,345,346,91,347,221,94,93,352,349,354,97,355,350,357,353,358,361	55.0
P23694	1-246	257-471	246	215	1af0	466	1.8	0	A	-16	228	212	92.6829268292683	98.6046511627907	1af0.cif	AF-P23694-F1-model_v4.cif	?	(242,332),(113,268),(115,259),(198,258),(28,357),(110,282),(31,334),(29,320),(60,261),(226,326),(242,333),(28,355),(52,260),(55,257),(48,324),(32,334),(56,257),(31,328),(114,265),(69,263),(117,264),(70,263),(118,262),(22,422),(56,261),(31,326),(115,300),(28,319),(117,263),(72,262),(49,324),(69,261),(60,262),(245,332),(32,326),(245,296),(226,333),(22,395),(20,419),(22,419),(198,261),(155,262),(116,259),(22,393),(21,391),(242,296),(110,283),(246,296),(69,259),(114,285),(49,340),(115,265),(21,419),(107,284),(114,283),(31,333),(200,258),(116,262),(25,357),(187,284),(62,262),(25,375),(239,333),(25,355),(198,262),(24,355),(48,340),(68,260),(114,268),(113,265),(24,373),(61,261),(70,261),(115,258),(20,421),(227,326),(22,421),(242,334),(52,257),(241,332),(243,332),(118,258),(111,285),(240,333),(28,318),(199,261),(71,262),(245,294),(115,264),(116,264),(241,333),(200,257),(112,258),(31,327),(116,265),(200,261),(115,263),(116,263),(27,318),(21,393),(29,357),(63,262),(25,393),(53,260),(67,261),(29,375),(69,262),(61,262),(24,318),(70,262),(115,268),(56,260),(226,334),(21,373),(31,318),(117,265),(199,262),(25,373),(187,285),(68,261),(114,269),(104,284),(28,320),(114,300),(69,260),(116,258),(117,262),(29,322),(242,335),(28,326),(23,425)	20,21,22,23,24,25,27,28,29,31,32,48,49,52,53,55,56,60,61,62,63,67,68,69,70,71,72,104,107,110,111,112,113,114,115,116,117,118,155,187,198,199,200,226,227,239,240,241,242,243,245,246,257,258,259,260,261,262,263,264,265,268,269,282,283,284,285,294,296,300,318,319,320,322,324,326,327,328,332,333,334,335,340,355,357,373,375,391,393,395,419,421,422,425	94.0
Q49434	1-142	183-383	142	201	1ydx	368	2.3	0	A	23	140	188	98.59154929577466	93.53233830845771	1ydx.cif	AF-Q49434-F1-model_v4.cif	?	(110,366),(5,369),(13,370),(110,370),(5,368),(109,366),(4,368),(111,370),(5,365),(103,370),(3,371),(138,371),(113,374),(3,369),(2,371),(3,370),(7,369),(13,371),(107,370),(111,371),(106,366),(114,374),(13,369),(106,370),(4,370),(138,370),(3,368)	2,3,4,5,7,138,13,103,106,107,109,366,110,368,369,370,111,365,371,113,374,114	22.0
P15873	1-117	135-258	117	124	1plr	258	3.0	0	A	0	117	124	100.0	100.0	1plr.cif	AF-P15873-F1-model_v4.cif	?	(56,243),(46,211),(53,244),(47,247),(47,249),(19,217),(22,214),(19,248),(14,220),(19,246),(51,245),(45,257),(50,246),(53,243),(47,250),(46,249),(48,249),(11,242),(18,217),(14,221),(18,248),(17,217),(52,242),(22,210),(18,246),(49,246),(15,242),(46,250),(21,214),(55,243),(50,245),(15,246),(51,244),(48,248),(45,251),(52,244),(45,249),(49,245),(21,210),(22,217),(22,248),(45,250),(52,243),(43,211),(47,248),(51,241),(56,242),(45,258),(20,217),(52,241),(49,247),(41,211),(18,221),(49,249),(15,241),(46,248),(21,217),(18,218),(54,243),(48,246),(18,214),(46,215),(15,221),(48,247),(50,241),(51,243),(45,211)	257,258,11,14,15,17,18,19,20,21,22,41,43,45,46,47,48,49,50,51,52,53,54,55,56,210,211,214,215,217,218,220,221,241,242,243,244,245,246,247,248,249,250,251	44.0
Q9WZU0	10-198	199-419	189	221	4a2b	386	1.8	0	A	0	189	194	100.0	87.78280542986425	4a2b.cif	AF-Q9WZU0-F1-model_v4.cif	?	(133,391),(196,392),(90,231),(198,335),(193,386),(197,364),(10,388),(14,387),(14,384),(198,210),(90,229),(17,216),(196,199),(19,261),(190,383),(33,369),(85,217),(196,226),(32,389),(196,223),(197,386),(86,217),(33,370),(23,375),(194,212),(194,199),(131,391),(191,232),(22,381),(194,382),(13,387),(191,219),(82,387),(198,363),(198,203),(19,257),(193,383),(86,233),(198,360),(34,371),(18,215),(196,366),(195,210),(46,216),(197,385),(38,381),(21,380),(34,369),(163,231),(47,216),(39,381),(195,221),(23,385),(196,391),(90,230),(196,390),(191,212),(198,199),(188,390),(161,228),(194,335),(188,387),(192,228),(32,367),(89,231),(198,382),(198,359),(37,375),(197,360),(189,387),(192,391),(48,216),(17,215),(37,372),(196,389),(188,388),(12,385),(14,380),(90,228),(25,385),(196,386),(12,383),(192,223),(193,382),(192,231),(197,199),(81,387),(33,371),(37,371),(198,361),(18,257),(80,388),(197,382),(31,370),(32,369),(195,199),(21,381),(23,384),(14,383),(191,220),(191,210),(32,388),(32,370),(34,370),(195,223),(46,239),(34,372),(194,210),(191,221),(198,364),(198,200),(198,333),(88,231),(198,357),(32,368),(47,239),(188,389),(192,221),(191,231),(12,387),(12,384),(133,227),(197,361),(197,366),(189,231),(21,384),(188,386),(194,383),(37,381),(193,387),(163,228),(25,369),(80,387),(82,383),(37,374),(133,228),(12,388),(196,204),(84,217),(25,388)	10,12,13,14,17,18,19,21,22,23,25,31,32,33,34,37,38,39,46,47,48,80,81,82,84,85,86,88,89,90,131,133,161,163,188,189,190,191,192,193,194,195,196,197,198,199,200,203,204,210,212,215,216,217,219,220,221,223,226,227,228,229,230,231,232,233,239,257,261,333,335,357,359,360,361,363,364,366,367,368,369,370,371,372,374,375,380,381,382,383,384,385,386,387,388,389,390,391,392	99.0
P97784	3-132	215-430	130	216	4ct0	486	2.45	0	A	0	130	208	100.0	96.29629629629629	4ct0.cif	AF-P97784-F1-model_v4.cif	?	(103,390),(12,257),(42,256),(14,259),(11,256),(51,386),(50,349),(54,253),(132,290),(46,383),(16,264),(104,302),(51,385),(16,218),(13,259),(43,390),(44,307),(103,301),(103,391),(130,255),(44,382),(51,382),(17,261),(50,384),(51,383),(50,350),(16,260),(130,293),(61,215),(13,257),(14,258),(11,389),(16,261),(51,381),(131,293),(102,301),(103,389),(103,297),(44,378),(100,301),(11,258),(50,386),(107,301),(47,383),(54,259),(132,262),(58,259),(53,349),(130,262),(12,258),(132,263),(132,294),(51,384),(132,291),(10,257),(41,257),(42,390),(44,390),(51,257),(14,260),(51,387),(130,389),(130,256),(54,257),(130,297),(51,388),(58,257),(50,351),(65,215),(14,261),(41,256),(51,256),(131,297),(17,264),(45,379),(104,303),(104,304),(16,259),(55,257),(104,301),(48,383),(54,386),(45,382),(47,382),(45,383),(17,263),(104,390),(107,302),(54,254),(13,258),(50,347),(43,382),(50,348),(131,262),(11,257),(102,297),(104,300),(129,262),(131,294),(132,266)	256,257,386,259,132,385,390,391,264,130,255,11,12,13,14,384,16,17,10,258,131,387,260,388,290,261,291,293,389,262,294,297,42,43,44,301,46,302,47,263,50,51,307,53,54,303,304,55,58,129,266,61,65,41,215,218,347,348,349,350,351,45,100,102,103,104,300,107,381,48,254,378,379,253,382,383	76.0
Q2G1N7	1-154	157-250	154	94	1p4x	250	2.2	0	A	0	154	94	100.0	100.0	1p4x.cif	AF-Q2G1N7-F1-model_v4.cif	?	(150,158),(45,249),(154,235),(137,248),(13,162),(138,250),(8,239),(146,235),(60,248),(8,240),(1,166),(142,245),(145,238),(17,185),(145,239),(1,180),(1,167),(4,170),(7,236),(9,236),(2,166),(147,158),(4,169),(12,162),(149,238),(138,246),(9,165),(149,239),(16,185),(141,247),(3,166),(1,175),(13,166),(5,169),(15,245),(142,247),(59,248),(134,249),(9,232),(8,244),(142,244),(12,158),(139,245),(3,236),(42,249),(154,231),(138,248),(8,242),(3,165),(137,249),(146,239),(8,243),(138,247),(8,236),(20,185),(145,242),(128,245),(3,232),(1,183),(41,249),(138,244),(1,170),(11,244),(138,249),(9,239),(9,161),(138,245),(150,157),(11,245),(16,158),(2,183),(150,161),(134,250),(2,170),(142,239),(145,247),(59,247),(2,169),(153,238),(1,179),(154,161),(13,165),(141,248),(3,169),(9,235),(146,161),(8,241),(150,235),(42,248)	128,1,2,3,4,5,134,7,8,137,138,9,12,13,142,141,16,145,146,17,147,149,150,15,20,153,154,157,158,161,162,165,166,167,169,170,42,41,45,175,179,180,183,11,185,59,60,139,231,232,235,236,238,239,240,241,242,243,244,245,246,247,248,249,250	65.0
Q9Y221	1-93	94-170	93	77	1t5y	165	2.5	0	A	10	90	75	96.7741935483871	97.40259740259741	1t5y.cif	AF-Q9Y221-F1-model_v4.cif	?	(90,140),(81,167),(19,143),(93,96),(86,142),(80,166),(82,167),(87,140),(83,168),(81,143),(90,134),(82,143),(83,141),(86,169),(19,144),(18,131),(90,96),(19,145),(91,96),(18,129),(92,94),(93,95),(19,166),(89,143),(19,131),(86,132),(83,142),(85,143),(93,94),(81,166),(91,134),(86,140),(19,129),(18,130),(86,143),(93,132),(83,167),(83,169),(86,141),(19,94),(83,143),(90,132),(19,130),(19,132)	129,130,131,132,134,140,141,142,143,144,145,18,19,166,167,168,169,80,81,82,83,85,86,87,89,90,91,92,93,94,95,96	32.0
P23258	1-273	287-451	273	165	1z5v	410	2.71	0	A	0	254	146	93.04029304029304	88.48484848484848	1z5v.cif	AF-P23258-F1-model_v4.cif	?	(103,411),(273,297),(109,411),(186,403),(266,380),(246,362),(213,302),(193,421),(212,306),(185,394),(260,380),(193,420),(30,366),(269,379),(241,361),(29,366),(238,376),(190,413),(238,325),(242,323),(231,304),(167,378),(208,306),(172,387),(247,362),(268,380),(272,304),(260,378),(241,325),(186,398),(105,408),(269,380),(204,304),(270,379),(260,321),(189,391),(270,383),(186,399),(235,376),(272,377),(238,323),(204,384),(242,359),(203,378),(272,302),(270,305),(241,323),(260,320),(190,417),(259,321),(183,407),(261,380),(193,424),(268,384),(210,304),(245,363),(209,305),(260,357),(271,305),(266,440),(273,374),(270,381),(272,375),(186,405),(185,398),(28,366),(196,428),(105,411),(262,318),(268,388),(103,408),(206,305),(235,304),(272,297),(265,428),(271,303),(106,411),(205,304),(188,391),(259,357),(273,376),(189,425),(273,325),(245,361),(193,417),(239,376),(266,435),(189,422),(105,413),(266,428),(185,391),(29,364),(194,417),(267,380),(217,302),(263,440),(186,418),(269,378),(265,431),(234,376),(270,380),(256,321),(185,395),(28,365),(189,395),(260,319),(266,432),(104,413),(260,379),(239,323),(268,428),(213,301),(273,304),(266,431),(197,424),(239,378),(175,394),(262,380),(269,384),(204,387),(270,378),(189,421),(206,387),(268,379),(266,318),(270,303),(192,391),(45,362),(186,395),(259,319),(209,306),(182,398),(204,305),(271,378),(172,388),(209,303),(209,304),(183,404),(271,304),(273,377),(27,366),(270,384),(28,364),(272,303),(206,306),(189,418),(270,377),(273,302),(192,388),(190,421),(189,392),(206,304),(213,304),(103,407),(102,407),(241,362),(271,377),(27,364),(268,381),(169,378),(250,359),(273,375),(242,361),(245,364),(271,302),(175,390),(217,301),(182,404),(272,376),(245,362),(190,418)	27,28,29,30,45,102,103,104,105,106,109,167,169,172,175,182,183,185,186,188,189,190,192,193,194,196,197,203,204,205,206,208,209,210,212,213,217,231,234,235,238,239,241,242,245,246,247,250,256,259,260,261,262,263,265,266,267,268,269,270,271,272,273,297,301,302,303,304,305,306,318,319,320,321,323,325,357,359,361,362,363,364,365,366,374,375,376,377,378,379,380,381,383,384,387,388,390,391,392,394,395,398,399,403,404,405,407,408,411,413,417,418,420,421,422,424,425,428,431,432,435,440	122.0
A0A1C9J6A7	1-302	308-607	302	300	5uv1	508	2.4	0	A	0	235	268	77.81456953642383	89.33333333333333	5uv1.cif	AF-A0A1C9J6A7-F1-model_v4.cif	?	(203,533),(282,322),(289,329),(207,529),(285,313),(279,589),(276,590),(296,384),(197,533),(251,590),(242,559),(245,556),(282,313),(159,542),(298,341),(289,330),(286,309),(286,313),(272,592),(302,381),(193,529),(289,309),(289,313),(195,533),(293,309),(279,587),(63,587),(118,323),(196,533),(251,588),(245,318),(293,338),(193,536),(272,590),(248,585),(281,323),(279,585),(288,330),(203,529),(275,590),(118,321),(68,310),(242,555),(63,310),(75,592),(239,563),(247,585),(63,583),(248,563),(243,559),(292,330),(196,537),(158,542),(275,588),(289,334),(243,528),(251,584),(283,587),(67,587),(290,309),(269,592),(302,341),(278,323),(273,592),(195,536),(297,380),(292,338),(286,587),(292,384),(197,534),(247,321),(206,526),(243,532),(196,536),(278,321),(246,321),(254,590),(245,559),(63,580),(276,589),(285,326),(275,584),(251,589),(279,586),(279,590),(248,559),(275,585),(67,583),(272,591),(203,530),(302,377),(293,341),(281,329),(292,334),(118,322),(243,562),(255,590),(298,338),(282,321),(293,337),(298,384),(279,588),(293,334),(115,321),(251,585),(242,536),(75,590),(298,380),(238,566),(68,587),(298,381),(283,586),(292,388),(296,380),(245,560),(289,333),(194,536),(282,317),(239,562),(239,566),(285,323),(282,586),(279,584),(242,532),(286,586),(75,589),(195,532),(248,560),(244,559),(243,529),(276,592),(285,329),(302,345),(286,310),(301,380),(246,556),(247,317),(206,529),(282,329),(157,548),(71,587)	526,528,529,530,532,533,534,536,537,542,548,555,556,559,560,562,563,566,63,67,68,580,583,584,585,586,587,588,589,590,75,592,591,115,118,157,158,159,193,194,195,196,197,203,206,207,238,239,242,243,244,245,246,247,248,251,254,255,269,272,273,275,276,278,279,281,282,283,285,286,288,289,290,292,293,296,297,298,301,302,309,310,313,317,318,321,322,323,326,329,330,333,334,337,338,341,345,71,377,380,381,384,388	103.0
P01730	1-98	99-178	98	80	1jl4	178	4.3	0	D	-25	73	80	74.48979591836735	100.0	1jl4.cif	AF-P01730-F1-model_v4.cif	?	(75,102),(97,99),(41,116),(56,105),(50,111),(31,120),(33,124),(33,144),(41,111),(30,121),(26,116),(53,107),(30,123),(75,103),(41,109),(27,117),(29,118),(51,111),(33,100),(52,110),(32,99),(32,122),(35,99),(27,118),(55,108),(98,99),(98,103),(54,108),(31,121),(94,107),(32,123),(56,106),(43,114),(39,120),(58,108),(51,112),(97,103),(42,116),(45,112),(26,115),(51,109),(52,108),(27,116),(96,99),(53,108),(55,105),(36,99),(28,119),(44,114),(39,107),(54,106),(58,115),(54,107),(33,101),(29,120),(34,100),(76,103),(92,111),(79,103),(29,119),(92,109),(28,121),(98,100),(76,107),(26,117),(96,120),(40,116),(49,112),(79,100),(33,99),(33,122),(40,118),(50,110),(27,119),(53,118),(52,109),(37,99),(29,121),(53,109),(41,114),(55,106),(55,107),(42,114),(49,111),(30,120),(96,103),(51,110),(31,99),(31,122),(75,105),(33,123),(34,99),(39,118),(61,107),(96,107),(43,111),(54,110),(50,112),(37,120),(31,123)	144,26,27,28,29,30,31,32,33,34,35,36,37,39,40,41,42,43,44,45,49,50,51,52,53,54,55,56,58,61,75,76,79,92,94,96,97,98,99,100,101,102,103,105,106,107,108,109,110,111,112,114,115,116,117,118,119,120,121,122,123,124	62.0
