uniprot	pdb	complex_rmsd	1.0_aligned	1.0_comp	1.1_aligned	1.1_comp	1.2_aligned	1.2_comp	2.0_aligned	2.0_comp	2.1_aligned	2.1_comp	2.2_aligned	2.2_comp	2.3_aligned	2.3_comp	percent_region_1	percent_region_2	gt_fn	pred_fn	1_aligned	1_comp	2_aligned	2_comp
Q72AS4	2wpn	1.248	1.44	0.741	0	0	0	0	0.628	1.488	0	0	0	0	0	0	100.0	100.0	2wpn.cif	AF-Q72AS4-F1-model_v4.cif	1.44	0.741	0.628	1.488
Q72AS4	3ze6	1.193	1.425	0.685	0	0	0	0	0.611	1.454	0	0	0	0	0	0	99.35064935064936	100.0	3ze6.cif	AF-Q72AS4-F1-model_v4.cif	1.425	0.685	0.611	1.454
Q72AS4	3ze7	0.7	0.711	0.629	0	0	0	0	0.611	0.717	0	0	0	0	0	0	100.0	100.0	3ze7.cif	AF-Q72AS4-F1-model_v4.cif	0.711	0.629	0.611	0.717
Q72AS4	3ze8	1.2	1.437	0.71	0	0	0	0	0.605	1.477	0	0	0	0	0	0	100.0	100.0	3ze8.cif	AF-Q72AS4-F1-model_v4.cif	1.437	0.71	0.605	1.477
Q72AS4	3ze9	0.614	0.595	0.567	0	0	0	0	0.544	0.62	0	0	0	0	0	0	99.35064935064936	100.0	3ze9.cif	AF-Q72AS4-F1-model_v4.cif	0.595	0.567	0.544	0.62
Q72AS4	3zea	0.562	0.566	0.551	0	0	0	0	0.522	0.617	0	0	0	0	0	0	100.0	100.0	3zea.cif	AF-Q72AS4-F1-model_v4.cif	0.566	0.551	0.522	0.617
Q72AS4	5jsh	0.907	0.542	0.574	0	0	0	0	0.566	0.581	0	0	0	0	0	0	100.0	100.0	5jsh.cif	AF-Q72AS4-F1-model_v4.cif	0.542	0.574	0.566	0.581
Q72AS4	5jsk	0.966	0.629	0.595	0	0	0	0	0.591	0.669	0	0	0	0	0	0	100.0	100.0	5jsk.cif	AF-Q72AS4-F1-model_v4.cif	0.629	0.595	0.591	0.669
Q72AS4	5jsu	0.948	0.648	0.525	0	0	0	0	0.52	0.679	0	0	0	0	0	0	100.0	100.0	5jsu.cif	AF-Q72AS4-F1-model_v4.cif	0.648	0.525	0.52	0.679
Q72AS4	5jsy	0.95	0.617	0.572	0	0	0	0	0.567	0.646	0	0	0	0	0	0	100.0	100.0	5jsy.cif	AF-Q72AS4-F1-model_v4.cif	0.617	0.572	0.567	0.646
Q72AS4	5jt1	0.927	0.592	0.548	0	0	0	0	0.532	0.622	0	0	0	0	0	0	100.0	100.0	5jt1.cif	AF-Q72AS4-F1-model_v4.cif	0.592	0.548	0.532	0.622
Q72AS4	6rtp	0.909	0.552	0.542	0	0	0	0	0.533	0.582	0	0	0	0	0	0	100.0	100.0	6rtp.cif	AF-Q72AS4-F1-model_v4.cif	0.552	0.542	0.533	0.582
Q72AS4	6ru9	0.718	0.75	0.621	0	0	0	0	0.55	0.877	0	0	0	0	0	0	100.0	100.0	6ru9.cif	AF-Q72AS4-F1-model_v4.cif	0.75	0.621	0.55	0.877
Q72AS4	6ruc	0.882	0.511	0.57	0	0	0	0	0.559	0.576	0	0	0	0	0	0	100.0	100.0	6ruc.cif	AF-Q72AS4-F1-model_v4.cif	0.511	0.57	0.559	0.576
Q72AS4	6z7r	0.706	0.696	0.627	0	0	0	0	0.617	0.714	0	0	0	0	0	0	100.0	100.0	6z7r.cif	AF-Q72AS4-F1-model_v4.cif	0.696	0.627	0.617	0.714
Q72AS4	6z8j	0.742	0.718	0.639	0	0	0	0	0.634	0.743	0	0	0	0	0	0	100.0	100.0	6z8j.cif	AF-Q72AS4-F1-model_v4.cif	0.718	0.639	0.634	0.743
Q72AS4	6z8m	0.944	0.648	0.62	0	0	0	0	0.603	0.7	0	0	0	0	0	0	100.0	100.0	6z8m.cif	AF-Q72AS4-F1-model_v4.cif	0.648	0.62	0.603	0.7
Q72AS4	6z8o	0.715	0.706	0.669	0	0	0	0	0.658	0.718	0	0	0	0	0	0	100.0	100.0	6z8o.cif	AF-Q72AS4-F1-model_v4.cif	0.706	0.669	0.658	0.718
Q72AS4	6z9g	0.677	0.644	0.676	0	0	0	0	0.606	0.671	0	0	0	0	0	0	100.0	100.0	6z9g.cif	AF-Q72AS4-F1-model_v4.cif	0.644	0.676	0.606	0.671
Q72AS4	6z9o	0.616	0.646	0.553	0	0	0	0	0.542	0.661	0	0	0	0	0	0	100.0	100.0	6z9o.cif	AF-Q72AS4-F1-model_v4.cif	0.646	0.553	0.542	0.661
Q72AS4	6za1	0.624	0.648	0.55	0	0	0	0	0.537	0.663	0	0	0	0	0	0	100.0	100.0	6za1.cif	AF-Q72AS4-F1-model_v4.cif	0.648	0.55	0.537	0.663
P14677	1pmd	8.161	2.807	2.529	0	0	0	0	1.314	3.052	0	0	0	0	0	0	100.0	100.0	1pmd.cif	AF-P14677-F1-model_v4.cif	2.807	2.529	1.314	3.052
P14677	1qme	1.137	0.707	1.098	0	0	0	0	1.052	0.73	0	0	0	0	0	0	100.0	100.0	1qme.cif	AF-P14677-F1-model_v4.cif	0.707	1.098	1.052	0.73
P14677	1qmf	1.416	1.075	1.28	0	0	0	0	1.261	1.092	0	0	0	0	0	0	98.33333333333331	100.0	1qmf.cif	AF-P14677-F1-model_v4.cif	1.075	1.28	1.261	1.092
A0A0H2WY27	5tw4	1.078	1.138	1.225	0	0	0	0	0.993	1.789	0	0	0	0	0	0	99.14163090128756	100.0	5tw4.cif	AF-A0A0H2WY27-F1-model_v4.cif	1.138	1.225	0.993	1.789
A0A0H2WY27	5tw8	0.863	0.78	1.167	0	0	0	0	1.083	1.038	0	0	0	0	0	0	100.0	100.0	5tw8.cif	AF-A0A0H2WY27-F1-model_v4.cif	0.78	1.167	1.083	1.038
A0A0H2WY27	5tx9	1.103	1.096	1.276	0	0	0	0	1.111	1.523	0	0	0	0	0	0	99.14163090128756	100.0	5tx9.cif	AF-A0A0H2WY27-F1-model_v4.cif	1.096	1.276	1.111	1.523
A0A0H2WY27	5ty2	1.083	1.118	1.115	0	0	0	0	0.981	1.588	0	0	0	0	0	0	98.71244635193132	100.0	5ty2.cif	AF-A0A0H2WY27-F1-model_v4.cif	1.118	1.115	0.981	1.588
A0A0H2WY27	5ty7	0.77	0.699	1.03	0	0	0	0	0.905	1.126	0	0	0	0	0	0	98.71244635193132	100.0	5ty7.cif	AF-A0A0H2WY27-F1-model_v4.cif	0.699	1.03	0.905	1.126
A0A0H2WY27	6c3k	0.898	0.776	1.228	0	0	0	0	1.09	1.097	0	0	0	0	0	0	99.14163090128756	100.0	6c3k.cif	AF-A0A0H2WY27-F1-model_v4.cif	0.776	1.228	1.09	1.097
A0A0H2WY27	6dz8	0.985	0.814	1.48	0	0	0	0	1.242	1.909	0	0	0	0	0	0	99.57081545064378	100.0	6dz8.cif	AF-A0A0H2WY27-F1-model_v4.cif	0.814	1.48	1.242	1.909
A0A0H2WY27	7kcv	1.346	0.695	1.137	0	0	0	0	0.984	1.182	0	0	0	0	0	0	99.57081545064378	100.0	7kcv.cif	AF-A0A0H2WY27-F1-model_v4.cif	0.695	1.137	0.984	1.182
A0A0H2WY27	7kcw	1.227	0.75	1.231	0	0	0	0	1.016	1.183	0	0	0	0	0	0	99.57081545064378	100.0	7kcw.cif	AF-A0A0H2WY27-F1-model_v4.cif	0.75	1.231	1.016	1.183
A0A0H2WY27	7kcx	1.317	0.794	1.287	0	0	0	0	1.117	1.219	0	0	0	0	0	0	99.57081545064378	100.0	7kcx.cif	AF-A0A0H2WY27-F1-model_v4.cif	0.794	1.287	1.117	1.219
A0A0H2WY27	7kcy	1.264	0.748	1.262	0	0	0	0	1.029	1.305	0	0	0	0	0	0	100.0	100.0	7kcy.cif	AF-A0A0H2WY27-F1-model_v4.cif	0.748	1.262	1.029	1.305
Q8GN86	3cw9	10.827	2.193	25.643	0	0	0	0	1.12	55.781	0	0	0	0	0	0	100.0	100.0	3cw9.cif	AF-Q8GN86-F1-model_v4.cif	2.193	25.643	1.12	55.781
Q51504	3oc2	1.867	1.786	2.369	0	0	0	0	1.425	3.045	0	0	0	0	0	0	100.0	94.66666666666669	3oc2.cif	AF-Q51504-F1-model_v4.cif	1.786	2.369	1.425	3.045
Q51504	3ocl	1.333	1.095	2.141	0	0	0	0	1.143	1.762	0	0	0	0	0	0	99.33333333333331	96.66666666666669	3ocl.cif	AF-Q51504-F1-model_v4.cif	1.095	2.141	1.143	1.762
Q51504	3ocn	1.734	1.781	1.874	0	0	0	0	1.236	3.054	0	0	0	0	0	0	100.0	97.33333333333334	3ocn.cif	AF-Q51504-F1-model_v4.cif	1.781	1.874	1.236	3.054
Q51504	3pbs	1.188	1.111	1.498	0	0	0	0	0.963	1.36	0	0	0	0	0	0	100.0	96.66666666666669	3pbs.cif	AF-Q51504-F1-model_v4.cif	1.111	1.498	0.963	1.36
Q51504	4l0l	1.524	1.531	1.456	0	0	0	0	0.837	2.057	0	0	0	0	0	0	100.0	96.66666666666669	4l0l.cif	AF-Q51504-F1-model_v4.cif	1.531	1.456	0.837	2.057
Q51504	5df7	3.314	1.699	7.635	0	0	0	0	1.081	6.446	0	0	0	0	0	0	100.0	100.0	5df7.cif	AF-Q51504-F1-model_v4.cif	1.699	7.635	1.081	6.446
Q51504	5df8	3.031	1.667	6.963	0	0	0	0	1.124	6.416	0	0	0	0	0	0	100.0	100.0	5df8.cif	AF-Q51504-F1-model_v4.cif	1.667	6.963	1.124	6.416
Q51504	5df9	2.433	2.246	4.958	0	0	0	0	1.163	3.781	0	0	0	0	0	0	100.0	100.0	5df9.cif	AF-Q51504-F1-model_v4.cif	2.246	4.958	1.163	3.781
D9N168	3ht3	1.115	0.883	1.265	0	0	0	0	1.153	0.979	0	0	0	0	0	0	100.0	100.0	3ht3.cif	AF-D9N168-F1-model_v4.cif	0.883	1.265	1.153	0.979
D9N168	4o0i	1.166	0.826	1.4	0	0	0	0	1.253	0.999	0	0	0	0	0	0	100.0	99.51923076923076	4o0i.cif	AF-D9N168-F1-model_v4.cif	0.826	1.4	1.253	0.999
D9N168	6ueu	1.787	0.72	2.8	0	0	0	0	2.667	1.017	0	0	0	0	0	0	100.0	99.03846153846156	6ueu.cif	AF-D9N168-F1-model_v4.cif	0.72	2.8	2.667	1.017
D9N168	6ur2	1.208	0.836	1.554	0	0	0	0	1.317	0.998	0	0	0	0	0	0	100.0	99.51923076923076	6ur2.cif	AF-D9N168-F1-model_v4.cif	0.836	1.554	1.317	0.998
D9N168	6ur4	1.208	0.842	1.584	0	0	0	0	1.275	1.073	0	0	0	0	0	0	100.0	99.51923076923076	6ur4.cif	AF-D9N168-F1-model_v4.cif	0.842	1.584	1.275	1.073
D9N168	6ur9	1.914	0.774	3.003	0	0	0	0	2.893	0.813	0	0	0	0	0	0	100.0	99.03846153846156	6ur9.cif	AF-D9N168-F1-model_v4.cif	0.774	3.003	2.893	0.813
D9N168	6us5	1.959	0.846	3.066	0	0	0	0	2.905	1.003	0	0	0	0	0	0	100.0	99.03846153846156	6us5.cif	AF-D9N168-F1-model_v4.cif	0.846	3.066	2.905	1.003
D9N168	8scg	1.847	0.848	2.852	0	0	0	0	2.689	0.913	0	0	0	0	0	0	100.0	99.03846153846156	8scg.cif	AF-D9N168-F1-model_v4.cif	0.848	2.852	2.689	0.913
D9N168	8sci	1.917	0.927	2.991	0	0	0	0	2.765	1.224	0	0	0	0	0	0	100.0	99.03846153846156	8sci.cif	AF-D9N168-F1-model_v4.cif	0.927	2.991	2.765	1.224
D9N168	8scj	1.95	0.874	3.069	0	0	0	0	2.818	1.418	0	0	0	0	0	0	100.0	99.03846153846156	8scj.cif	AF-D9N168-F1-model_v4.cif	0.874	3.069	2.818	1.418
D9N168	8sck	1.949	0.896	3.071	0	0	0	0	2.847	1.08	0	0	0	0	0	0	100.0	99.03846153846156	8sck.cif	AF-D9N168-F1-model_v4.cif	0.896	3.071	2.847	1.08
D9N168	8scl	1.964	0.829	3.035	0	0	0	0	2.869	0.949	0	0	0	0	0	0	100.0	99.03846153846156	8scl.cif	AF-D9N168-F1-model_v4.cif	0.829	3.035	2.869	0.949
D9N168	8scm	1.979	0.894	3.093	0	0	0	0	2.9	1.101	0	0	0	0	0	0	100.0	99.03846153846156	8scm.cif	AF-D9N168-F1-model_v4.cif	0.894	3.093	2.9	1.101
D9N168	8scn	1.968	0.762	3.142	0	0	0	0	2.946	0.844	0	0	0	0	0	0	100.0	99.03846153846156	8scn.cif	AF-D9N168-F1-model_v4.cif	0.762	3.142	2.946	0.844
D9N168	8sco	2.033	0.825	3.224	0	0	0	0	3.028	0.903	0	0	0	0	0	0	100.0	99.51923076923076	8sco.cif	AF-D9N168-F1-model_v4.cif	0.825	3.224	3.028	0.903
D9N168	8scp	1.994	0.812	3.163	0	0	0	0	2.968	0.898	0	0	0	0	0	0	100.0	99.51923076923076	8scp.cif	AF-D9N168-F1-model_v4.cif	0.812	3.163	2.968	0.898
D9N168	8scq	2.016	0.833	3.245	0	0	0	0	2.949	1.038	0	0	0	0	0	0	100.0	99.51923076923076	8scq.cif	AF-D9N168-F1-model_v4.cif	0.833	3.245	2.949	1.038
D9N168	8scr	2.036	0.776	3.23	0	0	0	0	3.052	0.877	0	0	0	0	0	0	100.0	99.51923076923076	8scr.cif	AF-D9N168-F1-model_v4.cif	0.776	3.23	3.052	0.877
D9N168	8scs	2.017	0.852	3.201	0	0	0	0	2.994	1.0	0	0	0	0	0	0	100.0	99.51923076923076	8scs.cif	AF-D9N168-F1-model_v4.cif	0.852	3.201	2.994	1.0
D9N168	8sct	2.023	0.791	3.235	0	0	0	0	3.037	0.891	0	0	0	0	0	0	100.0	99.51923076923076	8sct.cif	AF-D9N168-F1-model_v4.cif	0.791	3.235	3.037	0.891
D9N168	8scu	2.047	0.809	3.219	0	0	0	0	3.073	0.876	0	0	0	0	0	0	100.0	99.51923076923076	8scu.cif	AF-D9N168-F1-model_v4.cif	0.809	3.219	3.073	0.876
O16025	2fnq	1.822	1.451	4.541	0	0	0	0	1.774	2.2	0	0	0	0	0	0	98.29059829059828	96.18055555555556	2fnq.cif	AF-O16025-F1-model_v4.cif	1.451	4.541	1.774	2.2
O16025	3dy5	1.181	1.227	1.286	0	0	0	0	1.107	1.262	0	0	0	0	0	0	92.3076923076923	91.31944444444444	3dy5.cif	AF-O16025-F1-model_v4.cif	1.227	1.286	1.107	1.262
A0A140DJY3	5wm2	1.334	0.99	2.24	0	0	0	0	1.017	2.587	0	0	0	0	0	0	100.0	100.0	5wm2.cif	AF-A0A140DJY3-F1-model_v4.cif	0.99	2.24	1.017	2.587
A0A140DJY3	5wm3	1.393	0.993	2.214	0	0	0	0	1.012	2.766	0	0	0	0	0	0	100.0	100.0	5wm3.cif	AF-A0A140DJY3-F1-model_v4.cif	0.993	2.214	1.012	2.766
A0A140DJY3	5wm4	1.374	0.973	2.192	0	0	0	0	1.046	2.746	0	0	0	0	0	0	100.0	96.15384615384616	5wm4.cif	AF-A0A140DJY3-F1-model_v4.cif	0.973	2.192	1.046	2.746
A0A140DJY3	5wm5	1.296	0.977	2.157	0	0	0	0	0.971	2.522	0	0	0	0	0	0	100.0	97.43589743589745	5wm5.cif	AF-A0A140DJY3-F1-model_v4.cif	0.977	2.157	0.971	2.522
A0A140DJY3	5wm6	1.317	0.986	2.233	0	0	0	0	1.04	2.654	0	0	0	0	0	0	100.0	100.0	5wm6.cif	AF-A0A140DJY3-F1-model_v4.cif	0.986	2.233	1.04	2.654
A0A140DJY3	5wm7	1.314	1.0	2.167	0	0	0	0	0.987	2.611	0	0	0	0	0	0	100.0	100.0	5wm7.cif	AF-A0A140DJY3-F1-model_v4.cif	1.0	2.167	0.987	2.611
G0WVH3	4d4g	1.288	1.08	2.119	0	0	0	0	1.985	1.65	0	0	0	0	0	0	100.0	75.0	4d4g.cif	AF-G0WVH3-F1-model_v4.cif	1.08	2.119	1.985	1.65
G0WVH3	4d4i	1.255	1.093	1.846	0	0	0	0	1.742	1.516	0	0	0	0	0	0	100.0	76.31578947368422	4d4i.cif	AF-G0WVH3-F1-model_v4.cif	1.093	1.846	1.742	1.516
G0WVH3	4d56	1.278	1.052	2.064	0	0	0	0	2.03	1.658	0	0	0	0	0	0	100.0	77.63157894736842	4d56.cif	AF-G0WVH3-F1-model_v4.cif	1.052	2.064	2.03	1.658
G0WVH3	4d57	1.302	1.088	1.939	0	0	0	0	1.943	1.59	0	0	0	0	0	0	100.0	77.63157894736842	4d57.cif	AF-G0WVH3-F1-model_v4.cif	1.088	1.939	1.943	1.59
E1K248	4ud2	0.874	0.735	0.648	0	0	0	0	0.572	0.894	0	0	0	0	0	0	100.0	100.0	4ud2.cif	AF-E1K248-F1-model_v4.cif	0.735	0.648	0.572	0.894
E1K248	4ud6	0.843	0.721	0.608	0	0	0	0	0.525	0.888	0	0	0	0	0	0	100.0	100.0	4ud6.cif	AF-E1K248-F1-model_v4.cif	0.721	0.608	0.525	0.888
E1K248	4ueq	0.848	0.73	0.571	0	0	0	0	0.543	0.768	0	0	0	0	0	0	100.0	100.0	4ueq.cif	AF-E1K248-F1-model_v4.cif	0.73	0.571	0.543	0.768
A0A0A0V031	5e7q	13.292	1.944	32.322	0	0	0	0	1.191	56.213	0	0	0	0	0	0	96.5174129353234	100.0	5e7q.cif	AF-A0A0A0V031-F1-model_v4.cif	1.944	32.322	1.191	56.213
A0A0A0V031	5upq	13.264	2.003	32.277	0	0	0	0	2.504	56.53	0	0	0	0	0	0	97.01492537313432	100.0	5upq.cif	AF-A0A0A0V031-F1-model_v4.cif	2.003	32.277	2.504	56.53
A0A0A0V031	5ups	0.914	0.679	1.72	0	0	0	0	1.693	0.769	0	0	0	0	0	0	97.2636815920398	100.0	5ups.cif	AF-A0A0A0V031-F1-model_v4.cif	0.679	1.72	1.693	0.769
A0A0A0V031	5upt	13.336	1.959	32.521	0	0	0	0	0.901	56.461	0	0	0	0	0	0	97.2636815920398	100.0	5upt.cif	AF-A0A0A0V031-F1-model_v4.cif	1.959	32.521	0.901	56.461
P59676	1pyy	6.01	0.701	1.504	0	0	0	0	1.309	0.801	0	0	0	0	0	0	100.0	100.0	1pyy.cif	AF-P59676-F1-model_v4.cif	0.701	1.504	1.309	0.801
P59676	5oiz	1.812	1.476	1.893	0	0	0	0	1.874	1.556	0	0	0	0	0	0	100.0	100.0	5oiz.cif	AF-P59676-F1-model_v4.cif	1.476	1.893	1.874	1.556
P59676	5oj1	2.409	1.133	1.586	0	0	0	0	1.549	1.176	0	0	0	0	0	0	100.0	100.0	5oj1.cif	AF-P59676-F1-model_v4.cif	1.133	1.586	1.549	1.176
A0A0F7R6G7	6m01	2.806	1.504	3.134	0	0	0	0	1.175	6.762	0	0	0	0	0	0	98.53300733496332	79.22077922077922	6m01.cif	AF-A0A0F7R6G7-F1-model_v4.cif	1.504	3.134	1.175	6.762
A0A0F7R6G7	7dq5	11.095	1.479	29.064	0	0	0	0	1.378	56.76	0	0	0	0	0	0	96.33251833740832	81.81818181818183	7dq5.cif	AF-A0A0F7R6G7-F1-model_v4.cif	1.479	29.064	1.378	56.76
O68880	4imh	1.327	1.607	0.929	0	0	0	0	0.841	1.677	0	0	0	0	0	0	100.0	100.0	4imh.cif	AF-O68880-F1-model_v4.cif	1.607	0.929	0.841	1.677
O68880	4mf9	1.285	1.489	0.913	0	0	0	0	0.802	1.597	0	0	0	0	0	0	100.0	100.0	4mf9.cif	AF-O68880-F1-model_v4.cif	1.489	0.913	0.802	1.597
O68880	4mgf	1.162	1.092	0.805	0	0	0	0	0.761	1.138	0	0	0	0	0	0	97.6923076923077	100.0	4mgf.cif	AF-O68880-F1-model_v4.cif	1.092	0.805	0.761	1.138
A0A3B6UEQ0	7vxq	0.818	0.814	0.79	0	0	0	0	0.714	0.887	0	0	0	0	0	0	100.0	100.0	7vxq.cif	AF-A0A3B6UEQ0-F1-model_v4.cif	0.814	0.79	0.714	0.887
Q941M3	3a9u	15.97	2.054	39.166	0	0	0	0	1.182	44.103	0	0	0	0	0	0	98.0440097799511	100.0	3a9u.cif	AF-Q941M3-F1-model_v4.cif	2.054	39.166	1.182	44.103
Q941M3	3a9v	11.563	2.485	28.245	0	0	0	0	1.102	53.428	0	0	0	0	0	0	100.0	100.0	3a9v.cif	AF-Q941M3-F1-model_v4.cif	2.485	28.245	1.102	53.428
Q941M3	3ni2	11.696	2.509	28.676	0	0	0	0	1.032	53.622	0	0	0	0	0	0	100.0	100.0	3ni2.cif	AF-Q941M3-F1-model_v4.cif	2.509	28.676	1.032	53.622
H6SG27	5n9w	10.96	2.977	25.518	0	0	0	0	1.134	58.139	0	0	0	0	0	0	93.10344827586206	91.13924050632912	5n9w.cif	AF-H6SG27-F1-model_v4.cif	2.977	25.518	1.134	58.139
H6SG27	5n9x	10.748	3.008	25.454	0	0	0	0	1.184	56.726	0	0	0	0	0	0	96.0591133004926	89.87341772151899	5n9x.cif	AF-H6SG27-F1-model_v4.cif	3.008	25.454	1.184	56.726
F2Z6J5	3ayx	1.658	0.888	0.96	0	0	0	0	0.846	1.017	0	0	0	0	0	0	100.0	100.0	3ayx.cif	AF-F2Z6J5-F1-model_v4.cif	0.888	0.96	0.846	1.017
F2Z6J5	3ayz	1.674	0.836	0.959	0	0	0	0	0.843	0.99	0	0	0	0	0	0	100.0	100.0	3ayz.cif	AF-F2Z6J5-F1-model_v4.cif	0.836	0.959	0.843	0.99
Q9I5E6	6s62	3.348	0.855	7.714	0	0	0	0	2.244	8.082	0	0	0	0	0	0	100.0	100.0	6s62.cif	AF-Q9I5E6-F1-model_v4.cif	0.855	7.714	2.244	8.082
Q87I71	2p3y	1.063	0.912	0.968	0	0	0	0	0.906	0.972	0	0	0	0	0	0	97.0873786407767	99.06542056074768	2p3y.cif	AF-Q87I71-F1-model_v4.cif	0.912	0.968	0.906	0.972
Q87I71	3vb9	1.464	1.376	2.002	0	0	0	0	1.025	2.771	0	0	0	0	0	0	97.0873786407767	99.06542056074768	3vb9.cif	AF-Q87I71-F1-model_v4.cif	1.376	2.002	1.025	2.771
Q8X5N8	1u9t	2.302	1.343	1.382	0	0	0	0	1.167	1.585	0	0	0	0	0	0	99.2248062015504	99.24242424242424	1u9t.cif	AF-Q8X5N8-F1-model_v4.cif	1.343	1.382	1.167	1.585
Q8X5N8	4cdp	1.112	0.84	1.184	0	0	0	0	1.02	1.034	0	0	0	0	0	0	100.0	100.0	4cdp.cif	AF-Q8X5N8-F1-model_v4.cif	0.84	1.184	1.02	1.034
Q47NR5	6e8o	11.969	2.293	29.508	0	0	0	0	2.118	57.871	0	0	0	0	0	0	100.0	98.68421052631578	6e8o.cif	AF-Q47NR5-F1-model_v4.cif	2.293	29.508	2.118	57.871
Q47NR5	6e97	11.86	2.295	29.323	0	0	0	0	2.22	57.652	0	0	0	0	0	0	100.0	97.36842105263158	6e97.cif	AF-Q47NR5-F1-model_v4.cif	2.295	29.323	2.22	57.652
M4GWN4	7a9i	5.219	2.234	11.231	0	0	0	0	1.437	12.51	0	0	0	0	0	0	97.2568578553616	93.42105263157896	7a9i.cif	AF-M4GWN4-F1-model_v4.cif	2.234	11.231	1.437	12.51
M4GWN4	7a9j	5.38	2.266	11.713	0	0	0	0	1.545	12.445	0	0	0	0	0	0	97.50623441396507	94.73684210526316	7a9j.cif	AF-M4GWN4-F1-model_v4.cif	2.266	11.713	1.545	12.445
Q6NC13	4rmn	0.875	0.703	1.506	0	0	0	0	0.892	2.041	0	0	0	0	0	0	98.77450980392156	100.0	4rmn.cif	AF-Q6NC13-F1-model_v4.cif	0.703	1.506	0.892	2.041
Q6NC13	4zjz	0.928	0.68	1.735	0	0	0	0	0.835	2.341	0	0	0	0	0	0	98.77450980392156	100.0	4zjz.cif	AF-Q6NC13-F1-model_v4.cif	0.68	1.735	0.835	2.341
B9PW60	4ir8	1.328	1.1	1.135	0	0	0	0	1.07	1.268	0	0	0	0	0	0	91.30434782608695	100.0	4ir8.cif	AF-B9PW60-F1-model_v4.cif	1.1	1.135	1.07	1.268
A0R0V0	5kei	10.673	2.657	25.493	0	0	0	0	1.084	46.726	0	0	0	0	0	0	97.08029197080292	100.0	5kei.cif	AF-A0R0V0-F1-model_v4.cif	2.657	25.493	1.084	46.726
P83789	1ru3	7.59	0.953	28.139	0	0	0	0	1.767	22.162	0	0	0	0	0	0	100.0	100.0	1ru3.cif	AF-P83789-F1-model_v4.cif	0.953	28.139	1.767	22.162
Q9L869	1e3d	0.802	0.794	0.801	0	0	0	0	0.744	0.831	0	0	0	0	0	0	100.0	100.0	1e3d.cif	AF-Q9L869-F1-model_v4.cif	0.794	0.801	0.744	0.831
D3RV29	3myr	1.223	0.968	1.041	0	0	0	0	0.92	1.13	0	0	0	0	0	0	100.0	100.0	3myr.cif	AF-D3RV29-F1-model_v4.cif	0.968	1.041	0.92	1.13
F3Y661	4wv3	2.332	1.069	5.237	0	0	0	0	1.482	6.257	0	0	0	0	0	0	98.50746268656717	100.0	4wv3.cif	AF-F3Y661-F1-model_v4.cif	1.069	5.237	1.482	6.257
Q2TU34	5zwk	2.921	3.803	1.151	0	0	0	0	1.136	3.829	0	0	0	0	0	0	95.6989247311828	100.0	5zwk.cif	AF-Q2TU34-F1-model_v4.cif	3.803	1.151	1.136	3.829
A9T230	5iz1	3.569	4.775	1.475	0	0	0	0	0.978	4.676	0	0	0	0	0	0	92.0	100.0	5iz1.cif	AF-A9T230-F1-model_v4.cif	4.775	1.475	0.978	4.676
P0AG30	1a62	1.275	1.041	1.686	0	0	0	0	1.287	1.239	0	0	0	0	0	0	93.61702127659576	100.0	1a62.cif	AF-P0AG30-F1-model_v4.cif	1.041	1.686	1.287	1.239
P0AG30	1a63	3.21	1.994	3.328	0	0	0	0	3.184	2.436	0	0	0	0	0	0	100.0	100.0	1a63.cif	AF-P0AG30-F1-model_v4.cif	1.994	3.328	3.184	2.436
P0AG30	3ice	1.992	1.835	1.875	0	0	0	0	1.315	2.018	0	0	0	0	0	0	61.70212765957447	100.0	3ice.cif	AF-P0AG30-F1-model_v4.cif	1.835	1.875	1.315	2.018
P0AG30	6wa8	3.015	4.644	6.318	0	0	0	0	1.893	5.339	0	0	0	0	0	0	100.0	100.0	6wa8.cif	AF-P0AG30-F1-model_v4.cif	4.644	6.318	1.893	5.339
P0AG30	7x2r	2.462	2.068	1.897	0	0	0	0	1.722	2.097	0	0	0	0	0	0	100.0	100.0	7x2r.cif	AF-P0AG30-F1-model_v4.cif	2.068	1.897	1.722	2.097
P0AG30	8ptg	1.88	2.173	1.693	0	0	0	0	1.565	2.258	0	0	0	0	0	0	100.0	100.0	8ptg.cif	AF-P0AG30-F1-model_v4.cif	2.173	1.693	1.565	2.258
P0AG30	8ptm	1.733	2.586	1.798	0	0	0	0	1.244	2.735	0	0	0	0	0	0	100.0	100.0	8ptm.cif	AF-P0AG30-F1-model_v4.cif	2.586	1.798	1.244	2.735
P0AG30	8ptn	1.925	2.633	1.564	0	0	0	0	1.449	2.757	0	0	0	0	0	0	100.0	100.0	8ptn.cif	AF-P0AG30-F1-model_v4.cif	2.633	1.564	1.449	2.757
P0AG30	8pto	1.655	2.349	1.538	0	0	0	0	1.411	2.375	0	0	0	0	0	0	100.0	100.0	8pto.cif	AF-P0AG30-F1-model_v4.cif	2.349	1.538	1.411	2.375
P0AG30	8ptp	1.782	2.497	1.948	0	0	0	0	1.4	2.598	0	0	0	0	0	0	100.0	100.0	8ptp.cif	AF-P0AG30-F1-model_v4.cif	2.497	1.948	1.4	2.598
P0AG30	8q3n	1.629	1.973	1.525	0	0	0	0	1.413	2.024	0	0	0	0	0	0	100.0	100.0	8q3n.cif	AF-P0AG30-F1-model_v4.cif	1.973	1.525	1.413	2.024
P0AG30	8q3o	2.104	2.848	1.922	0	0	0	0	1.794	2.9	0	0	0	0	0	0	100.0	100.0	8q3o.cif	AF-P0AG30-F1-model_v4.cif	2.848	1.922	1.794	2.9
P23687	1e5t	0.818	0.901	0.67	0	0	0	0	0.665	0.912	0	0	0	0	0	0	99.53051643192488	99.64788732394366	1e5t.cif	AF-P23687-F1-model_v4.cif	0.901	0.67	0.665	0.912
P23687	1e8m	0.885	0.975	0.727	0	0	0	0	0.715	0.984	0	0	0	0	0	0	100.0	99.64788732394366	1e8m.cif	AF-P23687-F1-model_v4.cif	0.975	0.727	0.715	0.984
P23687	1e8n	0.804	0.857	0.72	0	0	0	0	0.709	0.867	0	0	0	0	0	0	100.0	99.64788732394366	1e8n.cif	AF-P23687-F1-model_v4.cif	0.857	0.72	0.709	0.867
P23687	1h2w	0.825	0.908	0.676	0	0	0	0	0.668	0.916	0	0	0	0	0	0	100.0	100.0	1h2w.cif	AF-P23687-F1-model_v4.cif	0.908	0.676	0.668	0.916
P23687	1h2x	0.87	0.972	0.679	0	0	0	0	0.674	0.982	0	0	0	0	0	0	100.0	99.64788732394366	1h2x.cif	AF-P23687-F1-model_v4.cif	0.972	0.679	0.674	0.982
P23687	1h2y	0.81	0.884	0.683	0	0	0	0	0.672	0.891	0	0	0	0	0	0	100.0	99.64788732394366	1h2y.cif	AF-P23687-F1-model_v4.cif	0.884	0.683	0.672	0.891
P23687	1h2z	0.846	0.899	0.76	0	0	0	0	0.75	0.91	0	0	0	0	0	0	100.0	99.64788732394366	1h2z.cif	AF-P23687-F1-model_v4.cif	0.899	0.76	0.75	0.91
P23687	1o6f	0.86	0.938	0.719	0	0	0	0	0.711	0.956	0	0	0	0	0	0	100.0	99.64788732394366	1o6f.cif	AF-P23687-F1-model_v4.cif	0.938	0.719	0.711	0.956
P23687	1o6g	0.947	1.042	0.78	0	0	0	0	0.75	1.102	0	0	0	0	0	0	99.76525821596243	99.64788732394366	1o6g.cif	AF-P23687-F1-model_v4.cif	1.042	0.78	0.75	1.102
P23687	1qfm	0.958	1.048	0.803	0	0	0	0	0.794	1.057	0	0	0	0	0	0	99.06103286384976	99.64788732394366	1qfm.cif	AF-P23687-F1-model_v4.cif	1.048	0.803	0.794	1.057
P23687	1qfs	0.99	1.064	0.863	0	0	0	0	0.853	1.072	0	0	0	0	0	0	100.0	100.0	1qfs.cif	AF-P23687-F1-model_v4.cif	1.064	0.863	0.853	1.072
P23687	1uoo	0.855	0.915	0.753	0	0	0	0	0.746	0.92	0	0	0	0	0	0	100.0	99.64788732394366	1uoo.cif	AF-P23687-F1-model_v4.cif	0.915	0.753	0.746	0.92
P23687	1uop	0.829	0.911	0.68	0	0	0	0	0.676	0.914	0	0	0	0	0	0	100.0	99.64788732394366	1uop.cif	AF-P23687-F1-model_v4.cif	0.911	0.68	0.676	0.914
P23687	1uoq	0.855	0.909	0.77	0	0	0	0	0.758	0.917	0	0	0	0	0	0	100.0	99.64788732394366	1uoq.cif	AF-P23687-F1-model_v4.cif	0.909	0.77	0.758	0.917
P23687	1vz2	0.909	0.978	0.795	0	0	0	0	0.781	0.989	0	0	0	0	0	0	99.53051643192488	99.64788732394366	1vz2.cif	AF-P23687-F1-model_v4.cif	0.978	0.795	0.781	0.989
P23687	1vz3	0.86	0.957	0.693	0	0	0	0	0.672	0.975	0	0	0	0	0	0	100.0	99.64788732394366	1vz3.cif	AF-P23687-F1-model_v4.cif	0.957	0.693	0.672	0.975
P23687	2xdw	0.83	0.913	0.687	0	0	0	0	0.671	0.921	0	0	0	0	0	0	100.0	100.0	2xdw.cif	AF-P23687-F1-model_v4.cif	0.913	0.687	0.671	0.921
P23687	3eq7	0.909	0.964	0.831	0	0	0	0	0.796	0.992	0	0	0	0	0	0	99.29577464788731	100.0	3eq7.cif	AF-P23687-F1-model_v4.cif	0.964	0.831	0.796	0.992
P23687	3eq8	0.906	0.944	0.852	0	0	0	0	0.836	0.959	0	0	0	0	0	0	99.76525821596243	100.0	3eq8.cif	AF-P23687-F1-model_v4.cif	0.944	0.852	0.836	0.959
P23687	3eq9	0.959	0.995	0.91	0	0	0	0	0.888	1.023	0	0	0	0	0	0	99.53051643192488	100.0	3eq9.cif	AF-P23687-F1-model_v4.cif	0.995	0.91	0.888	1.023
P23687	4amy	0.824	0.911	0.667	0	0	0	0	0.662	0.913	0	0	0	0	0	0	100.0	100.0	4amy.cif	AF-P23687-F1-model_v4.cif	0.911	0.667	0.662	0.913
P23687	4amz	0.835	0.911	0.702	0	0	0	0	0.695	0.915	0	0	0	0	0	0	100.0	100.0	4amz.cif	AF-P23687-F1-model_v4.cif	0.911	0.702	0.695	0.915
P23687	4an0	0.826	0.906	0.686	0	0	0	0	0.679	0.914	0	0	0	0	0	0	100.0	100.0	4an0.cif	AF-P23687-F1-model_v4.cif	0.906	0.686	0.679	0.914
P23687	4an1	0.85	0.936	0.702	0	0	0	0	0.689	0.946	0	0	0	0	0	0	100.0	100.0	4an1.cif	AF-P23687-F1-model_v4.cif	0.936	0.702	0.689	0.946
P23687	4ax4	1.022	0.996	1.135	0	0	0	0	1.013	1.079	0	0	0	0	0	0	97.65258215962442	99.64788732394366	4ax4.cif	AF-P23687-F1-model_v4.cif	0.996	1.135	1.013	1.079
P23687	4bcb	0.845	0.928	0.705	0	0	0	0	0.687	0.937	0	0	0	0	0	0	100.0	100.0	4bcb.cif	AF-P23687-F1-model_v4.cif	0.928	0.705	0.687	0.937
P23687	4bcc	0.831	0.92	0.675	0	0	0	0	0.658	0.928	0	0	0	0	0	0	100.0	100.0	4bcc.cif	AF-P23687-F1-model_v4.cif	0.92	0.675	0.658	0.928
P23687	4bcd	0.838	0.923	0.691	0	0	0	0	0.676	0.929	0	0	0	0	0	0	100.0	100.0	4bcd.cif	AF-P23687-F1-model_v4.cif	0.923	0.691	0.676	0.929
O69275	2j3v	1.544	1.267	1.24	0	0	0	0	1.145	1.321	0	0	0	0	0	0	98.23008849557522	100.0	2j3v.cif	AF-O69275-F1-model_v4.cif	1.267	1.24	1.145	1.321
O69275	2j3x	1.523	1.26	1.103	0	0	0	0	1.061	1.301	0	0	0	0	0	0	98.23008849557522	99.50248756218906	2j3x.cif	AF-O69275-F1-model_v4.cif	1.26	1.103	1.061	1.301
O69275	2j3z	1.358	1.586	1.013	0	0	0	0	0.92	1.614	0	0	0	0	0	0	98.6725663716814	100.0	2j3z.cif	AF-O69275-F1-model_v4.cif	1.586	1.013	0.92	1.614
Q7KLV9	3txm	1.244	1.357	1.414	0	0	0	0	0.994	1.564	0	0	0	0	0	0	83.40807174887892	98.81656804733728	3txm.cif	AF-Q7KLV9-F1-model_v4.cif	1.357	1.414	0.994	1.564
Q7KLV9	3txn	1.243	1.348	1.446	0	0	0	0	0.95	1.758	0	0	0	0	0	0	83.40807174887892	98.81656804733728	3txn.cif	AF-Q7KLV9-F1-model_v4.cif	1.348	1.446	0.95	1.758
H2E7Q8	5n4b	0.718	0	0	0.746	0.886	0.616	0.787	0.765	0.693	0	0	0	0	0	0	97.49303621169916	100.0	5n4b.cif	AF-H2E7Q8-F1-model_v4.cif	0.681	0.837	0.765	0.693
H2E7Q8	5n4c	0.773	0	0	0.715	0.973	0.693	0.912	0.744	0.935	0	0	0	0	0	0	98.050139275766	99.46091644204851	5n4c.cif	AF-H2E7Q8-F1-model_v4.cif	0.704	0.943	0.744	0.935
H2E7Q8	5n4d	0.831	0	0	0.728	0.968	0.896	0.85	0.784	0.93	0	0	0	0	0	0	97.49303621169916	99.46091644204851	5n4d.cif	AF-H2E7Q8-F1-model_v4.cif	0.812	0.909	0.784	0.93
H2E7Q8	5n4e	0.787	0	0	0.793	0.831	0.766	0.798	0.797	0.788	0	0	0	0	0	0	97.49303621169916	97.84366576819409	5n4e.cif	AF-H2E7Q8-F1-model_v4.cif	0.78	0.815	0.797	0.788
H2E7Q8	5n4f	5.771	0	0	1.187	14.554	1.482	14.529	1.16	15.404	0	0	0	0	0	0	94.98607242339833	97.57412398921834	5n4f.cif	AF-H2E7Q8-F1-model_v4.cif	1.335	14.541	1.16	15.404
P04958	4j1l	1.264	1.275	1.261	0	0	0	0	1.228	1.297	0	0	0	0	0	0	91.6	79.1044776119403	4j1l.cif	AF-P04958-F1-model_v4.cif	1.275	1.261	1.228	1.297
P04958	5n0b	1.257	0.725	0.69	0	0	0	0	0.658	0.746	0	0	0	0	0	0	100.0	93.53233830845772	5n0b.cif	AF-P04958-F1-model_v4.cif	0.725	0.69	0.658	0.746
P04958	5n0c	0.811	0.72	0.63	0	0	0	0	0.619	0.728	0	0	0	0	0	0	100.0	96.01990049751244	5n0c.cif	AF-P04958-F1-model_v4.cif	0.72	0.63	0.619	0.728
P04958	7by5	23.09	1.369	1.091	0	0	0	0	1.071	1.384	0	0	0	0	0	0	98.8	94.5273631840796	7by5.cif	AF-P04958-F1-model_v4.cif	1.369	1.091	1.071	1.384
P04958	7oh1	1.418	0.819	0.83	0	0	0	0	0.799	0.846	0	0	0	0	0	0	100.0	94.5273631840796	7oh1.cif	AF-P04958-F1-model_v4.cif	0.819	0.83	0.799	0.846
P04807	1ig8	1.132	1.044	1.722	0	0	0	0	1.015	1.629	0	0	0	0	0	0	100.0	100.0	1ig8.cif	AF-P04807-F1-model_v4.cif	1.044	1.722	1.015	1.629
O60729	1ohc	0.986	1.04	0.937	0	0	0	0	0.87	1.09	0	0	0	0	0	0	100.0	100.0	1ohc.cif	AF-O60729-F1-model_v4.cif	1.04	0.937	0.87	1.09
O60729	1ohd	1.0	1.054	0.938	0	0	0	0	0.886	1.105	0	0	0	0	0	0	100.0	100.0	1ohd.cif	AF-O60729-F1-model_v4.cif	1.054	0.938	0.886	1.105
O60729	1ohe	0.897	0.978	0.847	0	0	0	0	0.745	1.054	0	0	0	0	0	0	100.0	99.37888198757764	1ohe.cif	AF-O60729-F1-model_v4.cif	0.978	0.847	0.745	1.054
P23694	1af0	0.779	0.862	0.743	0	0	0	0	0.655	0.93	0	0	0	0	0	0	92.6829268292683	98.6046511627907	1af0.cif	AF-P23694-F1-model_v4.cif	0.862	0.743	0.655	0.93
P23694	1sat	0.849	0.964	0.75	0	0	0	0	0.67	1.043	0	0	0	0	0	0	91.46341463414636	98.13953488372093	1sat.cif	AF-P23694-F1-model_v4.cif	0.964	0.75	0.67	1.043
P23694	1smp	0.879	0.91	0.941	0	0	0	0	0.761	1.112	0	0	0	0	0	0	92.27642276422765	99.53488372093024	1smp.cif	AF-P23694-F1-model_v4.cif	0.91	0.941	0.761	1.112
P23694	5d7w	1.108	1.422	0.72	0	0	0	0	0.628	1.478	0	0	0	0	0	0	92.27642276422765	99.53488372093024	5d7w.cif	AF-P23694-F1-model_v4.cif	1.422	0.72	0.628	1.478
Q49434	1ydx	2.463	3.246	3.894	0	0	0	0	1.39	4.022	0	0	0	0	0	0	98.59154929577466	93.53233830845772	1ydx.cif	AF-Q49434-F1-model_v4.cif	3.246	3.894	1.39	4.022
P15873	1plq	2.659	1.962	3.183	0	0	0	0	2.798	2.657	0	0	0	0	0	0	100.0	100.0	1plq.cif	AF-P15873-F1-model_v4.cif	1.962	3.183	2.798	2.657
P15873	1plr	2.732	1.981	3.648	0	0	0	0	2.857	2.863	0	0	0	0	0	0	100.0	100.0	1plr.cif	AF-P15873-F1-model_v4.cif	1.981	3.648	2.857	2.863
P15873	1sxj	1.986	1.546	1.978	0	0	0	0	1.582	2.585	0	0	0	0	0	0	98.29059829059828	95.96774193548389	1sxj.cif	AF-P15873-F1-model_v4.cif	1.546	1.978	1.582	2.585
P15873	2od8	1.793	1.708	1.823	0	0	0	0	1.415	2.292	0	0	0	0	0	0	100.0	97.58064516129032	2od8.cif	AF-P15873-F1-model_v4.cif	1.708	1.823	1.415	2.292
P15873	3f1w	1.697	1.469	2.1	0	0	0	0	1.288	1.694	0	0	0	0	0	0	100.0	95.96774193548389	3f1w.cif	AF-P15873-F1-model_v4.cif	1.469	2.1	1.288	1.694
P15873	3gpm	1.849	1.672	1.865	0	0	0	0	1.49	1.793	0	0	0	0	0	0	99.14529914529916	96.7741935483871	3gpm.cif	AF-P15873-F1-model_v4.cif	1.672	1.865	1.49	1.793
P15873	3gpn	1.336	1.193	1.297	0	0	0	0	1.134	1.493	0	0	0	0	0	0	99.14529914529916	95.96774193548389	3gpn.cif	AF-P15873-F1-model_v4.cif	1.193	1.297	1.134	1.493
P15873	3v60	1.828	1.763	1.518	0	0	0	0	1.14	2.091	0	0	0	0	0	0	100.0	98.38709677419357	3v60.cif	AF-P15873-F1-model_v4.cif	1.763	1.518	1.14	2.091
P15873	3v61	3.104	1.996	8.722	0	0	0	0	1.363	6.035	0	0	0	0	0	0	100.0	96.7741935483871	3v61.cif	AF-P15873-F1-model_v4.cif	1.996	8.722	1.363	6.035
P15873	3v62	3.058	1.504	9.274	0	0	0	0	1.356	6.395	0	0	0	0	0	0	100.0	97.58064516129032	3v62.cif	AF-P15873-F1-model_v4.cif	1.504	9.274	1.356	6.395
P15873	4l60	1.935	1.767	1.806	0	0	0	0	1.537	2.033	0	0	0	0	0	0	99.14529914529916	98.38709677419357	4l60.cif	AF-P15873-F1-model_v4.cif	1.767	1.806	1.537	2.033
P15873	4l6p	1.425	1.565	1.464	0	0	0	0	1.165	1.858	0	0	0	0	0	0	99.14529914529916	96.7741935483871	4l6p.cif	AF-P15873-F1-model_v4.cif	1.565	1.464	1.165	1.858
P15873	4yhr	1.856	1.823	1.613	0	0	0	0	1.414	1.935	0	0	0	0	0	0	100.0	98.38709677419357	4yhr.cif	AF-P15873-F1-model_v4.cif	1.823	1.613	1.414	1.935
P15873	5jne	1.588	1.24	1.55	0	0	0	0	1.33	1.429	0	0	0	0	0	0	97.43589743589745	95.96774193548389	5jne.cif	AF-P15873-F1-model_v4.cif	1.24	1.55	1.33	1.429
P15873	5t9d	1.596	1.22	1.756	0	0	0	0	1.116	1.594	0	0	0	0	0	0	97.43589743589745	94.35483870967742	5t9d.cif	AF-P15873-F1-model_v4.cif	1.22	1.756	1.116	1.594
P15873	5v7k	1.924	1.747	2.009	0	0	0	0	1.4	2.185	0	0	0	0	0	0	98.29059829059828	97.58064516129032	5v7k.cif	AF-P15873-F1-model_v4.cif	1.747	2.009	1.4	2.185
P15873	5v7l	1.899	1.859	1.739	0	0	0	0	1.332	2.097	0	0	0	0	0	0	98.29059829059828	97.58064516129032	5v7l.cif	AF-P15873-F1-model_v4.cif	1.859	1.739	1.332	2.097
P15873	5v7m	1.932	1.415	2.458	0	0	0	0	1.556	2.417	0	0	0	0	0	0	100.0	96.7741935483871	5v7m.cif	AF-P15873-F1-model_v4.cif	1.415	2.458	1.556	2.417
P15873	5zut	2.358	1.846	1.84	0	0	0	0	1.654	2.213	0	0	0	0	0	0	100.0	97.58064516129032	5zut.cif	AF-P15873-F1-model_v4.cif	1.846	1.84	1.654	2.213
P15873	6cx2	1.889	1.855	1.786	0	0	0	0	1.396	1.966	0	0	0	0	0	0	100.0	95.96774193548389	6cx2.cif	AF-P15873-F1-model_v4.cif	1.855	1.786	1.396	1.966
P15873	6cx3	1.801	1.8	1.585	0	0	0	0	1.248	1.889	0	0	0	0	0	0	100.0	96.7741935483871	6cx3.cif	AF-P15873-F1-model_v4.cif	1.8	1.585	1.248	1.889
P15873	6cx4	1.987	1.784	2.491	0	0	0	0	1.41	2.382	0	0	0	0	0	0	100.0	95.96774193548389	6cx4.cif	AF-P15873-F1-model_v4.cif	1.784	2.491	1.41	2.382
P15873	6d0q	1.962	1.75	1.901	0	0	0	0	1.733	1.811	0	0	0	0	0	0	99.14529914529916	100.0	6d0q.cif	AF-P15873-F1-model_v4.cif	1.75	1.901	1.733	1.811
P15873	6d0r	1.849	1.843	1.526	0	0	0	0	1.257	1.98	0	0	0	0	0	0	99.14529914529916	98.38709677419357	6d0r.cif	AF-P15873-F1-model_v4.cif	1.843	1.526	1.257	1.98
P15873	6e49	1.715	1.692	1.666	0	0	0	0	1.405	2.175	0	0	0	0	0	0	100.0	97.58064516129032	6e49.cif	AF-P15873-F1-model_v4.cif	1.692	1.666	1.405	2.175
P15873	6w9w	1.801	1.695	2.046	0	0	0	0	1.07	2.351	0	0	0	0	0	0	99.14529914529916	96.7741935483871	6w9w.cif	AF-P15873-F1-model_v4.cif	1.695	2.046	1.07	2.351
P15873	6wac	1.954	1.839	1.788	0	0	0	0	1.221	2.165	0	0	0	0	0	0	100.0	94.35483870967742	6wac.cif	AF-P15873-F1-model_v4.cif	1.839	1.788	1.221	2.165
P15873	7tfh	2.181	1.767	2.363	0	0	0	0	1.77	2.371	0	0	0	0	0	0	98.29059829059828	95.96774193548389	7tfh.cif	AF-P15873-F1-model_v4.cif	1.767	2.363	1.77	2.371
P15873	7tfi	2.305	2.138	2.244	0	0	0	0	1.844	2.627	0	0	0	0	0	0	98.29059829059828	95.96774193548389	7tfi.cif	AF-P15873-F1-model_v4.cif	2.138	2.244	1.844	2.627
P15873	7tfj	1.564	1.385	1.69	0	0	0	0	1.287	1.742	0	0	0	0	0	0	98.29059829059828	95.96774193548389	7tfj.cif	AF-P15873-F1-model_v4.cif	1.385	1.69	1.287	1.742
P15873	7thj	1.909	1.697	1.768	0	0	0	0	1.287	2.227	0	0	0	0	0	0	100.0	96.7741935483871	7thj.cif	AF-P15873-F1-model_v4.cif	1.697	1.768	1.287	2.227
P15873	7thv	1.849	1.674	1.737	0	0	0	0	1.262	2.162	0	0	0	0	0	0	100.0	96.7741935483871	7thv.cif	AF-P15873-F1-model_v4.cif	1.674	1.737	1.262	2.162
P15873	7ti8	1.998	1.484	4.296	0	0	0	0	1.288	3.914	0	0	0	0	0	0	100.0	98.38709677419357	7ti8.cif	AF-P15873-F1-model_v4.cif	1.484	4.296	1.288	3.914
P15873	7tib	1.964	1.559	3.911	0	0	0	0	1.343	3.447	0	0	0	0	0	0	100.0	97.58064516129032	7tib.cif	AF-P15873-F1-model_v4.cif	1.559	3.911	1.343	3.447
P15873	7tic	1.969	1.711	1.795	0	0	0	0	1.348	2.287	0	0	0	0	0	0	100.0	96.7741935483871	7tic.cif	AF-P15873-F1-model_v4.cif	1.711	1.795	1.348	2.287
P15873	7tid	1.771	1.451	1.895	0	0	0	0	1.432	2.021	0	0	0	0	0	0	100.0	97.58064516129032	7tid.cif	AF-P15873-F1-model_v4.cif	1.451	1.895	1.432	2.021
P15873	7tku	2.083	1.589	4.171	0	0	0	0	1.324	3.864	0	0	0	0	0	0	100.0	99.19354838709675	7tku.cif	AF-P15873-F1-model_v4.cif	1.589	4.171	1.324	3.864
P15873	7u19	1.619	1.411	1.8	0	0	0	0	1.307	2.025	0	0	0	0	0	0	100.0	97.58064516129032	7u19.cif	AF-P15873-F1-model_v4.cif	1.411	1.8	1.307	2.025
P15873	7u1a	1.648	1.426	1.456	0	0	0	0	1.239	1.618	0	0	0	0	0	0	100.0	97.58064516129032	7u1a.cif	AF-P15873-F1-model_v4.cif	1.426	1.456	1.239	1.618
P15873	7u1p	1.534	1.416	1.652	0	0	0	0	1.193	1.708	0	0	0	0	0	0	100.0	97.58064516129032	7u1p.cif	AF-P15873-F1-model_v4.cif	1.416	1.652	1.193	1.708
P15873	8dqx	2.161	1.417	4.749	0	0	0	0	1.225	4.139	0	0	0	0	0	0	100.0	98.38709677419357	8dqx.cif	AF-P15873-F1-model_v4.cif	1.417	4.749	1.225	4.139
P15873	8dqz	1.658	1.338	3.342	0	0	0	0	1.208	3.064	0	0	0	0	0	0	100.0	98.38709677419357	8dqz.cif	AF-P15873-F1-model_v4.cif	1.338	3.342	1.208	3.064
P15873	8dr1	1.416	1.246	2.005	0	0	0	0	1.215	1.866	0	0	0	0	0	0	100.0	98.38709677419357	8dr1.cif	AF-P15873-F1-model_v4.cif	1.246	2.005	1.215	1.866
P15873	8dr3	1.395	1.246	1.898	0	0	0	0	1.185	1.846	0	0	0	0	0	0	100.0	98.38709677419357	8dr3.cif	AF-P15873-F1-model_v4.cif	1.246	1.898	1.185	1.846
P15873	8dr4	2.0	1.351	4.295	0	0	0	0	1.125	3.545	0	0	0	0	0	0	100.0	98.38709677419357	8dr4.cif	AF-P15873-F1-model_v4.cif	1.351	4.295	1.125	3.545
P15873	8dr6	1.395	1.264	1.882	0	0	0	0	1.134	1.887	0	0	0	0	0	0	100.0	98.38709677419357	8dr6.cif	AF-P15873-F1-model_v4.cif	1.264	1.882	1.134	1.887
Q9WZU0	4a2a	1.242	1.24	1.424	0	0	0	0	1.159	1.602	0	0	0	0	0	0	97.88359788359789	83.2579185520362	4a2a.cif	AF-Q9WZU0-F1-model_v4.cif	1.24	1.424	1.159	1.602
Q9WZU0	4a2b	1.767	1.556	2.596	0	0	0	0	1.431	2.819	0	0	0	0	0	0	100.0	87.78280542986425	4a2b.cif	AF-Q9WZU0-F1-model_v4.cif	1.556	2.596	1.431	2.819
P97784	4ct0	2.153	2.556	2.393	0	0	0	0	2.31	2.68	0	0	0	0	0	0	100.0	96.29629629629628	4ct0.cif	AF-P97784-F1-model_v4.cif	2.556	2.393	2.31	2.68
P97784	4k0r	1.826	0.949	2.264	0	0	0	0	2.289	1.112	0	0	0	0	0	0	94.6153846153846	98.14814814814817	4k0r.cif	AF-P97784-F1-model_v4.cif	0.949	2.264	2.289	1.112
P97784	5t5x	1.927	1.032	1.942	0	0	0	0	1.91	1.326	0	0	0	0	0	0	93.07692307692308	98.61111111111111	5t5x.cif	AF-P97784-F1-model_v4.cif	1.032	1.942	1.91	1.326
P97784	6kx4	1.436	0.932	1.502	0	0	0	0	1.476	1.097	0	0	0	0	0	0	93.07692307692308	96.29629629629628	6kx4.cif	AF-P97784-F1-model_v4.cif	0.932	1.502	1.476	1.097
P97784	6kx5	1.583	0.872	2.002	0	0	0	0	1.963	1.042	0	0	0	0	0	0	95.3846153846154	96.75925925925924	6kx5.cif	AF-P97784-F1-model_v4.cif	0.872	2.002	1.963	1.042
P97784	6kx6	1.049	0.989	1.278	0	0	0	0	1.068	1.173	0	0	0	0	0	0	95.3846153846154	92.12962962962963	6kx6.cif	AF-P97784-F1-model_v4.cif	0.989	1.278	1.068	1.173
P97784	6kx7	1.283	1.057	1.507	0	0	0	0	1.422	1.172	0	0	0	0	0	0	100.0	93.05555555555556	6kx7.cif	AF-P97784-F1-model_v4.cif	1.057	1.507	1.422	1.172
P97784	6lue	1.17	0.893	1.543	0	0	0	0	1.367	1.116	0	0	0	0	0	0	94.6153846153846	93.05555555555556	6lue.cif	AF-P97784-F1-model_v4.cif	0.893	1.543	1.367	1.116
P97784	6of7	1.82	1.63	2.222	0	0	0	0	2.149	1.689	0	0	0	0	0	0	96.15384615384616	94.44444444444444	6of7.cif	AF-P97784-F1-model_v4.cif	1.63	2.222	2.149	1.689
P97784	7d0m	1.875	1.369	2.295	0	0	0	0	2.165	1.521	0	0	0	0	0	0	100.0	100.0	7d0m.cif	AF-P97784-F1-model_v4.cif	1.369	2.295	2.165	1.521
P97784	7d19	1.763	1.784	2.037	0	0	0	0	2.052	1.821	0	0	0	0	0	0	100.0	96.75925925925924	7d19.cif	AF-P97784-F1-model_v4.cif	1.784	2.037	2.052	1.821
P97784	7d1c	1.738	1.37	1.875	0	0	0	0	1.869	1.387	0	0	0	0	0	0	100.0	98.14814814814817	7d1c.cif	AF-P97784-F1-model_v4.cif	1.37	1.875	1.869	1.387
P97784	7dli	1.205	0.639	1.684	0	0	0	0	1.534	0.788	0	0	0	0	0	0	93.07692307692308	97.6851851851852	7dli.cif	AF-P97784-F1-model_v4.cif	0.639	1.684	1.534	0.788
P97784	7wva	1.29	0.905	1.381	0	0	0	0	1.326	1.008	0	0	0	0	0	0	96.15384615384616	96.29629629629628	7wva.cif	AF-P97784-F1-model_v4.cif	0.905	1.381	1.326	1.008
Q2G1N7	1p4x	3.151	3.11	3.642	0	0	0	0	2.537	4.189	0	0	0	0	0	0	100.0	100.0	1p4x.cif	AF-Q2G1N7-F1-model_v4.cif	3.11	3.642	2.537	4.189
Q9Y221	1sqw	2.449	2.166	1.815	0	0	0	0	1.105	3.064	0	0	0	0	0	0	100.0	100.0	1sqw.cif	AF-Q9Y221-F1-model_v4.cif	2.166	1.815	1.105	3.064
Q9Y221	1t5y	2.115	2.376	1.714	0	0	0	0	1.264	3.132	0	0	0	0	0	0	96.7741935483871	97.4025974025974	1t5y.cif	AF-Q9Y221-F1-model_v4.cif	2.376	1.714	1.264	3.132
P23258	1z5v	2.323	1.366	3.221	0	0	0	0	3.107	1.417	0	0	0	0	0	0	93.04029304029304	88.48484848484848	1z5v.cif	AF-P23258-F1-model_v4.cif	1.366	3.221	3.107	1.417
P23258	1z5w	2.247	1.334	3.123	0	0	0	0	3.004	1.383	0	0	0	0	0	0	92.67399267399269	87.87878787878788	1z5w.cif	AF-P23258-F1-model_v4.cif	1.334	3.123	3.004	1.383
P23258	3cb2	2.075	1.751	2.405	0	0	0	0	2.162	2.289	0	0	0	0	0	0	98.9010989010989	92.72727272727272	3cb2.cif	AF-P23258-F1-model_v4.cif	1.751	2.405	2.162	2.289
P23258	7qj6	2.543	2.2	3.031	0	0	0	0	2.844	2.505	0	0	0	0	0	0	94.87179487179486	93.93939393939394	7qj6.cif	AF-P23258-F1-model_v4.cif	2.2	3.031	2.844	2.505
A0A1C9J6A7	5uv0	2.208	1.732	2.891	0	0	0	0	2.413	1.979	0	0	0	0	0	0	78.1456953642384	93.66666666666669	5uv0.cif	AF-A0A1C9J6A7-F1-model_v4.cif	1.732	2.891	2.413	1.979
A0A1C9J6A7	5uv1	1.761	1.737	2.099	0	0	0	0	1.543	1.984	0	0	0	0	0	0	77.81456953642383	89.33333333333333	5uv1.cif	AF-A0A1C9J6A7-F1-model_v4.cif	1.737	2.099	1.543	1.984
A0A1C9J6A7	5uv2	1.909	1.768	2.386	0	0	0	0	1.811	2.029	0	0	0	0	0	0	77.81456953642383	91.33333333333331	5uv2.cif	AF-A0A1C9J6A7-F1-model_v4.cif	1.768	2.386	1.811	2.029
A0A1C9J6A7	6onm	1.49	1.373	1.959	0	0	0	0	1.435	1.636	0	0	0	0	0	0	75.16556291390728	88.33333333333333	6onm.cif	AF-A0A1C9J6A7-F1-model_v4.cif	1.373	1.959	1.435	1.636
P01730	1cdh	1.644	1.774	1.662	0	0	0	0	1.523	2.157	0	0	0	0	0	0	74.48979591836735	100.0	1cdh.cif	AF-P01730-F1-model_v4.cif	1.774	1.662	1.523	2.157
P01730	1cdj	1.89	2.02	2.093	0	0	0	0	1.806	2.221	0	0	0	0	0	0	74.48979591836735	100.0	1cdj.cif	AF-P01730-F1-model_v4.cif	2.02	2.093	1.806	2.221
P01730	1cdu	1.698	1.928	1.599	0	0	0	0	1.518	2.282	0	0	0	0	0	0	73.46938775510205	100.0	1cdu.cif	AF-P01730-F1-model_v4.cif	1.928	1.599	1.518	2.282
P01730	1cdy	1.675	1.936	1.54	0	0	0	0	1.52	1.967	0	0	0	0	0	0	73.46938775510205	100.0	1cdy.cif	AF-P01730-F1-model_v4.cif	1.936	1.54	1.52	1.967
P01730	1jl4	1.62	1.369	2.024	0	0	0	0	1.79	1.693	0	0	0	0	0	0	74.48979591836735	100.0	1jl4.cif	AF-P01730-F1-model_v4.cif	1.369	2.024	1.79	1.693
P01730	1wio	2.326	1.37	2.163	0	0	0	0	1.924	1.629	0	0	0	0	0	0	74.48979591836735	100.0	1wio.cif	AF-P01730-F1-model_v4.cif	1.37	2.163	1.924	1.629
P01730	1wip	2.557	1.37	2.163	0	0	0	0	1.924	1.629	0	0	0	0	0	0	74.48979591836735	100.0	1wip.cif	AF-P01730-F1-model_v4.cif	1.37	2.163	1.924	1.629
P01730	1wiq	2.671	1.37	2.163	0	0	0	0	1.924	1.629	0	0	0	0	0	0	74.48979591836735	100.0	1wiq.cif	AF-P01730-F1-model_v4.cif	1.37	2.163	1.924	1.629
P01730	2nxy	1.658	1.227	2.247	0	0	0	0	1.552	1.651	0	0	0	0	0	0	74.48979591836735	100.0	2nxy.cif	AF-P01730-F1-model_v4.cif	1.227	2.247	1.552	1.651
P01730	2nxz	1.682	1.194	2.288	0	0	0	0	1.514	1.703	0	0	0	0	0	0	74.48979591836735	100.0	2nxz.cif	AF-P01730-F1-model_v4.cif	1.194	2.288	1.514	1.703
P01730	2ny0	1.698	1.17	2.385	0	0	0	0	1.554	1.715	0	0	0	0	0	0	74.48979591836735	100.0	2ny0.cif	AF-P01730-F1-model_v4.cif	1.17	2.385	1.554	1.715
P01730	2ny1	1.507	1.199	2.075	0	0	0	0	1.224	1.684	0	0	0	0	0	0	74.48979591836735	100.0	2ny1.cif	AF-P01730-F1-model_v4.cif	1.199	2.075	1.224	1.684
P01730	2ny2	1.691	1.221	2.319	0	0	0	0	1.529	1.708	0	0	0	0	0	0	74.48979591836735	100.0	2ny2.cif	AF-P01730-F1-model_v4.cif	1.221	2.319	1.529	1.708
P01730	2ny3	1.698	1.302	2.226	0	0	0	0	1.501	1.758	0	0	0	0	0	0	74.48979591836735	100.0	2ny3.cif	AF-P01730-F1-model_v4.cif	1.302	2.226	1.501	1.758
P01730	2ny4	1.652	1.178	2.11	0	0	0	0	1.494	1.617	0	0	0	0	0	0	74.48979591836735	100.0	2ny4.cif	AF-P01730-F1-model_v4.cif	1.178	2.11	1.494	1.617
P01730	2ny6	1.699	1.182	2.736	0	0	0	0	1.559	1.813	0	0	0	0	0	0	74.48979591836735	100.0	2ny6.cif	AF-P01730-F1-model_v4.cif	1.182	2.736	1.559	1.813
P01730	2qad	1.532	1.158	1.901	0	0	0	0	1.679	1.429	0	0	0	0	0	0	74.48979591836735	100.0	2qad.cif	AF-P01730-F1-model_v4.cif	1.158	1.901	1.679	1.429
