uniprot	region_1	region_2	pdb	chain	pred_fn	gt_fn	label_offset	gt_len	gt_trim_len	pred_len	pred_trim_len	gt_perc	trim_perc
Q72AS4	52-205	237-315	2wpn	A	AF-Q72AS4-F1-model_v4.cif	2wpn.cif	0	2088	2082	2378	2082	0.9971264367816092	0.876
Q72AS4	52-205	237-315	3ze6	A	AF-Q72AS4-F1-model_v4.cif	3ze6.cif	-34	4252	2076	2378	2076	0.48824082784571965	0.873
Q72AS4	52-205	237-315	3ze7	A	AF-Q72AS4-F1-model_v4.cif	3ze7.cif	-34	2112	2082	2378	2082	0.9857954545454546	0.876
Q72AS4	52-205	237-315	3ze8	A	AF-Q72AS4-F1-model_v4.cif	3ze8.cif	-34	2103	2082	2378	2082	0.9900142653352354	0.876
Q72AS4	52-205	237-315	3ze9	A	AF-Q72AS4-F1-model_v4.cif	3ze9.cif	-34	4287	2089	2378	2089	0.4872871471891766	0.878
Q72AS4	52-205	237-315	3zea	A	AF-Q72AS4-F1-model_v4.cif	3zea.cif	-34	4178	2095	2378	2095	0.5014360938247966	0.881
Q72AS4	52-205	237-315	5jsh	A	AF-Q72AS4-F1-model_v4.cif	5jsh.cif	0	4452	2121	2378	2121	0.47641509433962265	0.892
Q72AS4	52-205	237-315	5jsk	A	AF-Q72AS4-F1-model_v4.cif	5jsk.cif	0	4372	2121	2378	2121	0.48513266239707226	0.892
Q72AS4	52-205	237-315	5jsu	A	AF-Q72AS4-F1-model_v4.cif	5jsu.cif	0	4440	2121	2378	2121	0.4777027027027027	0.892
Q72AS4	52-205	237-315	5jsy	A	AF-Q72AS4-F1-model_v4.cif	5jsy.cif	0	4510	2121	2378	2121	0.4702882483370288	0.892
Q72AS4	52-205	237-315	5jt1	A	AF-Q72AS4-F1-model_v4.cif	5jt1.cif	0	4394	2121	2378	2121	0.4827036868456987	0.892
Q72AS4	52-205	237-315	6rtp	A	AF-Q72AS4-F1-model_v4.cif	6rtp.cif	-34	4395	2121	2378	2121	0.4825938566552901	0.892
Q72AS4	52-205	237-315	6ru9	A	AF-Q72AS4-F1-model_v4.cif	6ru9.cif	-34	4127	2082	2378	2082	0.5044826750666344	0.876
Q72AS4	52-205	237-315	6ruc	A	AF-Q72AS4-F1-model_v4.cif	6ruc.cif	-34	4278	2120	2378	2120	0.49555867227676487	0.892
Q72AS4	52-205	237-315	6z7r	A	AF-Q72AS4-F1-model_v4.cif	6z7r.cif	-34	4164	2095	2378	2095	0.5031219980787704	0.881
Q72AS4	52-205	237-315	6z8j	A	AF-Q72AS4-F1-model_v4.cif	6z8j.cif	-34	4208	2095	2378	2095	0.497861216730038	0.881
Q72AS4	52-205	237-315	6z8m	A	AF-Q72AS4-F1-model_v4.cif	6z8m.cif	-34	4378	2121	2378	2121	0.48446779351301966	0.892
Q72AS4	52-205	237-315	6z8o	A	AF-Q72AS4-F1-model_v4.cif	6z8o.cif	-34	4130	2082	2378	2082	0.5041162227602906	0.876
Q72AS4	52-205	237-315	6z9g	A	AF-Q72AS4-F1-model_v4.cif	6z9g.cif	-34	4158	2082	2378	2082	0.5007215007215007	0.876
Q72AS4	52-205	237-315	6z9o	A	AF-Q72AS4-F1-model_v4.cif	6z9o.cif	-34	4190	2091	2378	2091	0.49904534606205253	0.879
Q72AS4	52-205	237-315	6za1	A	AF-Q72AS4-F1-model_v4.cif	6za1.cif	-34	4192	2095	2378	2095	0.4997614503816794	0.881
Q7CRA4	113-302	425-657	2bg1	A	AF-Q7CRA4-F1-model_v4.cif	2bg1.cif	0	3524	172	6297	172	0.04880817253121453	0.027
Q7CRA4	113-302	425-657	2uwx	A	AF-Q7CRA4-F1-model_v4.cif	2uwx.cif	-100	3652	303	6297	303	0.08296823658269441	0.048
Q7CRA4	113-302	425-657	2xd1	A	AF-Q7CRA4-F1-model_v4.cif	2xd1.cif	-100	3617	320	6297	320	0.08847110865358032	0.051
Q7CRA4	113-302	425-657	2xd5	A	AF-Q7CRA4-F1-model_v4.cif	2xd5.cif	-297	3657	3490	6297	3490	0.954334153677878	0.554
Q7CRA4	113-302	425-657	2y2g	A	AF-Q7CRA4-F1-model_v4.cif	2y2g.cif	-100	3610	300	6297	300	0.08310249307479224	0.048
Q7CRA4	113-302	425-657	2y2h	A	AF-Q7CRA4-F1-model_v4.cif	2y2h.cif	-100	3594	306	6297	306	0.08514190317195326	0.049
Q7CRA4	113-302	425-657	2y2i	A	AF-Q7CRA4-F1-model_v4.cif	2y2i.cif	-100	3596	314	6297	314	0.08731924360400445	0.05
Q7CRA4	113-302	425-657	2y2j	A	AF-Q7CRA4-F1-model_v4.cif	2y2j.cif	-100	3650	314	6297	314	0.08602739726027397	0.05
Q7CRA4	113-302	425-657	2y2k	A	AF-Q7CRA4-F1-model_v4.cif	2y2k.cif	-100	3637	306	6297	306	0.08413527632664283	0.049
Q7CRA4	113-302	425-657	2y2l	A	AF-Q7CRA4-F1-model_v4.cif	2y2l.cif	-100	3647	329	6297	329	0.09021113243761997	0.052
Q7CRA4	113-302	425-657	2y2m	A	AF-Q7CRA4-F1-model_v4.cif	2y2m.cif	-100	3682	314	6297	314	0.08527973927213471	0.05
Q7CRA4	113-302	425-657	2y2n	A	AF-Q7CRA4-F1-model_v4.cif	2y2n.cif	-100	3634	314	6297	314	0.0864061640066043	0.05
Q7CRA4	113-302	425-657	2y2o	A	AF-Q7CRA4-F1-model_v4.cif	2y2o.cif	-100	3669	314	6297	314	0.08558190242572908	0.05
Q7CRA4	113-302	425-657	2y2p	A	AF-Q7CRA4-F1-model_v4.cif	2y2p.cif	-100	3603	305	6297	305	0.08465167915625868	0.048
Q7CRA4	113-302	425-657	2y2q	A	AF-Q7CRA4-F1-model_v4.cif	2y2q.cif	-100	3637	314	6297	314	0.08633489139400605	0.05
Q7CRA4	113-302	425-657	7zuh	A	AF-Q7CRA4-F1-model_v4.cif	7zuh.cif	0	3642	3593	6297	3593	0.986545853926414	0.571
Q7CRA4	113-302	425-657	7zui	A	AF-Q7CRA4-F1-model_v4.cif	7zui.cif	0	3534	3484	6297	3484	0.9858517260894171	0.553
Q7CRA4	113-302	425-657	7zuj	A	AF-Q7CRA4-F1-model_v4.cif	7zuj.cif	0	3535	3484	6297	3484	0.9855728429985856	0.553
Q7CRA4	113-302	425-657	7zuk	A	AF-Q7CRA4-F1-model_v4.cif	7zuk.cif	0	3543	3484	6297	3484	0.9833474456675134	0.553
Q7CRA4	113-302	425-657	7zul	A	AF-Q7CRA4-F1-model_v4.cif	7zul.cif	0	3540	3484	6297	3484	0.984180790960452	0.553
P14677	632-691	692-750	1pmd	A	AF-P14677-F1-model_v4.cif	1pmd.cif	-75	675	674	5787	674	0.9985185185185185	0.116
P14677	632-691	692-750	1qme	A	AF-P14677-F1-model_v4.cif	1qme.cif	-48	4256	4248	5787	4248	0.9981203007518797	0.734
P14677	632-691	692-750	1qmf	A	AF-P14677-F1-model_v4.cif	1qmf.cif	-48	4262	4254	5787	4254	0.998122946973252	0.735
P14677	632-691	692-750	1rp5	A	AF-P14677-F1-model_v4.cif	1rp5.cif	0	5128	281	5787	281	0.054797191887675505	0.049
P14677	632-691	692-750	2z2l	A	AF-P14677-F1-model_v4.cif	2z2l.cif	0	1224	59	5787	59	0.04820261437908497	0.01
P14677	632-691	692-750	2z2m	A	AF-P14677-F1-model_v4.cif	2z2m.cif	0	1224	59	5787	59	0.04820261437908497	0.01
P14677	632-691	692-750	2zc3	A	AF-P14677-F1-model_v4.cif	2zc3.cif	0	1220	59	5787	59	0.04836065573770492	0.01
P14677	632-691	692-750	2zc4	A	AF-P14677-F1-model_v4.cif	2zc4.cif	0	1220	59	5787	59	0.04836065573770492	0.01
P00582	1-323	324-517	1d8y	B	AF-P00582-F1-model_v4.cif	1d8y.cif	-323	4745	4727	7258	4727	0.9962065331928346	0.651
P00582	1-323	324-517	1d9d	B	AF-P00582-F1-model_v4.cif	1d9d.cif	-323	4753	4745	7258	4745	0.9983168525142015	0.654
P00582	1-323	324-517	1d9f	B	AF-P00582-F1-model_v4.cif	1d9f.cif	-323	4753	4745	7258	4745	0.9983168525142015	0.654
P00582	1-323	324-517	1dpi	A	AF-P00582-F1-model_v4.cif	1dpi.cif	-323	546	546	7258	546	1.0	0.075
P00582	1-323	324-517	1kfd	A	AF-P00582-F1-model_v4.cif	1kfd.cif	-323	4451	4451	7258	4451	1.0	0.613
P00582	1-323	324-517	1kfs	B	AF-P00582-F1-model_v4.cif	1kfs.cif	-323	4753	4745	7258	4745	0.9983168525142015	0.654
P00582	1-323	324-517	1kln	C	AF-P00582-F1-model_v4.cif	1kln.cif	-323	4700	4664	7258	4664	0.9923404255319149	0.643
P00582	1-323	324-517	1krp	B	AF-P00582-F1-model_v4.cif	1krp.cif	-323	4753	4745	7258	4745	0.9983168525142015	0.654
P00582	1-323	324-517	1ksp	B	AF-P00582-F1-model_v4.cif	1ksp.cif	-323	4753	4745	7258	4745	0.9983168525142015	0.654
P00582	1-323	324-517	1qsl	B	AF-P00582-F1-model_v4.cif	1qsl.cif	-323	4753	4745	7258	4745	0.9983168525142015	0.654
P00582	1-323	324-517	2kfn	B	AF-P00582-F1-model_v4.cif	2kfn.cif	-324	4753	227	7258	227	0.047759309909530825	0.031
P00582	1-323	324-517	2kfz	B	AF-P00582-F1-model_v4.cif	2kfz.cif	-324	4753	227	7258	227	0.047759309909530825	0.031
P00582	1-323	324-517	2kzm	B	AF-P00582-F1-model_v4.cif	2kzm.cif	-323	4753	4745	7258	4745	0.9983168525142015	0.654
P00582	1-323	324-517	2kzz	B	AF-P00582-F1-model_v4.cif	2kzz.cif	-323	4753	4745	7258	4745	0.9983168525142015	0.654
P00582	1-323	324-517	8oo6	A	AF-P00582-F1-model_v4.cif	8oo6.cif	-324	4782	4761	7258	4761	0.9956085319949812	0.656
P00582	1-323	324-517	8ooy	A	AF-P00582-F1-model_v4.cif	8ooy.cif	-324	4782	4761	7258	4761	0.9956085319949812	0.656
A0A0H2WY27	56-288	317-382	3hum	A	AF-A0A0H2WY27-F1-model_v4.cif	3hum.cif	0	2817	190	3391	190	0.06744763933262336	0.056
A0A0H2WY27	56-288	317-382	3hun	A	AF-A0A0H2WY27-F1-model_v4.cif	3hun.cif	0	2826	190	3391	190	0.06723283793347487	0.056
A0A0H2WY27	56-288	317-382	5tw4	A	AF-A0A0H2WY27-F1-model_v4.cif	5tw4.cif	-24	2865	2781	3391	2781	0.9706806282722513	0.82
A0A0H2WY27	56-288	317-382	5tw8	A	AF-A0A0H2WY27-F1-model_v4.cif	5tw8.cif	-24	2791	2783	3391	2783	0.997133643855249	0.821
A0A0H2WY27	56-288	317-382	5tx9	A	AF-A0A0H2WY27-F1-model_v4.cif	5tx9.cif	-24	2805	2781	3391	2781	0.9914438502673797	0.82
A0A0H2WY27	56-288	317-382	5ty2	A	AF-A0A0H2WY27-F1-model_v4.cif	5ty2.cif	-24	2810	2768	3391	2768	0.9850533807829182	0.816
A0A0H2WY27	56-288	317-382	5ty7	A	AF-A0A0H2WY27-F1-model_v4.cif	5ty7.cif	-24	2782	2766	3391	2766	0.9942487419122933	0.816
A0A0H2WY27	56-288	317-382	6c39	A	AF-A0A0H2WY27-F1-model_v4.cif	6c39.cif	0	5659	214	3391	214	0.03781586852800848	0.063
A0A0H2WY27	56-288	317-382	6c3k	A	AF-A0A0H2WY27-F1-model_v4.cif	6c3k.cif	-16	5663	2807	3391	2807	0.4956736711990111	0.828
A0A0H2WY27	56-288	317-382	6dz8	A	AF-A0A0H2WY27-F1-model_v4.cif	6dz8.cif	-24	5653	2821	3391	2821	0.4990270652750752	0.832
A0A0H2WY27	56-288	317-382	7kcv	A	AF-A0A0H2WY27-F1-model_v4.cif	7kcv.cif	-16	5678	2835	3391	2835	0.4992955265938711	0.836
A0A0H2WY27	56-288	317-382	7kcw	A	AF-A0A0H2WY27-F1-model_v4.cif	7kcw.cif	-16	5639	2821	3391	2821	0.5002660046107466	0.832
A0A0H2WY27	56-288	317-382	7kcx	A	AF-A0A0H2WY27-F1-model_v4.cif	7kcx.cif	-16	5654	2830	3391	2830	0.5005305978068624	0.835
A0A0H2WY27	56-288	317-382	7kcy	A	AF-A0A0H2WY27-F1-model_v4.cif	7kcy.cif	-16	5599	2841	3391	2841	0.5074120378639043	0.838
P77933	524-665	1132-1265	1wns	A	AF-P77933-F1-model_v4.cif	1wns.cif	0	5703	3467	13664	3467	0.6079256531650009	0.254
P77933	524-665	1132-1265	2cw7	A	AF-P77933-F1-model_v4.cif	2cw7.cif	-851	4392	4363	13664	4363	0.9933970856102003	0.319
P77933	524-665	1132-1265	2cw8	A	AF-P77933-F1-model_v4.cif	2cw8.cif	-851	4392	4291	13664	4291	0.9770036429872495	0.314
P77933	524-665	1132-1265	4k8z	A	AF-P77933-F1-model_v4.cif	4k8z.cif	0	6229	3483	13664	3483	0.5591587734788891	0.255
P77933	524-665	1132-1265	5omf	A	AF-P77933-F1-model_v4.cif	5omf.cif	0	12469	3483	13664	3483	0.27933274520811613	0.255
P77933	524-665	1132-1265	6q4t	A	AF-P77933-F1-model_v4.cif	6q4t.cif	0	12555	3495	13664	3495	0.27837514934289126	0.256
P77933	524-665	1132-1265	7om3	A	AF-P77933-F1-model_v4.cif	7om3.cif	0	12540	3495	13664	3495	0.27870813397129185	0.256
P77933	524-665	1132-1265	7omb	A	AF-P77933-F1-model_v4.cif	7omb.cif	0	12531	3483	13664	3483	0.27795068230787645	0.255
P77933	524-665	1132-1265	7omg	A	AF-P77933-F1-model_v4.cif	7omg.cif	0	6126	3483	13664	3483	0.568560235063663	0.255
P77933	524-665	1132-1265	7rsu	A	AF-P77933-F1-model_v4.cif	7rsu.cif	0	6204	3478	13664	3478	0.5606060606060606	0.255
Q8GN86	9-407	416-491	1t5d	A	AF-Q8GN86-F1-model_v4.cif	1t5d.cif	0	3784	3784	3825	3784	1.0	0.989
Q8GN86	9-407	416-491	1t5h	A	AF-Q8GN86-F1-model_v4.cif	1t5h.cif	0	3736	3656	3825	3656	0.9785867237687366	0.956
Q8GN86	9-407	416-491	2qvx	A	AF-Q8GN86-F1-model_v4.cif	2qvx.cif	0	3720	3716	3825	3716	0.9989247311827957	0.972
Q8GN86	9-407	416-491	2qvy	A	AF-Q8GN86-F1-model_v4.cif	2qvy.cif	0	3716	3712	3825	3712	0.9989235737351991	0.97
Q8GN86	9-407	416-491	2qvz	A	AF-Q8GN86-F1-model_v4.cif	2qvz.cif	0	3723	3718	3825	3718	0.9986569970453935	0.972
Q8GN86	9-407	416-491	2qw0	A	AF-Q8GN86-F1-model_v4.cif	2qw0.cif	0	3743	3738	3825	3738	0.9986641731231632	0.977
Q8GN86	9-407	416-491	3cw8	A	AF-Q8GN86-F1-model_v4.cif	3cw8.cif	0	3731	3710	3825	3710	0.9943714821763602	0.97
Q8GN86	9-407	416-491	3cw9	A	AF-Q8GN86-F1-model_v4.cif	3cw9.cif	0	3789	3789	3825	3789	1.0	0.991
Q8GN86	9-407	416-491	3dlp	A	AF-Q8GN86-F1-model_v4.cif	3dlp.cif	0	3735	3728	3825	3728	0.9981258366800535	0.975
Q51504	58-207	247-546	3oc2	A	AF-Q51504-F1-model_v4.cif	3oc2.cif	-15	3781	3781	4430	3781	1.0	0.853
Q51504	58-207	247-546	3ocl	A	AF-Q51504-F1-model_v4.cif	3ocl.cif	-15	3801	3801	4430	3801	1.0	0.858
Q51504	58-207	247-546	3ocn	A	AF-Q51504-F1-model_v4.cif	3ocn.cif	-15	3841	3841	4430	3841	1.0	0.867
Q51504	58-207	247-546	3pbs	A	AF-Q51504-F1-model_v4.cif	3pbs.cif	-41	3810	3810	4430	3810	1.0	0.86
Q51504	58-207	247-546	4fsf	A	AF-Q51504-F1-model_v4.cif	4fsf.cif	0	3822	188	4430	188	0.049188906331763475	0.042
Q51504	58-207	247-546	4l0l	A	AF-Q51504-F1-model_v4.cif	4l0l.cif	-42	3822	3822	4430	3822	1.0	0.863
Q51504	58-207	247-546	5df7	A	AF-Q51504-F1-model_v4.cif	5df7.cif	-15	3927	3927	4430	3927	1.0	0.886
Q51504	58-207	247-546	5df8	A	AF-Q51504-F1-model_v4.cif	5df8.cif	-15	3922	3922	4430	3922	1.0	0.885
Q51504	58-207	247-546	5df9	A	AF-Q51504-F1-model_v4.cif	5df9.cif	-15	3886	3886	4430	3886	1.0	0.877
D9N168	3-169	336-543	3hpo	A	AF-D9N168-F1-model_v4.cif	3hpo.cif	0	4679	351	4646	351	0.07501602906603975	0.076
D9N168	3-169	336-543	3ht3	A	AF-D9N168-F1-model_v4.cif	3ht3.cif	0	4678	4646	4646	4646	0.993159469858914	1.0
D9N168	3-169	336-543	4o0i	A	AF-D9N168-F1-model_v4.cif	4o0i.cif	1	4661	4634	4646	4634	0.9942072516627333	0.997
D9N168	3-169	336-543	6p5c	C	AF-D9N168-F1-model_v4.cif	6p5c.cif	2	4658	4622	4646	4622	0.9922713610991842	0.995
D9N168	3-169	336-543	6ueu	A	AF-D9N168-F1-model_v4.cif	6ueu.cif	1	4652	4628	4646	4628	0.9948409286328461	0.996
D9N168	3-169	336-543	6ur2	A	AF-D9N168-F1-model_v4.cif	6ur2.cif	0	4649	4634	4646	4634	0.99677349967735	0.997
D9N168	3-169	336-543	6ur4	A	AF-D9N168-F1-model_v4.cif	6ur4.cif	0	4649	4634	4646	4634	0.99677349967735	0.997
D9N168	3-169	336-543	6ur9	A	AF-D9N168-F1-model_v4.cif	6ur9.cif	0	4646	4627	4646	4627	0.9959104606112785	0.996
D9N168	3-169	336-543	6us5	A	AF-D9N168-F1-model_v4.cif	6us5.cif	0	4646	4627	4646	4627	0.9959104606112785	0.996
D9N168	3-169	336-543	8scg	A	AF-D9N168-F1-model_v4.cif	8scg.cif	0	4646	4627	4646	4627	0.9959104606112785	0.996
D9N168	3-169	336-543	8sci	A	AF-D9N168-F1-model_v4.cif	8sci.cif	0	4646	4627	4646	4627	0.9959104606112785	0.996
D9N168	3-169	336-543	8scj	A	AF-D9N168-F1-model_v4.cif	8scj.cif	0	4646	4627	4646	4627	0.9959104606112785	0.996
D9N168	3-169	336-543	8sck	A	AF-D9N168-F1-model_v4.cif	8sck.cif	0	4646	4627	4646	4627	0.9959104606112785	0.996
D9N168	3-169	336-543	8scl	A	AF-D9N168-F1-model_v4.cif	8scl.cif	0	4646	4627	4646	4627	0.9959104606112785	0.996
D9N168	3-169	336-543	8scm	A	AF-D9N168-F1-model_v4.cif	8scm.cif	0	4646	4627	4646	4627	0.9959104606112785	0.996
D9N168	3-169	336-543	8scn	A	AF-D9N168-F1-model_v4.cif	8scn.cif	0	4646	4627	4646	4627	0.9959104606112785	0.996
D9N168	3-169	336-543	8sco	A	AF-D9N168-F1-model_v4.cif	8sco.cif	0	4645	4638	4646	4638	0.9984930032292788	0.998
D9N168	3-169	336-543	8scp	A	AF-D9N168-F1-model_v4.cif	8scp.cif	0	4659	4638	4646	4638	0.995492594977463	0.998
D9N168	3-169	336-543	8scq	A	AF-D9N168-F1-model_v4.cif	8scq.cif	0	4659	4638	4646	4638	0.995492594977463	0.998
D9N168	3-169	336-543	8scr	A	AF-D9N168-F1-model_v4.cif	8scr.cif	0	4659	4638	4646	4638	0.995492594977463	0.998
D9N168	3-169	336-543	8scs	A	AF-D9N168-F1-model_v4.cif	8scs.cif	0	4645	4638	4646	4638	0.9984930032292788	0.998
D9N168	3-169	336-543	8sct	A	AF-D9N168-F1-model_v4.cif	8sct.cif	0	4659	4638	4646	4638	0.995492594977463	0.998
D9N168	3-169	336-543	8scu	A	AF-D9N168-F1-model_v4.cif	8scu.cif	0	4645	4638	4646	4638	0.9984930032292788	0.998
O16025	374-490	491-1066	1u5u	A	AF-O16025-F1-model_v4.cif	1u5u.cif	0	2983	2983	8625	2983	1.0	0.346
O16025	374-490	491-1066	2fnq	A	AF-O16025-F1-model_v4.cif	2fnq.cif	-367	5213	5213	8625	5213	1.0	0.604
O16025	374-490	491-1066	3dy5	A	AF-O16025-F1-model_v4.cif	3dy5.cif	0	8065	8049	8625	8049	0.998016119032858	0.933
O16025	374-490	491-1066	3fg1	A	AF-O16025-F1-model_v4.cif	3fg1.cif	-367	5523	578	8625	578	0.10465326815136701	0.067
O16025	374-490	491-1066	3fg3	A	AF-O16025-F1-model_v4.cif	3fg3.cif	-367	5624	580	8625	580	0.10312944523470839	0.067
O16025	374-490	491-1066	3fg4	A	AF-O16025-F1-model_v4.cif	3fg4.cif	-367	5487	572	8625	572	0.10424640058319665	0.066
O16025	374-490	491-1066	4qwt	A	AF-O16025-F1-model_v4.cif	4qwt.cif	-367	5510	575	8625	575	0.10435571687840291	0.067
A0A140DJY3	32-436	445-522	5wm2	A	AF-A0A140DJY3-F1-model_v4.cif	5wm2.cif	20	4142	4040	4126	4040	0.975374215354901	0.979
A0A140DJY3	32-436	445-522	5wm3	A	AF-A0A140DJY3-F1-model_v4.cif	5wm3.cif	20	4065	4043	4126	4043	0.9945879458794588	0.98
A0A140DJY3	32-436	445-522	5wm4	A	AF-A0A140DJY3-F1-model_v4.cif	5wm4.cif	20	4066	4040	4126	4040	0.9936055090998525	0.979
A0A140DJY3	32-436	445-522	5wm5	A	AF-A0A140DJY3-F1-model_v4.cif	5wm5.cif	20	4035	4019	4126	4019	0.9960346964064436	0.974
A0A140DJY3	32-436	445-522	5wm6	A	AF-A0A140DJY3-F1-model_v4.cif	5wm6.cif	20	4066	4044	4126	4044	0.9945892769306444	0.98
A0A140DJY3	32-436	445-522	5wm7	A	AF-A0A140DJY3-F1-model_v4.cif	5wm7.cif	20	4054	4032	4126	4032	0.994573260976813	0.977
G0WVH3	10-416	425-500	4d4g	A	AF-G0WVH3-F1-model_v4.cif	4d4g.cif	26	3825	3793	4331	3793	0.9916339869281046	0.876
G0WVH3	10-416	425-500	4d4h	A	AF-G0WVH3-F1-model_v4.cif	4d4h.cif	26	3240	3208	4331	3208	0.9901234567901235	0.741
G0WVH3	10-416	425-500	4d4i	A	AF-G0WVH3-F1-model_v4.cif	4d4i.cif	26	3838	3800	4331	3800	0.9900990099009901	0.877
G0WVH3	10-416	425-500	4d56	A	AF-G0WVH3-F1-model_v4.cif	4d56.cif	26	3845	3808	4331	3808	0.9903771131339402	0.879
G0WVH3	10-416	425-500	4d57	A	AF-G0WVH3-F1-model_v4.cif	4d57.cif	26	3904	3808	4331	3808	0.9754098360655737	0.879
Q95VR4	11-109	147-325	1pp7	C	AF-Q95VR4-F1-model_v4.cif	1pp7.cif	0	928	928	2768	928	1.0	0.335
Q95VR4	11-109	147-325	1pp8	I	AF-Q95VR4-F1-model_v4.cif	1pp8.cif	0	901	901	2768	901	1.0	0.326
Q95VR4	11-109	147-325	1q87	A	AF-Q95VR4-F1-model_v4.cif	1q87.cif	-126	1494	1474	2768	1474	0.9866131191432396	0.533
Q95VR4	11-109	147-325	1q88	A	AF-Q95VR4-F1-model_v4.cif	1q88.cif	-126	1540	1540	2768	1540	1.0	0.556
Q95VR4	11-109	147-325	1q89	A	AF-Q95VR4-F1-model_v4.cif	1q89.cif	-126	1568	1568	2768	1568	1.0	0.566
E1K248	67-211	229-311	4ud2	A	AF-E1K248-F1-model_v4.cif	4ud2.cif	-50	1973	1973	2358	1973	1.0	0.837
E1K248	67-211	229-311	4ud6	A	AF-E1K248-F1-model_v4.cif	4ud6.cif	-50	1973	1973	2358	1973	1.0	0.837
E1K248	67-211	229-311	4ueq	A	AF-E1K248-F1-model_v4.cif	4ueq.cif	-50	1982	1973	2358	1973	0.9954591321897074	0.837
E1K248	67-211	229-311	4uew	A	AF-E1K248-F1-model_v4.cif	4uew.cif	0	1973	97	2358	97	0.0491637100861632	0.041
A0A0A0V031	11-412	422-496	5e7q	A	AF-A0A0A0V031-F1-model_v4.cif	5e7q.cif	2	3954	3821	3988	3821	0.9663631765300961	0.958
A0A0A0V031	11-412	422-496	5upq	A	AF-A0A0A0V031-F1-model_v4.cif	5upq.cif	3	3924	3831	3988	3831	0.9762996941896025	0.961
A0A0A0V031	11-412	422-496	5ups	A	AF-A0A0A0V031-F1-model_v4.cif	5ups.cif	3	4015	3883	3988	3883	0.9671232876712329	0.974
A0A0A0V031	11-412	422-496	5upt	A	AF-A0A0A0V031-F1-model_v4.cif	5upt.cif	3	3978	3836	3988	3836	0.9643036701860231	0.962
P59676	632-691	692-750	1pyy	A	AF-P59676-F1-model_v4.cif	1pyy.cif	-48	4642	4626	5788	4626	0.996553209823352	0.799
P59676	632-691	692-750	5oiz	A	AF-P59676-F1-model_v4.cif	5oiz.cif	-48	4994	4994	5788	4994	1.0	0.863
P59676	632-691	692-750	5oj1	A	AF-P59676-F1-model_v4.cif	5oj1.cif	-48	5197	5178	5788	5178	0.9963440446411391	0.895
A0A0F7R6G7	27-435	443-519	6m01	A	AF-A0A0F7R6G7-F1-model_v4.cif	6m01.cif	16	3764	3747	4063	3747	0.9954835281615303	0.922
A0A0F7R6G7	27-435	443-519	7dq5	A	AF-A0A0F7R6G7-F1-model_v4.cif	7dq5.cif	16	3753	3753	4063	3753	1.0	0.924
A0A0F7R6G7	27-435	443-519	7dq6	A	AF-A0A0F7R6G7-F1-model_v4.cif	7dq6.cif	16	3557	3557	4063	3557	1.0	0.875
Q7WU28	4-298	374-576	3q7v	A	AF-Q7WU28-F1-model_v4.cif	3q7v.cif	-331	2123	2070	4901	2070	0.9750353273669335	0.422
Q7WU28	4-298	374-576	3q7z	A	AF-Q7WU28-F1-model_v4.cif	3q7z.cif	-331	2094	2070	4901	2070	0.9885386819484241	0.422
O68880	38-167	220-351	4imh	A	AF-O68880-F1-model_v4.cif	4imh.cif	0	5388	2712	2761	2712	0.5033407572383074	0.982
O68880	38-167	220-351	4mf9	A	AF-O68880-F1-model_v4.cif	4mf9.cif	6	2706	2706	2761	2706	1.0	0.98
O68880	38-167	220-351	4mgf	A	AF-O68880-F1-model_v4.cif	4mgf.cif	6	2676	2676	2761	2676	1.0	0.969
O29238	65-245	506-662	1gku	A	AF-O29238-F1-model_v4.cif	1gku.cif	0	8151	8040	8549	8040	0.986382039013618	0.94
O29238	65-245	506-662	1gl9	A	AF-O29238-F1-model_v4.cif	1gl9.cif	0	8226	8210	8549	8210	0.9980549477267202	0.96
P47736	1-17	181-397	1srq	A	AF-P47736-F1-model_v4.cif	1srq.cif	-74	2650	2643	5165	2643	0.9973584905660378	0.512
P47736	1-17	181-397	3brw	A	AF-P47736-F1-model_v4.cif	3brw.cif	-74	2706	2694	5165	2694	0.9955654101995566	0.522
A0A3B6UEQ0	22-167	187-265	5xvb	B	AF-A0A3B6UEQ0-F1-model_v4.cif	5xvb.cif	0	2046	2037	2520	2037	0.9956011730205279	0.808
A0A3B6UEQ0	22-167	187-265	5xvc	B	AF-A0A3B6UEQ0-F1-model_v4.cif	5xvc.cif	0	2046	2037	2520	2037	0.9956011730205279	0.808
A0A3B6UEQ0	22-167	187-265	7vxq	B	AF-A0A3B6UEQ0-F1-model_v4.cif	7vxq.cif	0	2052	2037	2520	2037	0.9926900584795322	0.808
Q941M3	31-439	448-523	3a9u	A	AF-Q941M3-F1-model_v4.cif	3a9u.cif	0	3946	3946	4112	3946	1.0	0.96
Q941M3	31-439	448-523	3a9v	A	AF-Q941M3-F1-model_v4.cif	3a9v.cif	0	4047	4047	4112	4047	1.0	0.984
Q941M3	31-439	448-523	3ni2	A	AF-Q941M3-F1-model_v4.cif	3ni2.cif	0	4047	4047	4112	4047	1.0	0.984
Q9RET4	60-236	331-595	2v2f	A	AF-Q9RET4-F1-model_v4.cif	2v2f.cif	-46	121	121	5604	121	1.0	0.022
H6SG27	24-429	437-515	5n9w	A	AF-H6SG27-F1-model_v4.cif	5n9w.cif	0	3691	3685	4072	3685	0.9983744242752641	0.905
H6SG27	24-429	437-515	5n9x	A	AF-H6SG27-F1-model_v4.cif	5n9x.cif	0	3824	3773	4072	3773	0.986663179916318	0.927
F2Z7K9	71-221	263-557	6vbc	A	AF-F2Z7K9-F1-model_v4.cif	6vbc.cif	-231	2504	467	4469	467	0.18650159744408945	0.104
F2Z7K9	71-221	263-557	6vbd	A	AF-F2Z7K9-F1-model_v4.cif	6vbd.cif	-231	2495	467	4469	467	0.1871743486973948	0.104
F2Z7K9	71-221	263-557	8vbz	A	AF-F2Z7K9-F1-model_v4.cif	8vbz.cif	-231	2447	467	4469	467	0.19084593379648548	0.104
F2Z7K9	71-221	263-557	8ven	A	AF-F2Z7K9-F1-model_v4.cif	8ven.cif	-231	2486	467	4469	467	0.18785197103781173	0.104
F2Z7K9	71-221	263-557	8vep	A	AF-F2Z7K9-F1-model_v4.cif	8vep.cif	-231	2491	467	4469	467	0.18747490967482938	0.104
F2Z7K9	71-221	263-557	8veq	A	AF-F2Z7K9-F1-model_v4.cif	8veq.cif	-231	2461	467	4469	467	0.18976026005688745	0.104
F2Z6J5	63-211	231-312	3ayx	B	AF-F2Z6J5-F1-model_v4.cif	3ayx.cif	-40	2151	2111	2759	2111	0.9814039981403998	0.765
F2Z6J5	63-211	231-312	3ayz	B	AF-F2Z6J5-F1-model_v4.cif	3ayz.cif	-40	2159	2111	2759	2111	0.9777674849467346	0.765
Q9I5E6	18-268	300-476	6s62	A	AF-Q9I5E6-F1-model_v4.cif	6s62.cif	0	3796	3796	3864	3796	1.0	0.982
A0A0M3KKZ3	40-118	158-457	4wej	A	AF-A0A0M3KKZ3-F1-model_v4.cif	4wej.cif	0	3826	234	3726	234	0.06116048092002091	0.063
A0A0M3KKZ3	40-118	158-457	4wel	A	AF-A0A0M3KKZ3-F1-model_v4.cif	4wel.cif	0	3820	234	3726	234	0.0612565445026178	0.063
Q87I71	96-198	361-467	2p3y	A	AF-Q87I71-F1-model_v4.cif	2p3y.cif	0	3726	3614	3890	3614	0.9699409554482018	0.929
Q87I71	96-198	361-467	3vb9	A	AF-Q87I71-F1-model_v4.cif	3vb9.cif	0	3717	3605	3890	3605	0.9698681732580038	0.927
Q8X5N8	27-155	204-335	1u9t	A	AF-Q8X5N8-F1-model_v4.cif	1u9t.cif	12	2574	2558	2728	2558	0.9937839937839937	0.938
Q8X5N8	27-155	204-335	4cdp	A	AF-Q8X5N8-F1-model_v4.cif	4cdp.cif	12	2658	2609	2728	2609	0.9815650865312265	0.956
Q47NR5	33-441	450-525	6e8o	A	AF-Q47NR5-F1-model_v4.cif	6e8o.cif	3	4133	4133	4194	4133	1.0	0.985
Q47NR5	33-441	450-525	6e97	A	AF-Q47NR5-F1-model_v4.cif	6e97.cif	3	4128	4128	4194	4128	1.0	0.984
A0A0E8T757	632-691	692-750	5oau	A	AF-A0A0E8T757-F1-model_v4.cif	5oau.cif	0	5131	282	5788	282	0.054960046774507894	0.049
A0A0E8T757	632-691	692-750	5oj0	A	AF-A0A0E8T757-F1-model_v4.cif	5oj0.cif	0	5057	274	5788	274	0.054182321534506625	0.047
M4GWN4	9-409	418-493	7a9i	A	AF-M4GWN4-F1-model_v4.cif	7a9i.cif	21	4030	3989	4096	3989	0.9898263027295285	0.974
M4GWN4	9-409	418-493	7a9j	A	AF-M4GWN4-F1-model_v4.cif	7a9j.cif	21	4041	3999	4096	3999	0.9896065330363771	0.976
Q6NC13	22-429	437-512	4rmn	A	AF-Q6NC13-F1-model_v4.cif	4rmn.cif	0	3973	3901	4008	3901	0.9818776743015354	0.973
Q6NC13	22-429	437-512	4zjz	A	AF-Q6NC13-F1-model_v4.cif	4zjz.cif	0	3921	3868	4008	3868	0.9864830400408059	0.965
Q2G2X6	56-288	317-382	5txi	A	AF-Q2G2X6-F1-model_v4.cif	5txi.cif	0	2835	215	3391	215	0.07583774250440917	0.063
B1YSR8	70-218	259-555	5uy7	A	AF-B1YSR8-F1-model_v4.cif	5uy7.cif	-36	2324	2305	4680	2305	0.9918244406196214	0.493
B9PW60	11-171	201-324	4ir8	A	AF-B9PW60-F1-model_v4.cif	4ir8.cif	17	2604	2361	2508	2361	0.9066820276497696	0.941
Q6NAE3	14-406	415-489	3ivr	A	AF-Q6NAE3-F1-model_v4.cif	3ivr.cif	-1	3040	2960	3768	2960	0.9736842105263158	0.786
A0R0V0	52-462	472-546	5kei	A	AF-A0R0V0-F1-model_v4.cif	5kei.cif	0	3943	3940	4164	3940	0.9992391580015216	0.946
Q57540	56-288	317-382	1tvf	A	AF-Q57540-F1-model_v4.cif	1tvf.cif	0	2898	191	3394	191	0.06590752242926155	0.056
A0A0M3KKZ4	40-118	158-457	4wek	A	AF-A0A0M3KKZ4-F1-model_v4.cif	4wek.cif	0	3831	234	3726	234	0.06108065779169929	0.063
P83789	41-122	488-732	1ru3	A	AF-P83789-F1-model_v4.cif	1ru3.cif	0	5759	5759	5790	5759	1.0	0.995
A0A0J1PJ79	59-204	224-302	5xvd	B	AF-A0A0J1PJ79-F1-model_v4.cif	5xvd.cif	-37	2086	2045	2782	2045	0.9803451581975072	0.735
Q9L869	17-163	182-264	1e3d	A	AF-Q9L869-F1-model_v4.cif	1e3d.cif	0	3877	1983	2007	1983	0.5114779468661336	0.988
Q8RR30	71-221	263-557	6vbl	A	AF-Q8RR30-F1-model_v4.cif	6vbl.cif	-231	2460	481	4469	481	0.19552845528455284	0.108
D3RV29	64-210	230-309	3myr	A	AF-D3RV29-F1-model_v4.cif	3myr.cif	-50	2038	2038	2743	2038	1.0	0.743
A0A066ZR71	79-227	247-328	5y34	B	AF-A0A066ZR71-F1-model_v4.cif	5y34.cif	0	2251	79	2872	79	0.03509551310528654	0.028
F3Y661	18-419	428-506	4wv3	A	AF-F3Y661-F1-model_v4.cif	4wv3.cif	0	4026	3986	4032	3986	0.9900645802285146	0.989
Q63QJ1	71-219	260-558	6hzi	A	AF-Q63QJ1-F1-model_v4.cif	6hzi.cif	0	2494	133	4675	133	0.053327987169206094	0.028
Q8KHY3	82-257	361-631	3dwk	A	AF-Q8KHY3-F1-model_v4.cif	3dwk.cif	0	4712	287	5677	287	0.06090831918505942	0.051
Q2TU34	13-198	203-332	5zwk	A	AF-Q2TU34-F1-model_v4.cif	5zwk.cif	0	2441	2441	2580	2441	1.0	0.946
B7LGE4	59-204	224-302	6ehs	A	AF-B7LGE4-F1-model_v4.cif	6ehs.cif	0	2037	103	2783	103	0.050564555719194895	0.037
A9T230	92-291	295-424	5iz1	A	AF-A9T230-F1-model_v4.cif	5iz1.cif	-88	2464	2464	3191	2464	1.0	0.772
P0AG30	1-47	48-123	1a62	A	AF-P0AG30-F1-model_v4.cif	1a62.cif	0	987	963	3298	963	0.9756838905775076	0.292
P0AG30	1-47	48-123	1a63	A	AF-P0AG30-F1-model_v4.cif	1a63.cif	0	20650	1028	3298	1028	0.049782082324455204	0.312
P0AG30	1-47	48-123	1a8v	A	AF-P0AG30-F1-model_v4.cif	1a8v.cif	0	902	68	3298	68	0.07538802660753881	0.021
P0AG30	1-47	48-123	1pv4	F	AF-P0AG30-F1-model_v4.cif	1pv4.cif	0	3208	3080	3298	3080	0.9600997506234414	0.934
P0AG30	1-47	48-123	1pvo	F	AF-P0AG30-F1-model_v4.cif	1pvo.cif	0	3208	3208	3298	3208	1.0	0.973
P0AG30	1-47	48-123	1xpo	G	AF-P0AG30-F1-model_v4.cif	1xpo.cif	0	3210	3210	3298	3210	1.0	0.973
P0AG30	1-47	48-123	1xpr	G	AF-P0AG30-F1-model_v4.cif	1xpr.cif	0	3210	3210	3298	3210	1.0	0.973
P0AG30	1-47	48-123	1xpu	G	AF-P0AG30-F1-model_v4.cif	1xpu.cif	0	3213	3213	3298	3213	1.0	0.974
P0AG30	1-47	48-123	2a8v	C	AF-P0AG30-F1-model_v4.cif	2a8v.cif	0	929	928	3298	928	0.9989235737351991	0.281
P0AG30	1-47	48-123	2ht1	D	AF-P0AG30-F1-model_v4.cif	2ht1.cif	22	2521	2521	3298	2521	1.0	0.764
P0AG30	1-47	48-123	3ice	A	AF-P0AG30-F1-model_v4.cif	3ice.cif	3	3133	3029	3298	3029	0.966804979253112	0.918
P0AG30	1-47	48-123	5jji	A	AF-P0AG30-F1-model_v4.cif	5jji.cif	0	3181	158	3298	158	0.049669915121031125	0.048
P0AG30	1-47	48-123	5jjk	A	AF-P0AG30-F1-model_v4.cif	5jjk.cif	0	3181	158	3298	158	0.049669915121031125	0.048
P0AG30	1-47	48-123	5jjl	A	AF-P0AG30-F1-model_v4.cif	5jjl.cif	0	3108	158	3298	158	0.05083655083655084	0.048
P0AG30	1-47	48-123	6duq	A	AF-P0AG30-F1-model_v4.cif	6duq.cif	0	3207	166	3298	166	0.05176177112566261	0.05
P0AG30	1-47	48-123	6wa8	A	AF-P0AG30-F1-model_v4.cif	6wa8.cif	0	3280	3280	3298	3280	1.0	0.995
P0AG30	1-47	48-123	6xas	J	AF-P0AG30-F1-model_v4.cif	6xas.cif	0	3280	3280	3298	3280	1.0	0.995
P0AG30	1-47	48-123	6xav	K	AF-P0AG30-F1-model_v4.cif	6xav.cif	0	3253	3253	3298	3253	1.0	0.986
P0AG30	1-47	48-123	6z9p	B	AF-P0AG30-F1-model_v4.cif	6z9p.cif	0	3280	3280	3298	3280	1.0	0.995
P0AG30	1-47	48-123	6z9q	B	AF-P0AG30-F1-model_v4.cif	6z9q.cif	0	3280	3280	3298	3280	1.0	0.995
P0AG30	1-47	48-123	6z9r	B	AF-P0AG30-F1-model_v4.cif	6z9r.cif	0	3280	3280	3298	3280	1.0	0.995
P0AG30	1-47	48-123	6z9s	A	AF-P0AG30-F1-model_v4.cif	6z9s.cif	0	3280	3280	3298	3280	1.0	0.995
P0AG30	1-47	48-123	6z9t	A	AF-P0AG30-F1-model_v4.cif	6z9t.cif	0	3280	3280	3298	3280	1.0	0.995
P0AG30	1-47	48-123	7adb	A	AF-P0AG30-F1-model_v4.cif	7adb.cif	0	3280	3280	3298	3280	1.0	0.995
P0AG30	1-47	48-123	7adc	A	AF-P0AG30-F1-model_v4.cif	7adc.cif	0	3280	3280	3298	3280	1.0	0.995
P0AG30	1-47	48-123	7add	A	AF-P0AG30-F1-model_v4.cif	7add.cif	0	3280	3280	3298	3280	1.0	0.995
P0AG30	1-47	48-123	7ade	A	AF-P0AG30-F1-model_v4.cif	7ade.cif	0	3280	3280	3298	3280	1.0	0.995
P0AG30	1-47	48-123	7x2r	A	AF-P0AG30-F1-model_v4.cif	7x2r.cif	0	3208	3208	3298	3208	1.0	0.973
P0AG30	1-47	48-123	8e3h	B	AF-P0AG30-F1-model_v4.cif	8e3h.cif	0	3280	3280	3298	3280	1.0	0.995
P0AG30	1-47	48-123	8e5l	B	AF-P0AG30-F1-model_v4.cif	8e5l.cif	0	3280	3280	3298	3280	1.0	0.995
P0AG30	1-47	48-123	8e5p	B	AF-P0AG30-F1-model_v4.cif	8e5p.cif	0	3280	3280	3298	3280	1.0	0.995
P0AG30	1-47	48-123	8e6w	B	AF-P0AG30-F1-model_v4.cif	8e6w.cif	0	3280	3280	3298	3280	1.0	0.995
P0AG30	1-47	48-123	8e70	B	AF-P0AG30-F1-model_v4.cif	8e70.cif	0	3280	3280	3298	3280	1.0	0.995
P0AG30	1-47	48-123	8ptg	A	AF-P0AG30-F1-model_v4.cif	8ptg.cif	0	3297	3297	3298	3297	1.0	1.0
P0AG30	1-47	48-123	8ptm	A	AF-P0AG30-F1-model_v4.cif	8ptm.cif	0	3291	3291	3298	3291	1.0	0.998
P0AG30	1-47	48-123	8ptn	A	AF-P0AG30-F1-model_v4.cif	8ptn.cif	0	3291	3291	3298	3291	1.0	0.998
P0AG30	1-47	48-123	8pto	A	AF-P0AG30-F1-model_v4.cif	8pto.cif	0	3291	3291	3298	3291	1.0	0.998
P0AG30	1-47	48-123	8ptp	A	AF-P0AG30-F1-model_v4.cif	8ptp.cif	0	3291	3291	3298	3291	1.0	0.998
P0AG30	1-47	48-123	8q3n	A	AF-P0AG30-F1-model_v4.cif	8q3n.cif	0	3291	3291	3298	3291	1.0	0.998
P0AG30	1-47	48-123	8q3o	A	AF-P0AG30-F1-model_v4.cif	8q3o.cif	0	3291	3291	3298	3291	1.0	0.998
P0AG30	1-47	48-123	8q3p	A	AF-P0AG30-F1-model_v4.cif	8q3p.cif	0	3301	174	3298	174	0.05271129960617994	0.053
P0AG30	1-47	48-123	8q3q	A	AF-P0AG30-F1-model_v4.cif	8q3q.cif	0	3301	174	3298	174	0.05271129960617994	0.053
P23687	1-426	427-710	1e5t	A	AF-P23687-F1-model_v4.cif	1e5t.cif	0	5698	5677	5701	5677	0.9963144963144963	0.996
P23687	1-426	427-710	1e8m	A	AF-P23687-F1-model_v4.cif	1e8m.cif	0	5700	5695	5701	5695	0.9991228070175439	0.999
P23687	1-426	427-710	1e8n	A	AF-P23687-F1-model_v4.cif	1e8n.cif	0	5700	5695	5701	5695	0.9991228070175439	0.999
P23687	1-426	427-710	1h2w	A	AF-P23687-F1-model_v4.cif	1h2w.cif	0	5701	5701	5701	5701	1.0	1.0
P23687	1-426	427-710	1h2x	A	AF-P23687-F1-model_v4.cif	1h2x.cif	0	5700	5689	5701	5689	0.9980701754385964	0.998
P23687	1-426	427-710	1h2y	A	AF-P23687-F1-model_v4.cif	1h2y.cif	0	5700	5689	5701	5689	0.9980701754385964	0.998
P23687	1-426	427-710	1h2z	A	AF-P23687-F1-model_v4.cif	1h2z.cif	0	5700	5695	5701	5695	0.9991228070175439	0.999
P23687	1-426	427-710	1o6f	A	AF-P23687-F1-model_v4.cif	1o6f.cif	0	5698	5693	5701	5693	0.9991224991224992	0.999
P23687	1-426	427-710	1o6g	A	AF-P23687-F1-model_v4.cif	1o6g.cif	0	5703	5688	5701	5688	0.997369805365597	0.998
P23687	1-426	427-710	1qfm	A	AF-P23687-F1-model_v4.cif	1qfm.cif	0	5708	5671	5701	5671	0.9935178696566223	0.995
P23687	1-426	427-710	1qfs	A	AF-P23687-F1-model_v4.cif	1qfs.cif	0	5701	5701	5701	5701	1.0	1.0
P23687	1-426	427-710	1uoo	A	AF-P23687-F1-model_v4.cif	1uoo.cif	0	5700	5695	5701	5695	0.9991228070175439	0.999
P23687	1-426	427-710	1uop	A	AF-P23687-F1-model_v4.cif	1uop.cif	0	5700	5695	5701	5695	0.9991228070175439	0.999
P23687	1-426	427-710	1uoq	A	AF-P23687-F1-model_v4.cif	1uoq.cif	0	5700	5695	5701	5695	0.9991228070175439	0.999
P23687	1-426	427-710	1vz2	A	AF-P23687-F1-model_v4.cif	1vz2.cif	0	5697	5676	5701	5676	0.9963138493944181	0.996
P23687	1-426	427-710	1vz3	A	AF-P23687-F1-model_v4.cif	1vz3.cif	0	5700	5694	5701	5694	0.9989473684210526	0.999
P23687	1-426	427-710	2xdw	A	AF-P23687-F1-model_v4.cif	2xdw.cif	0	5701	5701	5701	5701	1.0	1.0
P23687	1-426	427-710	3eq7	A	AF-P23687-F1-model_v4.cif	3eq7.cif	0	5574	5574	5701	5574	1.0	0.978
P23687	1-426	427-710	3eq8	A	AF-P23687-F1-model_v4.cif	3eq8.cif	0	5656	5645	5701	5645	0.9980551626591231	0.99
P23687	1-426	427-710	3eq9	A	AF-P23687-F1-model_v4.cif	3eq9.cif	0	5675	5657	5701	5657	0.9968281938325991	0.992
P23687	1-426	427-710	4amy	A	AF-P23687-F1-model_v4.cif	4amy.cif	0	5701	5701	5701	5701	1.0	1.0
P23687	1-426	427-710	4amz	A	AF-P23687-F1-model_v4.cif	4amz.cif	0	5701	5701	5701	5701	1.0	1.0
P23687	1-426	427-710	4an0	A	AF-P23687-F1-model_v4.cif	4an0.cif	0	5701	5701	5701	5701	1.0	1.0
P23687	1-426	427-710	4an1	A	AF-P23687-F1-model_v4.cif	4an1.cif	0	5701	5701	5701	5701	1.0	1.0
P23687	1-426	427-710	4ax4	A	AF-P23687-F1-model_v4.cif	4ax4.cif	0	5623	5618	5701	5618	0.9991107949493153	0.985
P23687	1-426	427-710	4bcb	A	AF-P23687-F1-model_v4.cif	4bcb.cif	0	5701	5701	5701	5701	1.0	1.0
P23687	1-426	427-710	4bcc	A	AF-P23687-F1-model_v4.cif	4bcc.cif	0	5701	5701	5701	5701	1.0	1.0
P23687	1-426	427-710	4bcd	A	AF-P23687-F1-model_v4.cif	4bcd.cif	0	5701	5701	5701	5701	1.0	1.0
O69275	1-226	227-427	2j3v	A	AF-O69275-F1-model_v4.cif	2j3v.cif	0	3474	3448	3484	3448	0.9925158318940702	0.99
O69275	1-226	227-427	2j3x	A	AF-O69275-F1-model_v4.cif	2j3x.cif	0	3606	3442	3484	3442	0.954520244037715	0.988
O69275	1-226	227-427	2j3z	A	AF-O69275-F1-model_v4.cif	2j3z.cif	0	3476	3457	3484	3457	0.9945339470655926	0.992
Q7KLV9	1-223	224-392	3txm	A	AF-Q7KLV9-F1-model_v4.cif	3txm.cif	-28	2717	2717	3317	2717	1.0	0.819
Q7KLV9	1-223	224-392	3txn	A	AF-Q7KLV9-F1-model_v4.cif	3txn.cif	-28	2717	2717	3317	2717	1.0	0.819
H2E7Q8	1-80,452-730	81-451	5n4b	A	AF-H2E7Q8-F1-model_v4.cif	5n4b.cif	1	5796	5723	5791	5723	0.9874051069703244	0.988
H2E7Q8	1-80,452-730	81-451	5n4c	A	AF-H2E7Q8-F1-model_v4.cif	5n4c.cif	0	5744	5728	5791	5728	0.9972144846796658	0.989
H2E7Q8	1-80,452-730	81-451	5n4d	A	AF-H2E7Q8-F1-model_v4.cif	5n4d.cif	0	5762	5703	5791	5703	0.9897604998264492	0.985
H2E7Q8	1-80,452-730	81-451	5n4e	A	AF-H2E7Q8-F1-model_v4.cif	5n4e.cif	0	5665	5651	5791	5651	0.9975286849073257	0.976
H2E7Q8	1-80,452-730	81-451	5n4f	A	AF-H2E7Q8-F1-model_v4.cif	5n4f.cif	0	5578	5578	5791	5578	1.0	0.963
P04958	1-250	251-451	1a8d	A	AF-P04958-F1-model_v4.cif	1a8d.cif	-862	3657	235	10630	235	0.06426032266885426	0.022
P04958	1-250	251-451	1af9	A	AF-P04958-F1-model_v4.cif	1af9.cif	-862	3564	235	10630	235	0.06593714927048261	0.022
P04958	1-250	251-451	1d0h	A	AF-P04958-F1-model_v4.cif	1d0h.cif	-846	3563	3563	10630	3563	1.0	0.335
P04958	1-250	251-451	1dfq	A	AF-P04958-F1-model_v4.cif	1dfq.cif	-870	3563	235	10630	235	0.06595565534661801	0.022
P04958	1-250	251-451	1diw	A	AF-P04958-F1-model_v4.cif	1diw.cif	-873	3566	244	10630	244	0.06842400448681997	0.023
P04958	1-250	251-451	1dll	A	AF-P04958-F1-model_v4.cif	1dll.cif	-873	3563	235	10630	235	0.06595565534661801	0.022
P04958	1-250	251-451	1fv2	A	AF-P04958-F1-model_v4.cif	1fv2.cif	-842	3648	235	10630	235	0.0644188596491228	0.022
P04958	1-250	251-451	1fv3	A	AF-P04958-F1-model_v4.cif	1fv3.cif	-842	3652	235	10630	235	0.06434830230010953	0.022
P04958	1-250	251-451	1yvg	A	AF-P04958-F1-model_v4.cif	1yvg.cif	0	3222	200	10630	200	0.06207324643078833	0.019
P04958	1-250	251-451	1yxw	A	AF-P04958-F1-model_v4.cif	1yxw.cif	-873	3564	235	10630	235	0.06593714927048261	0.022
P04958	1-250	251-451	1yyn	A	AF-P04958-F1-model_v4.cif	1yyn.cif	-873	3564	235	10630	235	0.06593714927048261	0.022
P04958	1-250	251-451	1z7h	A	AF-P04958-F1-model_v4.cif	1z7h.cif	5	3453	208	10630	208	0.06023747465971619	0.02
P04958	1-250	251-451	3hmy	A	AF-P04958-F1-model_v4.cif	3hmy.cif	-865	3575	3575	10630	3575	1.0	0.336
P04958	1-250	251-451	3hn1	A	AF-P04958-F1-model_v4.cif	3hn1.cif	-865	3575	3575	10630	3575	1.0	0.336
P04958	1-250	251-451	4j1l	A	AF-P04958-F1-model_v4.cif	4j1l.cif	-1	3178	3154	10630	3154	0.9924480805538074	0.297
P04958	1-250	251-451	5n0b	A	AF-P04958-F1-model_v4.cif	5n0b.cif	20	10348	10332	10630	10332	0.9984538074990337	0.972
P04958	1-250	251-451	5n0c	A	AF-P04958-F1-model_v4.cif	5n0c.cif	20	10444	10428	10630	10428	0.9984680199157411	0.981
P04958	1-250	251-451	7bxx	A	AF-P04958-F1-model_v4.cif	7bxx.cif	-458	2447	2438	10630	2438	0.9963220269718022	0.229
P04958	1-250	251-451	7by4	A	AF-P04958-F1-model_v4.cif	7by4.cif	-864	3861	3558	10630	3558	0.9215229215229215	0.335
P04958	1-250	251-451	7by5	A	AF-P04958-F1-model_v4.cif	7by5.cif	7	10470	10353	10630	10353	0.9888252148997134	0.974
P04958	1-250	251-451	7oh0	A	AF-P04958-F1-model_v4.cif	7oh0.cif	0	3516	152	10630	152	0.04323094425483504	0.014
P04958	1-250	251-451	7oh1	A	AF-P04958-F1-model_v4.cif	7oh1.cif	0	6839	6839	10630	6839	1.0	0.643
P04807	75-209	210-458	1ig8	A	AF-P04807-F1-model_v4.cif	1ig8.cif	0	3671	3671	3797	3671	1.0	0.967
P04807	75-209	210-458	2yhx	A	AF-P04807-F1-model_v4.cif	2yhx.cif	0	3290	172	3797	172	0.052279635258358666	0.045
P04807	75-209	210-458	5uwt	D	AF-P04807-F1-model_v4.cif	5uwt.cif	0	288	9	3797	9	0.03125	0.002
O60729	44-198	214-374	1ohc	A	AF-O60729-F1-model_v4.cif	1ohc.cif	-38	2744	2744	3995	2744	1.0	0.687
O60729	44-198	214-374	1ohd	A	AF-O60729-F1-model_v4.cif	1ohd.cif	-38	2743	2743	3995	2743	1.0	0.687
O60729	44-198	214-374	1ohe	A	AF-O60729-F1-model_v4.cif	1ohe.cif	-38	2744	2738	3995	2738	0.9978134110787172	0.685
P23694	1-246	257-471	1af0	A	AF-P23694-F1-model_v4.cif	1af0.cif	-16	3551	3521	3691	3521	0.9915516755843424	0.954
P23694	1-246	257-471	1sat	A	AF-P23694-F1-model_v4.cif	1sat.cif	-16	3539	3499	3691	3499	0.9886973721390223	0.948
P23694	1-246	257-471	1smp	A	AF-P23694-F1-model_v4.cif	1smp.cif	-16	3550	3542	3691	3542	0.9977464788732394	0.96
P23694	1-246	257-471	4i35	A	AF-P23694-F1-model_v4.cif	4i35.cif	0	3591	239	3691	239	0.06655527708159287	0.065
P23694	1-246	257-471	5d7w	A	AF-P23694-F1-model_v4.cif	5d7w.cif	-18	3684	3548	3691	3548	0.9630836047774158	0.961
Q49434	1-142	183-383	1ydx	A	AF-Q49434-F1-model_v4.cif	1ydx.cif	23	3032	2984	3112	2984	0.9841688654353562	0.959
P15873	1-117	135-258	1plq	A	AF-P15873-F1-model_v4.cif	1plq.cif	0	2030	2030	2030	2030	1.0	1.0
P15873	1-117	135-258	1plr	A	AF-P15873-F1-model_v4.cif	1plr.cif	0	2030	2030	2030	2030	1.0	1.0
P15873	1-117	135-258	1sxj	F	AF-P15873-F1-model_v4.cif	1sxj.cif	25	2021	1963	2030	1963	0.971301335972291	0.967
P15873	1-117	135-258	2od8	A	AF-P15873-F1-model_v4.cif	2od8.cif	0	2003	2003	2030	2003	1.0	0.987
P15873	1-117	135-258	3f1w	A	AF-P15873-F1-model_v4.cif	3f1w.cif	0	1997	1991	2030	1991	0.9969954932398598	0.981
P15873	1-117	135-258	3gpm	A	AF-P15873-F1-model_v4.cif	3gpm.cif	0	1990	1986	2030	1986	0.9979899497487437	0.978
P15873	1-117	135-258	3gpn	A	AF-P15873-F1-model_v4.cif	3gpn.cif	0	1979	1975	2030	1975	0.9979787771601819	0.973
P15873	1-117	135-258	3l0w	A	AF-P15873-F1-model_v4.cif	3l0w.cif	6	1286	1286	2030	1286	1.0	0.633
P15873	1-117	135-258	3l0x	A	AF-P15873-F1-model_v4.cif	3l0x.cif	6	1286	1286	2030	1286	1.0	0.633
P15873	1-117	135-258	3l10	A	AF-P15873-F1-model_v4.cif	3l10.cif	6	1286	1286	2030	1286	1.0	0.633
P15873	1-117	135-258	3pge	A	AF-P15873-F1-model_v4.cif	3pge.cif	-58	1361	759	2030	759	0.5576781778104335	0.374
P15873	1-117	135-258	3v60	B	AF-P15873-F1-model_v4.cif	3v60.cif	0	2006	2002	2030	2002	0.9980059820538385	0.986
P15873	1-117	135-258	3v61	B	AF-P15873-F1-model_v4.cif	3v61.cif	0	1984	1980	2030	1980	0.9979838709677419	0.975
P15873	1-117	135-258	3v62	B	AF-P15873-F1-model_v4.cif	3v62.cif	0	1998	1994	2030	1994	0.997997997997998	0.982
P15873	1-117	135-258	4l60	A	AF-P15873-F1-model_v4.cif	4l60.cif	0	2016	2005	2030	2005	0.9945436507936508	0.988
P15873	1-117	135-258	4l6p	A	AF-P15873-F1-model_v4.cif	4l6p.cif	6	2004	1982	2030	1982	0.9890219560878244	0.976
P15873	1-117	135-258	4yhr	A	AF-P15873-F1-model_v4.cif	4yhr.cif	8	2011	2011	2030	2011	1.0	0.991
P15873	1-117	135-258	5jne	D	AF-P15873-F1-model_v4.cif	5jne.cif	0	1967	1932	2030	1932	0.9822064056939501	0.952
P15873	1-117	135-258	5t9d	A	AF-P15873-F1-model_v4.cif	5t9d.cif	0	1849	1842	2030	1842	0.9962141698215251	0.907
P15873	1-117	135-258	5v7k	A	AF-P15873-F1-model_v4.cif	5v7k.cif	7	4022	1987	2030	1987	0.49403281949278965	0.979
P15873	1-117	135-258	5v7l	A	AF-P15873-F1-model_v4.cif	5v7l.cif	7	4012	1984	2030	1984	0.4945164506480558	0.977
P15873	1-117	135-258	5v7m	A	AF-P15873-F1-model_v4.cif	5v7m.cif	7	4008	1979	2030	1979	0.4937624750499002	0.975
P15873	1-117	135-258	5zut	A	AF-P15873-F1-model_v4.cif	5zut.cif	0	2003	2003	2030	2003	1.0	0.987
P15873	1-117	135-258	6cx2	A	AF-P15873-F1-model_v4.cif	6cx2.cif	1	3960	1971	2030	1971	0.49772727272727274	0.971
P15873	1-117	135-258	6cx3	A	AF-P15873-F1-model_v4.cif	6cx3.cif	1	4012	1992	2030	1992	0.4965104685942173	0.981
P15873	1-117	135-258	6cx4	A	AF-P15873-F1-model_v4.cif	6cx4.cif	1	1995	1985	2030	1985	0.9949874686716792	0.978
P15873	1-117	135-258	6d0q	A	AF-P15873-F1-model_v4.cif	6d0q.cif	6	2031	2022	2030	2022	0.9955686853766618	0.996
P15873	1-117	135-258	6d0r	A	AF-P15873-F1-model_v4.cif	6d0r.cif	6	2012	2003	2030	2003	0.9955268389662028	0.987
P15873	1-117	135-258	6e49	A	AF-P15873-F1-model_v4.cif	6e49.cif	14	2003	2003	2030	2003	1.0	0.987
P15873	1-117	135-258	6w9w	A	AF-P15873-F1-model_v4.cif	6w9w.cif	2	4035	1984	2030	1984	0.49169764560099133	0.977
P15873	1-117	135-258	6wac	A	AF-P15873-F1-model_v4.cif	6wac.cif	0	1972	1962	2030	1962	0.9949290060851927	0.967
P15873	1-117	135-258	7kc0	C	AF-P15873-F1-model_v4.cif	7kc0.cif	0	1995	1995	2030	1995	1.0	0.983
P15873	1-117	135-258	7tfh	F	AF-P15873-F1-model_v4.cif	7tfh.cif	2	2011	1963	2030	1963	0.9761312779711586	0.967
P15873	1-117	135-258	7tfi	F	AF-P15873-F1-model_v4.cif	7tfi.cif	2	2011	1963	2030	1963	0.9761312779711586	0.967
P15873	1-117	135-258	7tfj	F	AF-P15873-F1-model_v4.cif	7tfj.cif	2	2021	1963	2030	1963	0.971301335972291	0.967
P15873	1-117	135-258	7thj	F	AF-P15873-F1-model_v4.cif	7thj.cif	6	2006	1995	2030	1995	0.9945164506480558	0.983
P15873	1-117	135-258	7thv	F	AF-P15873-F1-model_v4.cif	7thv.cif	6	1995	1995	2030	1995	1.0	0.983
P15873	1-117	135-258	7ti8	F	AF-P15873-F1-model_v4.cif	7ti8.cif	6	2011	2011	2030	2011	1.0	0.991
P15873	1-117	135-258	7tib	F	AF-P15873-F1-model_v4.cif	7tib.cif	6	2003	2003	2030	2003	1.0	0.987
P15873	1-117	135-258	7tic	F	AF-P15873-F1-model_v4.cif	7tic.cif	6	1995	1995	2030	1995	1.0	0.983
P15873	1-117	135-258	7tid	F	AF-P15873-F1-model_v4.cif	7tid.cif	6	2003	2003	2030	2003	1.0	0.987
P15873	1-117	135-258	7tku	F	AF-P15873-F1-model_v4.cif	7tku.cif	5	2020	2020	2030	2020	1.0	0.995
P15873	1-117	135-258	7u19	F	AF-P15873-F1-model_v4.cif	7u19.cif	6	2003	2003	2030	2003	1.0	0.987
P15873	1-117	135-258	7u1a	F	AF-P15873-F1-model_v4.cif	7u1a.cif	6	2003	2003	2030	2003	1.0	0.987
P15873	1-117	135-258	7u1p	F	AF-P15873-F1-model_v4.cif	7u1p.cif	6	2003	2003	2030	2003	1.0	0.987
P15873	1-117	135-258	8dqx	F	AF-P15873-F1-model_v4.cif	8dqx.cif	1	4046	2008	2030	2008	0.4962926347009392	0.989
P15873	1-117	135-258	8dqz	F	AF-P15873-F1-model_v4.cif	8dqz.cif	19	4055	2011	2030	2011	0.49593094944512944	0.991
P15873	1-117	135-258	8dr0	F	AF-P15873-F1-model_v4.cif	8dr0.cif	0	4055	161	2030	161	0.03970406905055487	0.079
P15873	1-117	135-258	8dr1	F	AF-P15873-F1-model_v4.cif	8dr1.cif	19	4055	2011	2030	2011	0.49593094944512944	0.991
P15873	1-117	135-258	8dr3	F	AF-P15873-F1-model_v4.cif	8dr3.cif	19	4055	2011	2030	2011	0.49593094944512944	0.991
P15873	1-117	135-258	8dr4	F	AF-P15873-F1-model_v4.cif	8dr4.cif	19	4044	2008	2030	2008	0.49653808110781406	0.989
P15873	1-117	135-258	8dr5	F	AF-P15873-F1-model_v4.cif	8dr5.cif	0	4044	161	2030	161	0.03981206726013848	0.079
P15873	1-117	135-258	8dr6	F	AF-P15873-F1-model_v4.cif	8dr6.cif	19	4055	2011	2030	2011	0.49593094944512944	0.991
P15873	1-117	135-258	8dr7	F	AF-P15873-F1-model_v4.cif	8dr7.cif	0	4044	161	2030	161	0.03981206726013848	0.079
Q9WZU0	10-198	199-419	1e4f	A	AF-Q9WZU0-F1-model_v4.cif	1e4f.cif	0	2974	2974	3313	2974	1.0	0.898
Q9WZU0	10-198	199-419	1e4g	A	AF-Q9WZU0-F1-model_v4.cif	1e4g.cif	0	2988	2948	3313	2948	0.9866131191432396	0.89
Q9WZU0	10-198	199-419	4a2a	A	AF-Q9WZU0-F1-model_v4.cif	4a2a.cif	0	2925	2925	3313	2925	1.0	0.883
Q9WZU0	10-198	199-419	4a2b	A	AF-Q9WZU0-F1-model_v4.cif	4a2b.cif	0	3033	3033	3313	3033	1.0	0.915
P97784	3-132	215-430	4ct0	A	AF-P97784-F1-model_v4.cif	4ct0.cif	0	3817	3817	4790	3817	1.0	0.797
P97784	3-132	215-430	4k0r	A	AF-P97784-F1-model_v4.cif	4k0r.cif	0	3622	3622	4790	3622	1.0	0.756
P97784	3-132	215-430	5t5x	A	AF-P97784-F1-model_v4.cif	5t5x.cif	0	7620	3814	4790	3814	0.5005249343832021	0.796
P97784	3-132	215-430	6kx4	A	AF-P97784-F1-model_v4.cif	6kx4.cif	2	3690	3670	4790	3670	0.994579945799458	0.766
P97784	3-132	215-430	6kx5	A	AF-P97784-F1-model_v4.cif	6kx5.cif	2	3731	3731	4790	3731	1.0	0.779
P97784	3-132	215-430	6kx6	A	AF-P97784-F1-model_v4.cif	6kx6.cif	2	3670	3660	4790	3660	0.997275204359673	0.764
P97784	3-132	215-430	6kx7	A	AF-P97784-F1-model_v4.cif	6kx7.cif	2	3629	3629	4790	3629	1.0	0.758
P97784	3-132	215-430	6lue	A	AF-P97784-F1-model_v4.cif	6lue.cif	2	3667	3667	4790	3667	1.0	0.766
P97784	3-132	215-430	6of7	A	AF-P97784-F1-model_v4.cif	6of7.cif	0	3757	3757	4790	3757	1.0	0.784
P97784	3-132	215-430	7d0m	A	AF-P97784-F1-model_v4.cif	7d0m.cif	2	3875	3875	4790	3875	1.0	0.809
P97784	3-132	215-430	7d19	A	AF-P97784-F1-model_v4.cif	7d19.cif	2	3644	3644	4790	3644	1.0	0.761
P97784	3-132	215-430	7d1c	A	AF-P97784-F1-model_v4.cif	7d1c.cif	2	3857	3856	4790	3856	0.9997407311381903	0.805
P97784	3-132	215-430	7dli	A	AF-P97784-F1-model_v4.cif	7dli.cif	2	3575	3575	4790	3575	1.0	0.746
P97784	3-132	215-430	7wva	A	AF-P97784-F1-model_v4.cif	7wva.cif	2	3640	3640	4790	3640	1.0	0.76
P13797	123-329	267-378	1aoa	A	AF-P13797-F1-model_v4.cif	1aoa.cif	-97	1908	96	4975	96	0.050314465408805034	0.019
P13797	123-329	267-378	1wjo	A	AF-P13797-F1-model_v4.cif	1wjo.cif	-509	37180	53	4975	53	0.001425497579343733	0.011
P13797	123-329	267-378	7r94	F	AF-P13797-F1-model_v4.cif	7r94.cif	0	1889	1889	4975	1889	1.0	0.38
P13797	123-329	267-378	7sx8	D	AF-P13797-F1-model_v4.cif	7sx8.cif	0	3540	3540	4975	3540	1.0	0.712
P13797	123-329	267-378	7sx9	G	AF-P13797-F1-model_v4.cif	7sx9.cif	0	3540	3540	4975	3540	1.0	0.712
P13797	123-329	267-378	7sxa	A	AF-P13797-F1-model_v4.cif	7sxa.cif	0	2524	2524	4975	2524	1.0	0.507
Q2G1N7	1-154	157-250	1p4x	A	AF-Q2G1N7-F1-model_v4.cif	1p4x.cif	0	2104	2104	2105	2104	1.0	1.0
Q9Y221	1-93	94-170	1sqw	A	AF-Q9Y221-F1-model_v4.cif	1sqw.cif	0	1409	1409	1441	1409	1.0	0.978
Q9Y221	1-93	94-170	1t5y	A	AF-Q9Y221-F1-model_v4.cif	1t5y.cif	10	1351	1311	1441	1311	0.9703923019985197	0.91
Q9Y221	1-93	94-170	8fkt	Z	AF-Q9Y221-F1-model_v4.cif	8fkt.cif	0	1441	1441	1441	1441	1.0	1.0
Q9Y221	1-93	94-170	8fku	AA	AF-Q9Y221-F1-model_v4.cif	8fku.cif	0	1441	1441	1441	1441	1.0	1.0
Q9Y221	1-93	94-170	8fkv	BA	AF-Q9Y221-F1-model_v4.cif	8fkv.cif	0	1441	1441	1441	1441	1.0	1.0
Q9Y221	1-93	94-170	8fkw	CA	AF-Q9Y221-F1-model_v4.cif	8fkw.cif	0	1441	1441	1441	1441	1.0	1.0
Q9Y221	1-93	94-170	8fkx	CA	AF-Q9Y221-F1-model_v4.cif	8fkx.cif	0	1441	1441	1441	1441	1.0	1.0
Q9Y221	1-93	94-170	8fky	HA	AF-Q9Y221-F1-model_v4.cif	8fky.cif	0	1441	1441	1441	1441	1.0	1.0
P23258	1-273	287-451	1z5v	A	AF-P23258-F1-model_v4.cif	1z5v.cif	0	3141	3129	3600	3129	0.9961795606494747	0.869
P23258	1-273	287-451	1z5w	A	AF-P23258-F1-model_v4.cif	1z5w.cif	0	3077	3065	3600	3065	0.9961000974975626	0.851
P23258	1-273	287-451	3cb2	A	AF-P23258-F1-model_v4.cif	3cb2.cif	0	3325	3312	3600	3312	0.9960902255639098	0.92
P23258	1-273	287-451	6v5v	A	AF-P23258-F1-model_v4.cif	6v5v.cif	0	2951	2938	3600	2938	0.9955947136563876	0.816
P23258	1-273	287-451	6v6s	A	AF-P23258-F1-model_v4.cif	6v6s.cif	0	4371	162	3600	162	0.03706245710363761	0.045
P23258	1-273	287-451	7as4	A	AF-P23258-F1-model_v4.cif	7as4.cif	0	3380	3371	3600	3371	0.9973372781065089	0.936
P23258	1-273	287-451	7qj0	K	AF-P23258-F1-model_v4.cif	7qj0.cif	0	3373	3373	3600	3373	1.0	0.937
P23258	1-273	287-451	7qj1	K	AF-P23258-F1-model_v4.cif	7qj1.cif	0	3373	3373	3600	3373	1.0	0.937
P23258	1-273	287-451	7qj2	O	AF-P23258-F1-model_v4.cif	7qj2.cif	0	3373	3373	3600	3373	1.0	0.937
P23258	1-273	287-451	7qj3	A	AF-P23258-F1-model_v4.cif	7qj3.cif	0	3373	3373	3600	3373	1.0	0.937
P23258	1-273	287-451	7qj4	A	AF-P23258-F1-model_v4.cif	7qj4.cif	0	3373	3373	3600	3373	1.0	0.937
P23258	1-273	287-451	7qj5	A	AF-P23258-F1-model_v4.cif	7qj5.cif	0	3373	3373	3600	3373	1.0	0.937
P23258	1-273	287-451	7qj6	Q	AF-P23258-F1-model_v4.cif	7qj6.cif	0	3373	3373	3600	3373	1.0	0.937
P23258	1-273	287-451	7qj7	A	AF-P23258-F1-model_v4.cif	7qj7.cif	0	847	86	3600	86	0.10153482880755609	0.024
P23258	1-273	287-451	7qj8	A	AF-P23258-F1-model_v4.cif	7qj8.cif	0	847	86	3600	86	0.10153482880755609	0.024
P23258	1-273	287-451	7qj9	A	AF-P23258-F1-model_v4.cif	7qj9.cif	0	847	86	3600	86	0.10153482880755609	0.024
P23258	1-273	287-451	7qja	A	AF-P23258-F1-model_v4.cif	7qja.cif	0	2847	195	3600	195	0.0684931506849315	0.054
P23258	1-273	287-451	7qjb	A	AF-P23258-F1-model_v4.cif	7qjb.cif	0	3373	3373	3600	3373	1.0	0.937
P23258	1-273	287-451	7qjc	L	AF-P23258-F1-model_v4.cif	7qjc.cif	0	4579	208	3600	208	0.045424765232583535	0.058
P23258	1-273	287-451	7qjd	A	AF-P23258-F1-model_v4.cif	7qjd.cif	0	3373	3373	3600	3373	1.0	0.937
P23258	1-273	287-451	7qje	E	AF-P23258-F1-model_v4.cif	7qje.cif	0	3373	3373	3600	3373	1.0	0.937
P23258	1-273	287-451	8q62	A	AF-P23258-F1-model_v4.cif	8q62.cif	0	6707	3371	3600	3371	0.5026092142537647	0.936
P23258	1-273	287-451	8vrd	B	AF-P23258-F1-model_v4.cif	8vrd.cif	0	779	45	3600	45	0.057766367137355584	0.013
P23258	1-273	287-451	8vrj	A	AF-P23258-F1-model_v4.cif	8vrj.cif	0	2125	112	3600	112	0.05270588235294118	0.031
P23258	1-273	287-451	8vrk	A	AF-P23258-F1-model_v4.cif	8vrk.cif	0	2125	112	3600	112	0.05270588235294118	0.031
P23470	849-1119	1150-1410	2h4v	A	AF-P23470-F1-model_v4.cif	2h4v.cif	-807	2359	2224	11402	2224	0.9427723611699873	0.195
P23470	849-1119	1150-1410	2hy3	A	AF-P23470-F1-model_v4.cif	2hy3.cif	-817	2251	2203	11402	2203	0.9786761439360284	0.193
P23470	849-1119	1150-1410	2nlk	A	AF-P23470-F1-model_v4.cif	2nlk.cif	0	4386	239	11402	239	0.05449156406748746	0.021
P23470	849-1119	1150-1410	2pbn	A	AF-P23470-F1-model_v4.cif	2pbn.cif	-817	2330	2325	11402	2325	0.9978540772532188	0.204
P23470	849-1119	1150-1410	3jxh	A	AF-P23470-F1-model_v4.cif	3jxh.cif	-55	2078	2078	11402	2078	1.0	0.182
P23470	849-1119	1150-1410	3qcb	A	AF-P23470-F1-model_v4.cif	3qcb.cif	-818	2278	2272	11402	2272	0.9973661106233538	0.199
P23470	849-1119	1150-1410	3qcc	A	AF-P23470-F1-model_v4.cif	3qcc.cif	-818	2338	2279	11402	2279	0.974764756201882	0.2
P23470	849-1119	1150-1410	3qcd	A	AF-P23470-F1-model_v4.cif	3qcd.cif	-818	2306	2281	11402	2281	0.9891587163920208	0.2
P23470	849-1119	1150-1410	3qce	A	AF-P23470-F1-model_v4.cif	3qce.cif	-818	2349	2291	11402	2291	0.9753086419753086	0.201
P23470	849-1119	1150-1410	3qcf	A	AF-P23470-F1-model_v4.cif	3qcf.cif	-818	2317	2260	11402	2260	0.9753992231333621	0.198
P23470	849-1119	1150-1410	3qcg	A	AF-P23470-F1-model_v4.cif	3qcg.cif	-818	2365	2300	11402	2300	0.9725158562367865	0.202
P23470	849-1119	1150-1410	3qch	A	AF-P23470-F1-model_v4.cif	3qch.cif	-818	2313	2277	11402	2277	0.9844357976653697	0.2
P23470	849-1119	1150-1410	3qci	A	AF-P23470-F1-model_v4.cif	3qci.cif	-818	2325	2297	11402	2297	0.9879569892473118	0.201
P23470	849-1119	1150-1410	3qcj	A	AF-P23470-F1-model_v4.cif	3qcj.cif	-818	2331	2300	11402	2300	0.9867009867009867	0.202
P23470	849-1119	1150-1410	3qck	A	AF-P23470-F1-model_v4.cif	3qck.cif	-818	2327	2313	11402	2313	0.9939836699613236	0.203
P23470	849-1119	1150-1410	3qcl	A	AF-P23470-F1-model_v4.cif	3qcl.cif	-818	2336	2323	11402	2323	0.9944349315068494	0.204
P23470	849-1119	1150-1410	3qcm	A	AF-P23470-F1-model_v4.cif	3qcm.cif	-818	2321	2303	11402	2303	0.992244722102542	0.202
P23470	849-1119	1150-1410	3qcn	A	AF-P23470-F1-model_v4.cif	3qcn.cif	-818	2309	2296	11402	2296	0.9943698570809875	0.201
P23470	849-1119	1150-1410	5e5r	A	AF-P23470-F1-model_v4.cif	5e5r.cif	-55	2081	2081	11402	2081	1.0	0.183
P23470	849-1119	1150-1410	8xqd	A	AF-P23470-F1-model_v4.cif	8xqd.cif	-817	2346	2346	11402	2346	1.0	0.206
A7GBG3	864-1085	1086-1278	3fie	A	AF-A7GBG3-F1-model_v4.cif	3fie.cif	0	3276	3276	10392	3276	1.0	0.315
A7GBG3	864-1085	1086-1278	3fii	A	AF-A7GBG3-F1-model_v4.cif	3fii.cif	0	3250	3250	10392	3250	1.0	0.313
A7GBG3	864-1085	1086-1278	3fuq	A	AF-A7GBG3-F1-model_v4.cif	3fuq.cif	0	3285	240	10392	240	0.0730593607305936	0.023
A7GBG3	864-1085	1086-1278	3rsj	A	AF-A7GBG3-F1-model_v4.cif	3rsj.cif	0	3334	271	10392	271	0.08128374325134972	0.026
B4XN22	10-113	127-320	4eq2	A	AF-B4XN22-F1-model_v4.cif	4eq2.cif	-19	1643	1643	3400	1643	1.0	0.483
B4XN22	10-113	127-320	4eq3	A	AF-B4XN22-F1-model_v4.cif	4eq3.cif	-19	1643	1619	3400	1619	0.985392574558734	0.476
A0A1C9J6A7	1-302	308-607	5uv0	A	AF-A0A1C9J6A7-F1-model_v4.cif	5uv0.cif	0	4315	4315	4961	4315	1.0	0.87
A0A1C9J6A7	1-302	308-607	5uv1	A	AF-A0A1C9J6A7-F1-model_v4.cif	5uv1.cif	0	4211	4211	4961	4211	1.0	0.849
A0A1C9J6A7	1-302	308-607	5uv2	A	AF-A0A1C9J6A7-F1-model_v4.cif	5uv2.cif	0	4260	4260	4961	4260	1.0	0.859
A0A1C9J6A7	1-302	308-607	6onm	A	AF-A0A1C9J6A7-F1-model_v4.cif	6onm.cif	0	4092	4092	4961	4092	1.0	0.825
P01730	1-98	99-178	1cdh	A	AF-P01730-F1-model_v4.cif	1cdh.cif	-25	1383	1383	3590	1383	1.0	0.385
P01730	1-98	99-178	1cdi	A	AF-P01730-F1-model_v4.cif	1cdi.cif	-22	1390	130	3590	130	0.09352517985611511	0.036
P01730	1-98	99-178	1cdj	A	AF-P01730-F1-model_v4.cif	1cdj.cif	-25	1383	1383	3590	1383	1.0	0.385
P01730	1-98	99-178	1cdu	A	AF-P01730-F1-model_v4.cif	1cdu.cif	-25	1379	1372	3590	1372	0.9949238578680203	0.382
P01730	1-98	99-178	1cdy	A	AF-P01730-F1-model_v4.cif	1cdy.cif	-25	1385	1379	3590	1379	0.9956678700361011	0.384
P01730	1-98	99-178	1g9m	B	AF-P01730-F1-model_v4.cif	1g9m.cif	-25	1412	1412	3590	1412	1.0	0.393
P01730	1-98	99-178	1g9n	B	AF-P01730-F1-model_v4.cif	1g9n.cif	-25	1412	1412	3590	1412	1.0	0.393
P01730	1-98	99-178	1gc1	B	AF-P01730-F1-model_v4.cif	1gc1.cif	-25	1412	1412	3590	1412	1.0	0.393
P01730	1-98	99-178	1jl4	D	AF-P01730-F1-model_v4.cif	1jl4.cif	-25	1364	1363	3590	1363	0.999266862170088	0.38
P01730	1-98	99-178	1q68	A	AF-P01730-F1-model_v4.cif	1q68.cif	-420	6730	317	3590	317	0.04710252600297177	0.088
P01730	1-98	99-178	1rzj	B	AF-P01730-F1-model_v4.cif	1rzj.cif	-25	1412	1412	3590	1412	1.0	0.393
P01730	1-98	99-178	1rzk	B	AF-P01730-F1-model_v4.cif	1rzk.cif	-25	1412	1412	3590	1412	1.0	0.393
P01730	1-98	99-178	1wbr	A	AF-P01730-F1-model_v4.cif	1wbr.cif	-426	9824	141	3590	141	0.014352605863192182	0.039
P01730	1-98	99-178	1wio	A	AF-P01730-F1-model_v4.cif	1wio.cif	-25	2812	2812	3590	2812	1.0	0.783
P01730	1-98	99-178	1wip	A	AF-P01730-F1-model_v4.cif	1wip.cif	-25	2812	2812	3590	2812	1.0	0.783
P01730	1-98	99-178	1wiq	A	AF-P01730-F1-model_v4.cif	1wiq.cif	-25	2812	2812	3590	2812	1.0	0.783
P01730	1-98	99-178	2b4c	B	AF-P01730-F1-model_v4.cif	2b4c.cif	-25	1363	1363	3590	1363	1.0	0.38
P01730	1-98	99-178	2klu	A	AF-P01730-F1-model_v4.cif	2klu.cif	-388	23060	471	3590	471	0.020424978317432785	0.131
P01730	1-98	99-178	2nxy	B	AF-P01730-F1-model_v4.cif	2nxy.cif	-24	1420	1412	3590	1412	0.9943661971830986	0.393
P01730	1-98	99-178	2nxz	B	AF-P01730-F1-model_v4.cif	2nxz.cif	-24	1418	1412	3590	1412	0.995768688293371	0.393
P01730	1-98	99-178	2ny0	B	AF-P01730-F1-model_v4.cif	2ny0.cif	-24	1412	1412	3590	1412	1.0	0.393
P01730	1-98	99-178	2ny1	B	AF-P01730-F1-model_v4.cif	2ny1.cif	-24	1412	1412	3590	1412	1.0	0.393
P01730	1-98	99-178	2ny2	B	AF-P01730-F1-model_v4.cif	2ny2.cif	-24	1412	1412	3590	1412	1.0	0.393
P01730	1-98	99-178	2ny3	B	AF-P01730-F1-model_v4.cif	2ny3.cif	-24	1412	1412	3590	1412	1.0	0.393
P01730	1-98	99-178	2ny4	B	AF-P01730-F1-model_v4.cif	2ny4.cif	-24	1412	1412	3590	1412	1.0	0.393
P01730	1-98	99-178	2ny5	B	AF-P01730-F1-model_v4.cif	2ny5.cif	-24	1412	1412	3590	1412	1.0	0.393
P01730	1-98	99-178	2ny6	B	AF-P01730-F1-model_v4.cif	2ny6.cif	-24	1412	1412	3590	1412	1.0	0.393
P01730	1-98	99-178	2qad	B	AF-P01730-F1-model_v4.cif	2qad.cif	-25	1383	1383	3590	1383	1.0	0.385
P01730	1-98	99-178	3b71	D	AF-P01730-F1-model_v4.cif	3b71.cif	-427	93	93	3590	93	1.0	0.026
