uniprot,domains
P03366,"520-589,643-833,1033-1156,1213-1363"
P04585,"508-577,631-821,1021-1144,1201-1351"
P12497,"508-577,631-821,1021-1144,1201-1351"
P03300,"1232-1388,1566-1744,1975-2090"
P03303,"1205-1361,1538-1715,1946-2060"
P03367,"520-589,643-833,1033-1156,1213-1363"
P26663,"903-1026,1027-1208,1217-1369,2633-2751"
P03313,"1205-1361,1541-1719,1950-2066"
P27958,"899-1026,1027-1208,1217-1369,2634-2752"
O92972,"903-1026,1027-1208,1217-1369,2633-2751"
P03355,"560-631,741-932,1174-1320,1444-1602"
Q82122,"1186-1346,1511-1689,1921-2034"
P26664,"899-1026,1027-1208,1217-1369,2634-2752"
Q9WMX2,"903-1026,1027-1208,1217-1369,2633-2751"
Q99IB8,"907-1030,1031-1212,1221-1373,2656-2774"
Q5KWC1,"5-264,302-468,635-842"
Q5UEA2,"1205-1361,1541-1719,1950-2066"
P04584,"533-602,656-846,1045-1168,1224-1375"
D9N168,"3-169,336-543"
Q80J95,"476-641,995-1172,1416-1537"
P03311,"1-201,1184-1348,1647-1843,2091-2209"
Q72AS4,"52-205,237-315"
Q7CRA4,"113-301,425-657"
P12296,"1282-1448,1631-1823,2062-2180"
P03692,"151-238,281-548"
P14677,"632-691,692-750"
P9WG47,"41-510,504-516"
P06612,"3-142,158-575"
P00582,"1-323,324-517"
Q99AU2,"903-1026,1027-1208,1217-1369,1361-1538,2633-2751"
H6QM90,"1-36,37-105,107-248,251-319,321-529,531-672,684-756"
Q96662,"1-168,1450-1598,1599-1772,1811-1969,1987-2152,3527-3650"
A0A0H2WY27,"56-288,317-382"
A0A182DWE3,"50-281,811-1226,1005-1167"
P0C6F2,"508-577,631-821,1021-1144,1201-1351"
P77933,"524-665,1132-1265"
D0VWU9,"52-129,130-278,351-746"
Q9QCE4,"29-182,1184-1348,1647-1843,2091-2209"
P06786,"443-557,692-1159"
Q8GN86,"9-366,416-492"
Q51504,"58-206,247-546"
Q70ET3,"148-328,564-685"
P14294,"1-134,155-603"
Q93TK0,"22-386,436-511"
A0A0H3JPA5,"34-140,148-310,346-656"
O16025,"374-490,491-1066"
P19711,"1-168,1441-1679,1680-1853,1892-2050,2068-2233,3608-3731"
A7YKL0,"81-150,204-394,594-717,723-764,774-924,943-990"
A0A140DJY3,"32-394,445-522"
P26660,"907-1030,1031-1212,1221-1373,2656-2774"
F2Z7K9,"71-220,263-557"
Q3JP94,"20-131,135-228,241-387"
P26661,"907-1030,1031-1212,1221-1373,2656-2774"
Q9QCE3,"29-182,1184-1348,1647-1843,2091-2209"
P27410,"492-653,1109-1244,1495-1619"
B3VQP5,"1232-1388,1566-1744,1975-2090"
Q93IC2,"34-140,148-310,346-656"
P11224,"15-296,327-566"
Q45458,"3-262,300-466,633-840"
G0WVH3,"10-368,425-500"
Q95VR4,"11-110,146-325"
E1K248,"67-210,229-311"
A0A0A0V031,"11-372,422-496"
P59676,"632-691,692-750"
Q69014,"382-536,982-1130,1370-1495"
Q6ND88,"16-362,413-488"
D3K0N8,"1216-1374,1549-1727,1958-2073"
Q5SGZ2,"10-120,125-222,235-384"
A0A0F7R6G7,"27-384,443-519"
Q7WU28,"4-298,367-576"
Q13WK3,"34-393,443-520"
O68880,"38-167,220-351"
Q7DHH4,"34-140,148-310,346-656"
O29238,"65-245,506-662,677-1054"
O97193,"11-204,208-333"
P47736,"1-17,181-397"
I6TFG7,"1211-1369,1548-1726,1953-2068"
A0A3B6UEQ0,"22-167,187-264"
Q2G2X6,"56-288,317-382"
Q941M3,"31-397,448-523"
O70038,"113-301,425-657"
A0A3N4B5A3,"67-219,259-553"
Q9RET4,"61-237,332-601"
H6SG27,"24-376,438-515"
O93077,"903-1026,1027-1208,1217-1369,1376-1538,2633-2751"
Q9R744,"82-257,361-631"
Q0QEE0,"29-182,851-1015,1314-1510,1758-1876"
Q74596,"88-157,211-401,601-724,730-771,781-931,950-997"
F2Z6J5,"63-211,231-312"
Q9I5E6,"18-267,300-476"
A0A0M3KKZ3,"9-117,158-457"
Q72547,"44-234,434-557"
K7NCP5,"65-141,1178-1255,1740-1813"
Q87I71,"95-204,361-467"
Q8X5N8,"27-155,204-335"
Q47NR5,"33-399,450-525"
A0A0E8T757,"632-691,692-750"
M4GWN4,"7-368,418-493"
Q6NC13,"22-387,437-512"
T2FL65,"164-375,377-476"
F2K077,"6-117,123-217,229-377"
B1PPP0,"899-1026,1027-1208,1217-1369,1361-1538,2634-2752"
B1YSR8,"70-218,259-555"
B4EGC8,"6-117,122-217,229-377"
B9PW60,"11-171,201-324"
Q6NAE3,"14-363,415-489"
I2MTW3,"10-109,117-208,218-377"
A0R0V0,"52-416,472-546"
Q2YPZ4,"19-131,135-228,242-386"
Q57540,"56-288,317-382"
O34006,"632-691,692-750"
C7N4Y3,"7-106,122-217,230-374"
A0QTW7,"4-115,120-214,228-376"
Q9KIE5,"12-105,108-199,219-361"
A0ZNP5,"465-632,1009-1189,1425-1546"
C4NCB7,"8-119,126-219,231-379"
A0A0P0QLC4,"1780-1949,2195-2383,2616-2737"
A0QV68,"27-138,143-233,251-392"
A0A0H2WXF8,"34-140,148-310,346-656"
A0A0H3G544,"7-118,122-217,229-377"
A0A125V4E7,"7-117,121-216,228-374"
Q5L0D5,"8-118,122-218,231-379"
Q1PHW8,"693-849,1027-1205,1436-1551"
A0A0Q9KFZ4,"4-128,131-339,342-535"
Q72JJ3,"8-117,123-218,230-379"
A0A077KT11,"24-380,439-514"
A0R6V6,"26-136,140-230,242-389"
Q8QXN9,"1232-1388,1566-1744,1975-2090"
Q13JS1,"20-130,135-213,240-388"
A0A0M3KKZ4,"9-117,158-457"
P83789,"41-122,488-732"
A0A0J1PJ79,"59-204,224-301"
Q7NTB2,"9-165,186-362"
G3G8X1,"166-377,379-478"
Q9L869,"17-163,182-264"
Q8RR30,"71-220,263-557"
Q5SK63,"12-124,128-220,233-379"
I3UIB4,"1216-1374,1549-1727,1958-2073"
Q5SH14,"4-116,120-210,222-370"
D3RV29,"64-210,230-309"
F1T146,"1212-1370,1549-1727,1954-2069"
Q5D8D3,"17-132,134-235,480-656"
A0A066ZR71,"79-227,247-328"
B1MPB5,"26-139,144-237,249-397"
B2JPK4,"20-130,134-225,239-387"
A8LRC0,"3-57,63-445,510-588"
F3Y661,"17-378,428-506"
Q2T4A2,"6-118,122-217,229-377"
D2RL84,"6-117,122-217,229-377"
G7CDN2,"10-120,124-216,229-377"
Q63QJ1,"71-219,260-558"
Q8KHY3,"82-257,361-631"
Q2TU34,"13-198,203-332"
Q5ZVR1,"11-137,140-348,351-545"
B7LGE4,"59-204,224-301"
P12916,"1188-1350,1515-1693,1925-2038"
G7CNE7,"17-127,131-226,238-388"
C8W9X3,"66-214,258-558"
A9T230,"93-291,295-424"
A0A0J9X1X5,"8-114,122-284,320-630"
Q8UM83,"20-89,143-333"
B1MFF5,"10-137,141-242,254-402"
