gene_name	uniprot	protein_length	region_1	region_2	region_1_len	region_2_len	pdb	pdb_length	resolution	model	chain	label_offset	pdb residues in region_1	pdb residues in region_2	percent_region_1	percent_region_2
TP53	P04637	393.0	364-393	102-292	30	191	6t58	536	3.1	0	A	-12	30	180	100.0	94.24083769633508
TP53	P04637	393.0	364-393	102-292	30	191	8f2h	393	2.5	0	A	0	30	191	100.0	100.0
TP53	P04637	393.0	364-393	102-292	30	191	8f2i	393	2.5	0	A	0	30	191	100.0	100.0
SRC	P00523	533.0	148-245,246-266	81-142,521-533	119	75	2ptk	697	2.35	0	A	-79	119	67	100.0	89.33333333333333
MAPK1	P28482	360.0	173-196	25-172,197-313	24	265	1pme	547	2.0	0	A	20	24	261	100.0	98.49056603773585
MAPK1	P28482	360.0	173-196	25-172,197-313	24	265	1tvo	499	2.5	0	A	0	24	265	100.0	100.0
MAPK1	P28482	360.0	173-196	25-172,197-313	24	265	1wzy	592	2.5	0	A	8	24	265	100.0	100.0
MAPK1	P28482	360.0	173-196	25-172,197-313	24	265	2ojg	527	2.0	0	A	21	24	265	100.0	100.0
MAPK1	P28482	360.0	173-196	25-172,197-313	24	265	2oji	447	2.6	0	A	21	24	265	100.0	100.0
MAPK1	P28482	360.0	173-196	25-172,197-313	24	265	2ojj	405	2.4	0	A	21	24	265	100.0	100.0
MAPK1	P28482	360.0	173-196	25-172,197-313	24	265	2y9q	878	1.55	0	A	2	24	265	100.0	100.0
MAPK1	P28482	360.0	173-196	25-172,197-313	24	265	3sa0	655	1.5947	0	A	0	24	262	100.0	98.86792452830188
MAPK1	P28482	360.0	173-196	25-172,197-313	24	265	4fmq	550	2.098	0	A	2	24	265	100.0	100.0
MAPK1	P28482	360.0	173-196	25-172,197-313	24	265	4fux	507	2.2	0	A	0	24	264	100.0	99.62264150943396
MAPK1	P28482	360.0	173-196	25-172,197-313	24	265	4fuy	538	2.0	0	A	0	24	256	100.0	96.60377358490567
MAPK1	P28482	360.0	173-196	25-172,197-313	24	265	4fv0	524	2.1	0	A	0	24	262	100.0	98.86792452830188
MAPK1	P28482	360.0	173-196	25-172,197-313	24	265	4fv1	563	1.99	0	A	0	24	264	100.0	99.62264150943396
MAPK1	P28482	360.0	173-196	25-172,197-313	24	265	4fv2	546	2.0	0	A	0	24	264	100.0	99.62264150943396
MAPK1	P28482	360.0	173-196	25-172,197-313	24	265	4fv3	523	2.2	0	A	0	24	264	100.0	99.62264150943396
MAPK1	P28482	360.0	173-196	25-172,197-313	24	265	4fv7	560	1.9	0	A	0	24	263	100.0	99.24528301886792
MAPK1	P28482	360.0	173-196	25-172,197-313	24	265	4g6n	531	2.0	0	A	0	24	264	100.0	99.62264150943396
MAPK1	P28482	360.0	173-196	25-172,197-313	24	265	4g6o	529	2.2	0	A	0	24	261	100.0	98.49056603773585
MAPK1	P28482	360.0	173-196	25-172,197-313	24	265	4h3q	436	2.2	0	A	2	24	265	100.0	100.0
MAPK1	P28482	360.0	173-196	25-172,197-313	24	265	4iz5	352	3.19	0	A	-4	24	265	100.0	100.0
MAPK1	P28482	360.0	173-196	25-172,197-313	24	265	4iza	733	1.93	0	A	-4	22	265	91.66666666666666	100.0
MAPK1	P28482	360.0	173-196	25-172,197-313	24	265	4n0s	761	1.7992	0	A	0	24	261	100.0	98.49056603773585
MAPK1	P28482	360.0	173-196	25-172,197-313	24	265	4nif	697	2.15	0	B	-408	21	265	87.5	100.0
MAPK1	P28482	360.0	173-196	25-172,197-313	24	265	4qp1	443	2.7	0	A	9	24	264	100.0	99.62264150943396
MAPK1	P28482	360.0	173-196	25-172,197-313	24	265	4qpa	333	2.85	0	A	9	21	256	87.5	96.60377358490567
MAPK1	P28482	360.0	173-196	25-172,197-313	24	265	4qte	838	1.5	0	A	1	24	265	100.0	100.0
MAPK1	P28482	360.0	173-196	25-172,197-313	24	265	4xj0	425	2.58	0	A	-11	24	263	100.0	99.24528301886792
MAPK1	P28482	360.0	173-196	25-172,197-313	24	265	4zxt	656	2.0	0	A	0	24	262	100.0	98.86792452830188
MAPK1	P28482	360.0	173-196	25-172,197-313	24	265	4zzm	468	1.89	0	A	-10	24	264	100.0	99.62264150943396
MAPK1	P28482	360.0	173-196	25-172,197-313	24	265	4zzn	706	1.33	0	A	-10	24	264	100.0	99.62264150943396
MAPK1	P28482	360.0	173-196	25-172,197-313	24	265	4zzo	566	1.63	0	A	-10	24	264	100.0	99.62264150943396
MAPK1	P28482	360.0	173-196	25-172,197-313	24	265	5ax3	330	2.984	0	A	8	20	250	83.33333333333334	94.33962264150944
MAPK1	P28482	360.0	173-196	25-172,197-313	24	265	5lcj	884	1.78	0	A	8	24	264	100.0	99.62264150943396
MAPK1	P28482	360.0	173-196	25-172,197-313	24	265	5lck	836	1.89	0	A	0	24	263	100.0	99.24528301886792
MAPK1	P28482	360.0	173-196	25-172,197-313	24	265	5ngu	357	2.74	0	A	19	24	264	100.0	99.62264150943396
MAPK1	P28482	360.0	173-196	25-172,197-313	24	265	5nhf	415	2.14	0	A	19	24	264	100.0	99.62264150943396
MAPK1	P28482	360.0	173-196	25-172,197-313	24	265	5nhh	569	1.94	0	A	19	24	265	100.0	100.0
MAPK1	P28482	360.0	173-196	25-172,197-313	24	265	5nhj	535	2.12	0	A	19	24	265	100.0	100.0
MAPK1	P28482	360.0	173-196	25-172,197-313	24	265	5nhl	474	2.07	0	A	19	24	265	100.0	100.0
MAPK1	P28482	360.0	173-196	25-172,197-313	24	265	5nho	432	2.24	0	A	19	24	265	100.0	100.0
MAPK1	P28482	360.0	173-196	25-172,197-313	24	265	5nhp	544	1.99	0	A	19	24	265	100.0	100.0
MAPK1	P28482	360.0	173-196	25-172,197-313	24	265	5nhv	523	2.0	0	A	19	24	265	100.0	100.0
MAPK1	P28482	360.0	173-196	25-172,197-313	24	265	5v60	440	2.18	0	A	-4	22	265	91.66666666666666	100.0
MAPK1	P28482	360.0	173-196	25-172,197-313	24	265	5v61	444	2.2	0	A	-4	22	265	91.66666666666666	100.0
MAPK1	P28482	360.0	173-196	25-172,197-313	24	265	5v62	613	1.9	0	A	-9	22	265	91.66666666666666	100.0
MAPK1	P28482	360.0	173-196	25-172,197-313	24	265	5wp1	685	1.4	0	A	-3	24	262	100.0	98.86792452830188
MAPK1	P28482	360.0	173-196	25-172,197-313	24	265	6dmg	524	2.2	0	A	-10	24	264	100.0	99.62264150943396
MAPK1	P28482	360.0	173-196	25-172,197-313	24	265	6g54	559	2.05	0	A	1	24	265	100.0	100.0
MAPK1	P28482	360.0	173-196	25-172,197-313	24	265	6g8x	779	1.76	0	A	8	24	264	100.0	99.62264150943396
MAPK1	P28482	360.0	173-196	25-172,197-313	24	265	6g91	816	1.8	0	A	8	24	264	100.0	99.62264150943396
MAPK1	P28482	360.0	173-196	25-172,197-313	24	265	6g92	870	1.99	0	A	8	24	264	100.0	99.62264150943396
MAPK1	P28482	360.0	173-196	25-172,197-313	24	265	6g93	752	1.67	0	A	8	24	264	100.0	99.62264150943396
MAPK1	P28482	360.0	173-196	25-172,197-313	24	265	6g97	826	1.9	0	A	8	24	264	100.0	99.62264150943396
MAPK1	P28482	360.0	173-196	25-172,197-313	24	265	6g9a	854	1.91	0	A	8	24	264	100.0	99.62264150943396
MAPK1	P28482	360.0	173-196	25-172,197-313	24	265	6g9d	817	1.8	0	A	8	24	264	100.0	99.62264150943396
MAPK1	P28482	360.0	173-196	25-172,197-313	24	265	6g9h	805	1.73	0	A	8	24	264	100.0	99.62264150943396
MAPK1	P28482	360.0	173-196	25-172,197-313	24	265	6g9j	756	1.98	0	A	8	24	262	100.0	98.86792452830188
MAPK1	P28482	360.0	173-196	25-172,197-313	24	265	6g9k	757	1.94	0	A	8	24	263	100.0	99.24528301886792
MAPK1	P28482	360.0	173-196	25-172,197-313	24	265	6g9m	827	1.86	0	A	8	24	264	100.0	99.62264150943396
MAPK1	P28482	360.0	173-196	25-172,197-313	24	265	6g9n	910	1.76	0	A	8	24	264	100.0	99.62264150943396
MAPK1	P28482	360.0	173-196	25-172,197-313	24	265	6gdm	743	1.91	0	A	8	24	261	100.0	98.49056603773585
MAPK1	P28482	360.0	173-196	25-172,197-313	24	265	6gdq	578	1.86	0	A	8	24	264	100.0	99.62264150943396
MAPK1	P28482	360.0	173-196	25-172,197-313	24	265	6ge0	755	1.82	0	A	8	24	263	100.0	99.24528301886792
MAPK1	P28482	360.0	173-196	25-172,197-313	24	265	6gjb	756	1.82	0	A	8	24	264	100.0	99.62264150943396
MAPK1	P28482	360.0	173-196	25-172,197-313	24	265	6gjd	680	1.58	0	A	8	24	264	100.0	99.62264150943396
MAPK1	P28482	360.0	173-196	25-172,197-313	24	265	6nbs	554	1.9	0	A	9	24	265	100.0	100.0
MAPK1	P28482	360.0	173-196	25-172,197-313	24	265	6opg	511	2.9	0	A	-6	22	265	91.66666666666666	100.0
MAPK1	P28482	360.0	173-196	25-172,197-313	24	265	6oph	366	2.4	0	A	-6	22	265	91.66666666666666	100.0
MAPK1	P28482	360.0	173-196	25-172,197-313	24	265	6q7k	632	1.84	0	A	8	24	264	100.0	99.62264150943396
MAPK1	P28482	360.0	173-196	25-172,197-313	24	265	6q7s	657	1.73	0	A	8	24	264	100.0	99.62264150943396
MAPK1	P28482	360.0	173-196	25-172,197-313	24	265	6q7t	651	1.6	0	A	8	24	264	100.0	99.62264150943396
MAPK1	P28482	360.0	173-196	25-172,197-313	24	265	6qa1	659	1.58	0	A	8	24	264	100.0	99.62264150943396
MAPK1	P28482	360.0	173-196	25-172,197-313	24	265	6qa3	661	1.57	0	A	8	24	264	100.0	99.62264150943396
MAPK1	P28482	360.0	173-196	25-172,197-313	24	265	6qa4	735	1.6	0	A	8	24	262	100.0	98.86792452830188
MAPK1	P28482	360.0	173-196	25-172,197-313	24	265	6qag	527	2.07	0	A	8	24	264	100.0	99.62264150943396
MAPK1	P28482	360.0	173-196	25-172,197-313	24	265	6qah	587	1.58	0	A	8	24	263	100.0	99.24528301886792
MAPK1	P28482	360.0	173-196	25-172,197-313	24	265	6qal	646	1.57	0	A	8	24	261	100.0	98.49056603773585
MAPK1	P28482	360.0	173-196	25-172,197-313	24	265	6qaq	639	1.58	0	A	8	24	264	100.0	99.62264150943396
MAPK1	P28482	360.0	173-196	25-172,197-313	24	265	6qaw	670	1.84	0	A	8	24	263	100.0	99.24528301886792
MAPK1	P28482	360.0	173-196	25-172,197-313	24	265	6rq4	667	1.96	0	A	8	24	264	100.0	99.62264150943396
MAPK1	P28482	360.0	173-196	25-172,197-313	24	265	6slg	538	1.33	0	A	19	24	265	100.0	100.0
MAPK1	P28482	360.0	173-196	25-172,197-313	24	265	7auv	819	1.76	0	A	8	24	264	100.0	99.62264150943396
MAPK1	P28482	360.0	173-196	25-172,197-313	24	265	7e73	450	2.28	0	A	3	24	265	100.0	100.0
MAPK1	P28482	360.0	173-196	25-172,197-313	24	265	7e75	420	2.481	0	A	3	24	265	100.0	100.0
MAPK1	P28482	360.0	173-196	25-172,197-313	24	265	7nqq	637	1.943	0	A	8	24	264	100.0	99.62264150943396
MAPK1	P28482	360.0	173-196	25-172,197-313	24	265	7nqw	774	1.775	0	A	8	24	264	100.0	99.62264150943396
MAPK1	P28482	360.0	173-196	25-172,197-313	24	265	7nr3	701	1.897	0	A	8	24	264	100.0	99.62264150943396
MAPK1	P28482	360.0	173-196	25-172,197-313	24	265	7nr5	699	1.766	0	A	8	24	264	100.0	99.62264150943396
MAPK1	P28482	360.0	173-196	25-172,197-313	24	265	7nr8	771	1.627	0	A	8	24	264	100.0	99.62264150943396
MAPK1	P28482	360.0	173-196	25-172,197-313	24	265	7nr9	626	1.906	0	A	8	24	264	100.0	99.62264150943396
MAPK1	P28482	360.0	173-196	25-172,197-313	24	265	7opm	402	2.45	0	A	4	22	265	91.66666666666666	100.0
MAPK1	P28482	360.0	173-196	25-172,197-313	24	265	7w5o	429	2.35	0	A	8	24	264	100.0	99.62264150943396
MAPK1	P28482	360.0	173-196	25-172,197-313	24	265	7x4u	543	1.98	0	A	8	24	265	100.0	100.0
MAPK1	P28482	360.0	173-196	25-172,197-313	24	265	7xc1	462	2.09	0	A	8	24	264	100.0	99.62264150943396
MAPK1	P28482	360.0	173-196	25-172,197-313	24	265	8ao2	677	1.796	0	A	8	24	264	100.0	99.62264150943396
MAPK1	P28482	360.0	173-196	25-172,197-313	24	265	8ao3	690	1.778	0	A	8	24	263	100.0	99.24528301886792
MAPK1	P28482	360.0	173-196	25-172,197-313	24	265	8ao4	717	1.825	0	A	8	24	263	100.0	99.24528301886792
MAPK1	P28482	360.0	173-196	25-172,197-313	24	265	8ao5	745	1.595	0	A	8	24	261	100.0	98.49056603773585
MAPK1	P28482	360.0	173-196	25-172,197-313	24	265	8ao6	772	1.811	0	A	8	24	263	100.0	99.24528301886792
MAPK1	P28482	360.0	173-196	25-172,197-313	24	265	8ao7	726	1.61	0	A	8	24	264	100.0	99.62264150943396
MAPK1	P28482	360.0	173-196	25-172,197-313	24	265	8ao8	693	1.697	0	A	8	24	264	100.0	99.62264150943396
MAPK1	P28482	360.0	173-196	25-172,197-313	24	265	8ao9	801	1.624	0	A	8	24	262	100.0	98.86792452830188
MAPK1	P28482	360.0	173-196	25-172,197-313	24	265	8aoa	826	1.62	0	A	8	24	264	100.0	99.62264150943396
MAPK1	P28482	360.0	173-196	25-172,197-313	24	265	8aob	717	1.623	0	A	8	24	255	100.0	96.22641509433963
MAPK1	P28482	360.0	173-196	25-172,197-313	24	265	8aoc	830	1.62	0	A	8	24	263	100.0	99.24528301886792
MAPK1	P28482	360.0	173-196	25-172,197-313	24	265	8aod	666	1.62	0	A	8	24	260	100.0	98.11320754716981
MAPK1	P28482	360.0	173-196	25-172,197-313	24	265	8aoe	797	1.687	0	A	8	24	255	100.0	96.22641509433963
MAPK1	P28482	360.0	173-196	25-172,197-313	24	265	8aof	837	1.615	0	A	8	24	259	100.0	97.73584905660377
MAPK1	P28482	360.0	173-196	25-172,197-313	24	265	8aog	798	1.603	0	A	8	24	258	100.0	97.35849056603773
MAPK1	P28482	360.0	173-196	25-172,197-313	24	265	8aoh	820	1.6	0	A	8	24	260	100.0	98.11320754716981
MAPK1	P28482	360.0	173-196	25-172,197-313	24	265	8aoi	761	1.602	0	A	8	24	264	100.0	99.62264150943396
MAPK1	P28482	360.0	173-196	25-172,197-313	24	265	8aoj	835	1.12	0	A	8	24	264	100.0	99.62264150943396
KPNA2	P52293	529.0	2-60	142-238,315-403	59	186	3ve6	426	2.829	0	A	-70	59	186	100.0	100.0
RAN	P62826	216.0	179-216	10-169	38	160	1k5d	232	2.7	0	A	0	35	160	92.10526315789474	100.0
RAN	P62826	216.0	179-216	10-169	38	160	1k5g	209	3.1	0	A	0	35	160	92.10526315789474	100.0
RAN	P62826	216.0	179-216	10-169	38	160	1qbk	880	3.0	0	B	0	37	157	97.36842105263158	98.125
RAN	P62826	216.0	179-216	10-169	38	160	1rrp	216	2.96	0	A	-7	33	160	86.8421052631579	100.0
RAN	P62826	216.0	179-216	10-169	38	160	2mmc	2160		9	A	0	380	1600	1000.0	1000.0
RAN	P62826	216.0	179-216	10-169	38	160	2mmg	2160		9	A	0	380	1600	1000.0	1000.0
RAN	P62826	216.0	179-216	10-169	38	160	2n1b	2160		9	A	41	380	1600	1000.0	1000.0
RAN	P62826	216.0	179-216	10-169	38	160	3gj8	473	1.82	0	A	5	31	160	81.57894736842105	100.0
RAN	P62826	216.0	179-216	10-169	38	160	3gjx	409	2.5	0	B	5	38	133	100.0	83.125
RAN	P62826	216.0	179-216	10-169	38	160	3nby	272	3.42	0	B	1	38	132	100.0	82.5
RAN	P62826	216.0	179-216	10-169	38	160	3nc1	1026	3.35	0	A	2	38	160	100.0	100.0
RAN	P62826	216.0	179-216	10-169	38	160	4gmx	413	2.1	0	A	0	34	160	89.47368421052632	100.0
RAN	P62826	216.0	179-216	10-169	38	160	4gpt	427	2.22	0	A	0	38	160	100.0	100.0
RAN	P62826	216.0	179-216	10-169	38	160	4hat	443	1.78	0	A	0	38	160	100.0	100.0
RAN	P62826	216.0	179-216	10-169	38	160	4haz	400	1.9	0	A	0	32	160	84.21052631578947	100.0
RAN	P62826	216.0	179-216	10-169	38	160	4hb0	334	2.2	0	A	0	35	160	92.10526315789474	100.0
RAN	P62826	216.0	179-216	10-169	38	160	4hb2	421	1.8	0	A	0	34	160	89.47368421052632	100.0
RAN	P62826	216.0	179-216	10-169	38	160	4hb3	220	2.8	0	A	0	32	160	84.21052631578947	100.0
RAN	P62826	216.0	179-216	10-169	38	160	4hb4	357	2.05	0	A	0	38	160	100.0	100.0
RAN	P62826	216.0	179-216	10-169	38	160	4wvf	433	1.8	0	A	0	38	160	100.0	100.0
RAN	P62826	216.0	179-216	10-169	38	160	5clq	215	3.2	0	A	0	33	160	86.8421052631579	100.0
RAN	P62826	216.0	179-216	10-169	38	160	5dh9	258	2.55	0	A	21	35	160	92.10526315789474	100.0
RAN	P62826	216.0	179-216	10-169	38	160	5dha	211	2.95	0	A	21	36	160	94.73684210526315	100.0
RAN	P62826	216.0	179-216	10-169	38	160	5dhf	263	2.285	0	A	21	35	160	92.10526315789474	100.0
RAN	P62826	216.0	179-216	10-169	38	160	5di9	280	2.28	0	A	21	38	160	100.0	100.0
RAN	P62826	216.0	179-216	10-169	38	160	5dif	340	2.092	0	A	21	38	160	100.0	100.0
RAN	P62826	216.0	179-216	10-169	38	160	5dlq	1052	3.2	0	B	0	32	159	84.21052631578947	99.375
RAN	P62826	216.0	179-216	10-169	38	160	5jlj	242	2.5	0	A	21	32	160	84.21052631578947	100.0
RAN	P62826	216.0	179-216	10-169	38	160	5uwh	285	2.26	0	A	21	33	160	86.8421052631579	100.0
RAN	P62826	216.0	179-216	10-169	38	160	5uwi	362	2.143	0	A	21	38	160	100.0	100.0
RAN	P62826	216.0	179-216	10-169	38	160	5uwj	312	2.221	0	A	21	36	160	94.73684210526315	100.0
RAN	P62826	216.0	179-216	10-169	38	160	5uwo	322	2.347	0	A	21	35	160	92.10526315789474	100.0
RAN	P62826	216.0	179-216	10-169	38	160	5uwp	377	2.054	0	A	21	38	160	100.0	100.0
RAN	P62826	216.0	179-216	10-169	38	160	5uwq	313	2.278	0	A	21	36	160	94.73684210526315	100.0
RAN	P62826	216.0	179-216	10-169	38	160	5uwr	328	2.24	0	A	21	34	160	89.47368421052632	100.0
RAN	P62826	216.0	179-216	10-169	38	160	5uws	270	2.401	0	A	21	36	160	94.73684210526315	100.0
RAN	P62826	216.0	179-216	10-169	38	160	5uwt	306	2.342	0	A	21	38	160	100.0	100.0
RAN	P62826	216.0	179-216	10-169	38	160	5uwu	321	2.24	0	A	21	38	160	100.0	100.0
RAN	P62826	216.0	179-216	10-169	38	160	5uww	347	2.152	0	A	21	36	160	94.73684210526315	100.0
RAN	P62826	216.0	179-216	10-169	38	160	5yro	242	2.396	0	A	0	38	160	100.0	100.0
RAN	P62826	216.0	179-216	10-169	38	160	5yst	332	2.04	0	A	0	38	160	100.0	100.0
RAN	P62826	216.0	179-216	10-169	38	160	5ysu	273	2.3	0	A	0	38	160	100.0	100.0
RAN	P62826	216.0	179-216	10-169	38	160	5ytb	267	2.3	0	A	0	38	160	100.0	100.0
RAN	P62826	216.0	179-216	10-169	38	160	5zpu	258	2.6	0	A	0	32	160	84.21052631578947	100.0
RAN	P62826	216.0	179-216	10-169	38	160	6a38	237	2.69	0	A	19	38	160	100.0	100.0
RAN	P62826	216.0	179-216	10-169	38	160	6a3a	265	2.3	0	A	19	38	160	100.0	100.0
RAN	P62826	216.0	179-216	10-169	38	160	6a3b	236	2.51	0	A	19	38	160	100.0	100.0
RAN	P62826	216.0	179-216	10-169	38	160	6a3c	272	2.35	0	A	19	38	160	100.0	100.0
RAN	P62826	216.0	179-216	10-169	38	160	6a3e	272	2.7	0	A	19	38	160	100.0	100.0
RAN	P62826	216.0	179-216	10-169	38	160	6cit	375	2.027	0	A	21	36	160	94.73684210526315	100.0
RAN	P62826	216.0	179-216	10-169	38	160	6kft	236	2.51	0	A	19	38	160	100.0	100.0
RAN	P62826	216.0	179-216	10-169	38	160	6lq9	301	2.5	0	A	19	38	160	100.0	100.0
RAN	P62826	216.0	179-216	10-169	38	160	6m60	318	2.17	0	A	0	38	160	100.0	100.0
RAN	P62826	216.0	179-216	10-169	38	160	6m6x	215	2.88	0	A	0	38	160	100.0	100.0
RAN	P62826	216.0	179-216	10-169	38	160	6tvo	1012	3.201	0	A	2	38	160	100.0	100.0
RAN	P62826	216.0	179-216	10-169	38	160	6x2m	235	2.351	0	A	0	38	160	100.0	100.0
RAN	P62826	216.0	179-216	10-169	38	160	6x2o	262	2.551	0	A	0	38	160	100.0	100.0
RAN	P62826	216.0	179-216	10-169	38	160	6x2p	309	2.401	0	A	0	35	160	92.10526315789474	100.0
RAN	P62826	216.0	179-216	10-169	38	160	6x2r	236	2.299	0	A	0	35	160	92.10526315789474	100.0
RAN	P62826	216.0	179-216	10-169	38	160	6x2s	276	2.496	0	A	0	35	160	92.10526315789474	100.0
RAN	P62826	216.0	179-216	10-169	38	160	6x2u	340	2.2	0	A	0	35	160	92.10526315789474	100.0
RAN	P62826	216.0	179-216	10-169	38	160	6x2v	205	2.822	0	A	0	32	160	84.21052631578947	100.0
RAN	P62826	216.0	179-216	10-169	38	160	6x2w	208	3.001	0	A	0	35	160	92.10526315789474	100.0
RAN	P62826	216.0	179-216	10-169	38	160	6x2x	292	2.458	0	A	0	35	160	92.10526315789474	100.0
RAN	P62826	216.0	179-216	10-169	38	160	6x2y	282	2.304	0	A	0	35	160	92.10526315789474	100.0
RAN	P62826	216.0	179-216	10-169	38	160	6xjp	210	2.802	0	A	0	38	160	100.0	100.0
RAN	P62826	216.0	179-216	10-169	38	160	6xjr	415	1.941	0	A	0	36	160	94.73684210526315	100.0
RAN	P62826	216.0	179-216	10-169	38	160	6xjs	301	1.942	0	A	0	38	160	100.0	100.0
RAN	P62826	216.0	179-216	10-169	38	160	6xjt	210	2.406	0	A	0	38	160	100.0	100.0
RAN	P62826	216.0	179-216	10-169	38	160	6xju	296	2.193	0	A	0	38	160	100.0	100.0
RAN	P62826	216.0	179-216	10-169	38	160	7b51	1125	2.58	0	A	2	38	160	100.0	100.0
RAN	P62826	216.0	179-216	10-169	38	160	7cnd	351	1.8	0	A	0	38	160	100.0	100.0
RAN	P62826	216.0	179-216	10-169	38	160	7dbg	336	2.06	0	A	0	38	160	100.0	100.0
RAN	P62826	216.0	179-216	10-169	38	160	7l5e	323	1.944	0	A	0	31	160	81.57894736842105	100.0
RAN	P62826	216.0	179-216	10-169	38	160	7mnv	383	1.8	0	A	20	31	160	81.57894736842105	100.0
RAN	P62826	216.0	179-216	10-169	38	160	7mnw	291	2.4	0	A	1	38	160	100.0	100.0
RAN	P62826	216.0	179-216	10-169	38	160	7mnx	232	2.4	0	A	1	35	160	92.10526315789474	100.0
RAN	P62826	216.0	179-216	10-169	38	160	7mny	269	2.7	0	A	1	38	158	100.0	98.75
RAN	P62826	216.0	179-216	10-169	38	160	7mnz	272	2.35	0	A	1	33	160	86.8421052631579	100.0
RAN	P62826	216.0	179-216	10-169	38	160	7mo0	233	2.45	0	A	1	36	159	94.73684210526315	99.375
RAN	P62826	216.0	179-216	10-169	38	160	7mo3	258	2.05	0	A	1	32	160	84.21052631578947	100.0
RAN	P62826	216.0	179-216	10-169	38	160	7mo4	224	2.4	0	A	1	32	160	84.21052631578947	100.0
	P00579	613.0	2-80	379-449,458-534	79	148	6pst	1169	3.803	0	J	-1	65	148	82.27848101265823	100.0
	P00579	613.0	2-80	379-449,458-534	79	148	7khi	557	4.02	0	F	0	75	148	94.9367088607595	100.0
SOS1	Q07889	1333.0	1-198	198-565	198	368	3ksy	1007	3.178	0	A	0	176	354	88.88888888888889	96.19565217391305
ALK	Q9UM73	1620.0	1279-1288,1158-1173	1116-1157,1174-1278,1289-1392	26	251	3l9p	464	1.8	0	A	-1043	26	246	100.0	98.00796812749005
ALK	Q9UM73	1620.0	1279-1288,1158-1173	1116-1157,1174-1278,1289-1392	26	251	3lcs	426	1.95	0	A	-1066	26	251	100.0	100.0
ALK	Q9UM73	1620.0	1279-1288,1158-1173	1116-1157,1174-1278,1289-1392	26	251	3lct	405	2.1	0	A	-1066	26	251	100.0	100.0
ALK	Q9UM73	1620.0	1279-1288,1158-1173	1116-1157,1174-1278,1289-1392	26	251	4mkc	481	2.01	0	A	-1043	26	245	100.0	97.60956175298804
ALK	Q9UM73	1620.0	1279-1288,1158-1173	1116-1157,1174-1278,1289-1392	26	251	4tt7	455	2.1	0	A	-1093	24	237	92.3076923076923	94.42231075697211
ALK	Q9UM73	1620.0	1279-1288,1158-1173	1116-1157,1174-1278,1289-1392	26	251	4z55	494	1.55	0	A	-1071	25	239	96.15384615384616	95.2191235059761
ALK	Q9UM73	1620.0	1279-1288,1158-1173	1116-1157,1174-1278,1289-1392	26	251	5iui	490	1.88	0	A	-1083	21	247	80.76923076923077	98.40637450199203
ALK	Q9UM73	1620.0	1279-1288,1158-1173	1116-1157,1174-1278,1289-1392	26	251	7btt	462	1.86	0	A	-1090	26	246	100.0	98.00796812749005
ABL1	P00519	1130.0	67-113,127-217	242-493	138	252	1opl	453	3.42	0	A	0	124	252	89.85507246376811	100.0
ABL1	P00519	1130.0	67-113,127-217	242-493	138	252	2fo0	615	2.27	0	A	0	137	252	99.27536231884058	100.0
ABL1	P00519	1130.0	67-113,127-217	242-493	138	252	5mo4	738	2.17	0	A	-20	122	232	88.40579710144928	92.06349206349206
ABL1	P00519	1130.0	67-113,127-217	242-493	138	252	6amv	5100		19	A	0	2760	280	2000.0	111.11111111111111
ABL1	P00519	1130.0	67-113,127-217	242-493	138	252	6amw	5100		19	A	0	2760	280	2000.0	111.11111111111111
PTPN11	Q06124	593.0	3-104	247-517	102	271	2shp	893	2.0	0	A	0	102	253	100.0	93.35793357933579
PTPN11	Q06124	593.0	3-104	247-517	102	271	4dgp	649	2.3	0	A	0	102	254	100.0	93.72693726937268
PTPN11	Q06124	593.0	3-104	247-517	102	271	4dgx	684	2.3	0	A	0	102	256	100.0	94.4649446494465
PTPN11	Q06124	593.0	3-104	247-517	102	271	4gwf	640	2.1	0	A	21	94	261	92.15686274509804	96.30996309963099
PTPN11	Q06124	593.0	3-104	247-517	102	271	4h1o	635	2.2	0	A	21	98	255	96.07843137254902	94.0959409594096
PTPN11	Q06124	593.0	3-104	247-517	102	271	4h34	548	2.7	0	A	21	94	251	92.15686274509804	92.619926199262
PTPN11	Q06124	593.0	3-104	247-517	102	271	4nwf	820	2.1	0	A	0	94	257	92.15686274509804	94.8339483394834
PTPN11	Q06124	593.0	3-104	247-517	102	271	4nwg	687	2.45	0	A	0	100	260	98.0392156862745	95.9409594095941
PTPN11	Q06124	593.0	3-104	247-517	102	271	4ohd	549	2.7	0	A	0	102	256	100.0	94.4649446494465
PTPN11	Q06124	593.0	3-104	247-517	102	271	4ohe	620	2.506	0	A	0	102	254	100.0	93.72693726937268
PTPN11	Q06124	593.0	3-104	247-517	102	271	4ohh	549	2.7	0	A	0	102	254	100.0	93.72693726937268
PTPN11	Q06124	593.0	3-104	247-517	102	271	4ohi	721	2.2	0	A	0	102	254	100.0	93.72693726937268
PTPN11	Q06124	593.0	3-104	247-517	102	271	4ohl	667	2.4	0	A	0	102	251	100.0	92.619926199262
PTPN11	Q06124	593.0	3-104	247-517	102	271	5bk8	729	2.25	0	A	0	102	260	100.0	95.9409594095941
PTPN11	Q06124	593.0	3-104	247-517	102	271	5ehp	849	1.85	0	A	1	100	263	98.0392156862745	97.04797047970479
PTPN11	Q06124	593.0	3-104	247-517	102	271	5ehr	832	1.7	0	A	1	90	264	88.23529411764706	97.41697416974169
PTPN11	Q06124	593.0	3-104	247-517	102	271	5i6v	1036	1.87	0	A	0	95	261	93.13725490196079	96.30996309963099
PTPN11	Q06124	593.0	3-104	247-517	102	271	5ibm	671	2.18	0	A	1	91	260	89.2156862745098	95.9409594095941
PTPN11	Q06124	593.0	3-104	247-517	102	271	5ibs	668	2.32	0	A	1	92	261	90.19607843137256	96.30996309963099
PTPN11	Q06124	593.0	3-104	247-517	102	271	5xzr	522	2.8	0	A	23	102	259	100.0	95.5719557195572
PTPN11	Q06124	593.0	3-104	247-517	102	271	6atd	579	2.5	0	A	2	100	260	98.0392156862745	95.9409594095941
PTPN11	Q06124	593.0	3-104	247-517	102	271	6bmr	873	2.205	0	A	1	101	258	99.01960784313727	95.20295202952029
PTPN11	Q06124	593.0	3-104	247-517	102	271	6bmu	725	2.12	0	A	1	97	259	95.09803921568627	95.5719557195572
PTPN11	Q06124	593.0	3-104	247-517	102	271	6bmv	797	2.053	0	A	1	100	254	98.0392156862745	93.72693726937268
PTPN11	Q06124	593.0	3-104	247-517	102	271	6bmw	708	2.1	0	A	1	96	253	94.11764705882352	93.35793357933579
PTPN11	Q06124	593.0	3-104	247-517	102	271	6bmx	824	2.424	0	A	1	101	258	99.01960784313727	95.20295202952029
PTPN11	Q06124	593.0	3-104	247-517	102	271	6bmy	727	2.09	0	A	1	97	259	95.09803921568627	95.5719557195572
PTPN11	Q06124	593.0	3-104	247-517	102	271	6cmp	870	1.8	0	A	3	101	251	99.01960784313727	92.619926199262
PTPN11	Q06124	593.0	3-104	247-517	102	271	6cmr	574	2.21	0	A	3	99	253	97.05882352941177	93.35793357933579
PTPN11	Q06124	593.0	3-104	247-517	102	271	6cms	565	2.68	0	A	3	99	253	97.05882352941177	93.35793357933579
PTPN11	Q06124	593.0	3-104	247-517	102	271	6crf	565	2.62	0	A	1	99	259	97.05882352941177	95.5719557195572
PTPN11	Q06124	593.0	3-104	247-517	102	271	6crg	532	2.75	0	A	1	86	255	84.31372549019608	94.0959409594096
PTPN11	Q06124	593.0	3-104	247-517	102	271	6md7	874	1.96	0	A	1	101	258	99.01960784313727	95.20295202952029
PTPN11	Q06124	593.0	3-104	247-517	102	271	6md9	803	2.12	0	A	1	88	251	86.27450980392157	92.619926199262
PTPN11	Q06124	593.0	3-104	247-517	102	271	6mda	803	2.21	0	A	1	88	251	86.27450980392157	92.619926199262
PTPN11	Q06124	593.0	3-104	247-517	102	271	6mdb	757	2.34	0	A	1	99	257	97.05882352941177	94.8339483394834
PTPN11	Q06124	593.0	3-104	247-517	102	271	6mdc	787	2.14	0	A	1	90	264	88.23529411764706	97.41697416974169
PTPN11	Q06124	593.0	3-104	247-517	102	271	6mdd	610	2.05	0	A	1	94	252	92.15686274509804	92.98892988929889
PTPN11	Q06124	593.0	3-104	247-517	102	271	6wu8	611	2.4	0	A	6	102	252	100.0	92.98892988929889
PTPN11	Q06124	593.0	3-104	247-517	102	271	7emn	510	3.0	0	A	0	96	259	94.11764705882352	95.5719557195572
PTPN11	Q06124	593.0	3-104	247-517	102	271	7jvm	678	2.166	0	A	0	98	258	96.07843137254902	95.20295202952029
PTPN11	Q06124	593.0	3-104	247-517	102	271	7jvn	854	1.917	0	A	0	92	255	90.19607843137256	94.0959409594096
PTPN11	Q06124	593.0	3-104	247-517	102	271	7r75	495	2.83	0	A	6	100	254	98.0392156862745	93.72693726937268
PTPN11	Q06124	593.0	3-104	247-517	102	271	7r7d	602	2.6	0	A	6	99	254	97.05882352941177	93.72693726937268
PTPN11	Q06124	593.0	3-104	247-517	102	271	7r7i	493	2.85	0	A	6	101	254	99.01960784313727	93.72693726937268
PTPN11	Q06124	593.0	3-104	247-517	102	271	7r7l	491	3.0	0	A	6	96	262	94.11764705882352	96.6789667896679
PTPN11	Q06124	593.0	3-104	247-517	102	271	7rct	814	1.8	0	A	0	100	250	98.0392156862745	92.25092250922509
PTPN11	Q06124	593.0	3-104	247-517	102	271	7vxg	590	2.1	0	A	1	91	257	89.2156862745098	94.8339483394834
PTPN11	Q06124	593.0	3-104	247-517	102	271	7xhq	720	2.2	0	A	0	89	250	87.25490196078431	92.25092250922509
PTPN11	Q06124	593.0	3-104	247-517	102	271	8b5y	955	1.83	0	A	1	102	262	100.0	96.6789667896679
PTPN11	Q06124	593.0	3-104	247-517	102	271	8cbh	620	2.24	0	A	1	97	251	95.09803921568627	92.619926199262
SRC	P12931	536.0	249-269,151-248	84-145,524-536	119	75	1fmk	928	1.5	0	A	-83	119	71	100.0	94.66666666666667
SRC	P12931	536.0	249-269,151-248	84-145,524-536	119	75	1hct	2461		22	B	-141	2208	138	1855.4621848739498	184.0
SRC	P12931	536.0	249-269,151-248	84-145,524-536	119	75	1ksw	497	2.8	0	A	-83	119	71	100.0	94.66666666666667
SRC	P12931	536.0	249-269,151-248	84-145,524-536	119	75	1y57	773	1.91	0	A	-84	119	72	100.0	96.0
SRC	P12931	536.0	249-269,151-248	84-145,524-536	119	75	2h8h	667	2.2	0	A	0	119	66	100.0	88.0
SRC	P12931	536.0	249-269,151-248	84-145,524-536	119	75	2src	720	1.5	0	A	-83	119	71	100.0	94.66666666666667
SRC	P12931	536.0	249-269,151-248	84-145,524-536	119	75	4k11	721	2.3	0	A	-86	119	69	100.0	92.0
MAP2K1	Q02750	393.0	75-102	68-74,103-361	28	266	1s9j	401	2.4	0	A	-59	28	233	100.0	87.59398496240601
MAP2K1	Q02750	393.0	75-102	68-74,103-361	28	266	2p55	330	2.8	0	A	-60	28	233	100.0	87.59398496240601
MAP2K1	Q02750	393.0	75-102	68-74,103-361	28	266	3dv3	378	2.3	0	A	-60	28	232	100.0	87.21804511278195
MAP2K1	Q02750	393.0	75-102	68-74,103-361	28	266	3dy7	263	2.7	0	A	-60	28	223	100.0	83.83458646616542
MAP2K1	Q02750	393.0	75-102	68-74,103-361	28	266	3e8n	359	2.5	0	A	-60	28	235	100.0	88.34586466165413
MAP2K1	Q02750	393.0	75-102	68-74,103-361	28	266	3eqb	314	2.62	0	A	-60	28	233	100.0	87.59398496240601
MAP2K1	Q02750	393.0	75-102	68-74,103-361	28	266	3eqc	501	1.8	0	A	-33	28	234	100.0	87.96992481203007
MAP2K1	Q02750	393.0	75-102	68-74,103-361	28	266	3eqd	451	2.1	0	A	-33	28	237	100.0	89.09774436090225
MAP2K1	Q02750	393.0	75-102	68-74,103-361	28	266	3eqf	326	2.7	0	A	-33	28	237	100.0	89.09774436090225
MAP2K1	Q02750	393.0	75-102	68-74,103-361	28	266	3eqg	363	2.5	0	A	-33	28	237	100.0	89.09774436090225
MAP2K1	Q02750	393.0	75-102	68-74,103-361	28	266	3eqh	462	2.0	0	A	-33	28	237	100.0	89.09774436090225
MAP2K1	Q02750	393.0	75-102	68-74,103-361	28	266	3eqi	449	1.9	0	A	-33	28	237	100.0	89.09774436090225
MAP2K1	Q02750	393.0	75-102	68-74,103-361	28	266	3mbl	383	2.6	0	A	-60	28	235	100.0	88.34586466165413
MAP2K1	Q02750	393.0	75-102	68-74,103-361	28	266	3orn	329	2.8	0	A	-60	28	226	100.0	84.9624060150376
MAP2K1	Q02750	393.0	75-102	68-74,103-361	28	266	3os3	278	2.8	0	A	-60	28	221	100.0	83.0827067669173
MAP2K1	Q02750	393.0	75-102	68-74,103-361	28	266	3pp1	363	2.7	0	A	-60	28	235	100.0	88.34586466165413
MAP2K1	Q02750	393.0	75-102	68-74,103-361	28	266	3sls	479	2.3	0	A	-41	28	238	100.0	89.47368421052632
MAP2K1	Q02750	393.0	75-102	68-74,103-361	28	266	3v01	292	2.705	0	A	-60	28	233	100.0	87.59398496240601
MAP2K1	Q02750	393.0	75-102	68-74,103-361	28	266	3v04	292	2.7	0	A	-60	28	233	100.0	87.59398496240601
MAP2K1	Q02750	393.0	75-102	68-74,103-361	28	266	3vvh	362	2.0	0	A	-60	28	231	100.0	86.8421052631579
MAP2K1	Q02750	393.0	75-102	68-74,103-361	28	266	3w8q	376	2.2	0	A	-38	28	240	100.0	90.22556390977444
MAP2K1	Q02750	393.0	75-102	68-74,103-361	28	266	3wig	303	2.7	0	A	-60	25	228	89.28571428571429	85.71428571428571
MAP2K1	Q02750	393.0	75-102	68-74,103-361	28	266	3zls	378	2.5	0	A	-35	28	237	100.0	89.09774436090225
MAP2K1	Q02750	393.0	75-102	68-74,103-361	28	266	3zlw	488	2.12	0	A	-35	28	234	100.0	87.96992481203007
MAP2K1	Q02750	393.0	75-102	68-74,103-361	28	266	3zlx	404	2.2	0	A	-35	28	234	100.0	87.96992481203007
MAP2K1	Q02750	393.0	75-102	68-74,103-361	28	266	3zly	414	2.11	0	A	-35	27	234	96.42857142857143	87.96992481203007
MAP2K1	Q02750	393.0	75-102	68-74,103-361	28	266	3zm4	447	2.37	0	A	-35	28	232	100.0	87.21804511278195
MAP2K1	Q02750	393.0	75-102	68-74,103-361	28	266	4an2	323	2.5	0	A	-57	28	224	100.0	84.21052631578947
MAP2K1	Q02750	393.0	75-102	68-74,103-361	28	266	4an3	371	2.1	0	A	-57	28	222	100.0	83.45864661654136
MAP2K1	Q02750	393.0	75-102	68-74,103-361	28	266	4an9	289	2.8	0	A	-57	28	223	100.0	83.83458646616542
MAP2K1	Q02750	393.0	75-102	68-74,103-361	28	266	4anb	342	2.2	0	A	-57	28	224	100.0	84.21052631578947
MAP2K1	Q02750	393.0	75-102	68-74,103-361	28	266	4ark	342	2.6	0	A	-60	28	235	100.0	88.34586466165413
MAP2K1	Q02750	393.0	75-102	68-74,103-361	28	266	4lmn	295	2.8	0	A	-60	28	236	100.0	88.7218045112782
MAP2K1	Q02750	393.0	75-102	68-74,103-361	28	266	4mne	301	2.8483	0	A	-60	28	235	100.0	88.34586466165413
MAP2K1	Q02750	393.0	75-102	68-74,103-361	28	266	4u7z	305	2.805	0	A	-60	28	235	100.0	88.34586466165413
MAP2K1	Q02750	393.0	75-102	68-74,103-361	28	266	4u80	302	2.8	0	A	-60	28	233	100.0	87.59398496240601
MAP2K1	Q02750	393.0	75-102	68-74,103-361	28	266	4u81	327	2.701	0	A	-60	28	233	100.0	87.59398496240601
MAP2K1	Q02750	393.0	75-102	68-74,103-361	28	266	5bx0	316	2.93	0	A	-35	28	237	100.0	89.09774436090225
MAP2K1	Q02750	393.0	75-102	68-74,103-361	28	266	5eym	305	2.7	0	A	-34	25	220	89.28571428571429	82.70676691729322
MAP2K1	Q02750	393.0	75-102	68-74,103-361	28	266	5hze	342	2.4	0	A	-35	28	231	100.0	86.8421052631579
MAP2K1	Q02750	393.0	75-102	68-74,103-361	28	266	5yt3	304	2.9	0	A	-38	28	219	100.0	82.33082706766918
MAP2K1	Q02750	393.0	75-102	68-74,103-361	28	266	6nyb	292	2.9	0	B	27	28	227	100.0	85.33834586466166
MAP2K1	Q02750	393.0	75-102	68-74,103-361	28	266	6pp9	356	2.59	0	B	-440	28	234	100.0	87.96992481203007
MAP2K1	Q02750	393.0	75-102	68-74,103-361	28	266	6q0j	309	2.59	0	C	27	28	235	100.0	88.34586466165413
MAP2K1	Q02750	393.0	75-102	68-74,103-361	28	266	6q0t	309	2.59	0	C	27	28	235	100.0	88.34586466165413
MAP2K1	Q02750	393.0	75-102	68-74,103-361	28	266	6u2g	334	2.886	0	A	1	28	234	100.0	87.96992481203007
MAP2K1	Q02750	393.0	75-102	68-74,103-361	28	266	6v2w	314	3.12	0	B	-440	28	234	100.0	87.96992481203007
MAP2K1	Q02750	393.0	75-102	68-74,103-361	28	266	7b3m	383	2.3	0	A	-19	28	218	100.0	81.95488721804512
MAP2K1	Q02750	393.0	75-102	68-74,103-361	28	266	7b7r	514	1.7	0	A	-19	28	217	100.0	81.57894736842105
MAP2K1	Q02750	393.0	75-102	68-74,103-361	28	266	7b94	440	2.0	0	A	-19	28	217	100.0	81.57894736842105
MAP2K1	Q02750	393.0	75-102	68-74,103-361	28	266	7b9l	543	1.7	0	A	-19	28	215	100.0	80.82706766917293
MAP2K1	Q02750	393.0	75-102	68-74,103-361	28	266	7f2x	357	2.007	0	A	-41	28	249	100.0	93.60902255639097
MAP2K1	Q02750	393.0	75-102	68-74,103-361	28	266	7m0u	320	3.09	0	B	-440	28	234	100.0	87.96992481203007
MAP2K1	Q02750	393.0	75-102	68-74,103-361	28	266	7m0v	313	3.16	0	B	-440	28	234	100.0	87.96992481203007
MAP2K1	Q02750	393.0	75-102	68-74,103-361	28	266	7m0x	418	2.47	0	B	-440	28	234	100.0	87.96992481203007
MAP2K1	Q02750	393.0	75-102	68-74,103-361	28	266	7m0y	312	3.45	0	B	-440	28	234	100.0	87.96992481203007
MAP2K1	Q02750	393.0	75-102	68-74,103-361	28	266	7m0z	313	3.12	0	B	-440	28	234	100.0	87.96992481203007
MAP2K1	Q02750	393.0	75-102	68-74,103-361	28	266	7mfd	294	3.12	0	B	0	28	227	100.0	85.33834586466166
MAP2K1	Q02750	393.0	75-102	68-74,103-361	28	266	7pqv	504	2.13	0	A	-38	28	232	100.0	87.21804511278195
MAP2K1	Q02750	393.0	75-102	68-74,103-361	28	266	7xlp	390	2.1	0	A	-35	28	232	100.0	87.21804511278195
MAP2K1	Q02750	393.0	75-102	68-74,103-361	28	266	7xnc	405	2.1	0	A	-35	28	231	100.0	86.8421052631579
TMEM173	Q86WV6	379.0	340-379	153-339	40	187	5jej	424	2.0	0	A	-340	40	151	100.0	80.74866310160428
TMEM173	Q86WV6	379.0	340-379	153-339	40	187	6o8b	657	3.4	0	A	-153	40	187	100.0	100.0
INSR	P06213	1382.0	980-1017	1023-1298	38	276	1gag	324	2.7	0	A	-1004	37	258	97.36842105263158	93.47826086956522
INSR	P06213	1382.0	980-1017	1023-1298	38	276	1i44	425	2.4	0	A	-1004	32	245	84.21052631578947	88.76811594202898
INSR	P06213	1382.0	980-1017	1023-1298	38	276	1ir3	504	1.9	0	A	-1004	37	258	97.36842105263158	93.47826086956522
INSR	P06213	1382.0	980-1017	1023-1298	38	276	1irk	504	2.1	0	A	-1004	37	261	97.36842105263158	94.56521739130434
INSR	P06213	1382.0	980-1017	1023-1298	38	276	1p14	475	1.9	0	A	-992	38	242	100.0	87.68115942028986
INSR	P06213	1382.0	980-1017	1023-1298	38	276	1rqq	335	2.6	0	A	-1004	31	258	81.57894736842105	93.47826086956522
INSR	P06213	1382.0	980-1017	1023-1298	38	276	2auh	302	3.2	0	A	-1004	34	258	89.47368421052632	93.47826086956522
INSR	P06213	1382.0	980-1017	1023-1298	38	276	2b4s	386	2.3	0	B	0	31	258	81.57894736842105	93.47826086956522
INSR	P06213	1382.0	980-1017	1023-1298	38	276	2z8c	301	3.25	0	A	-1007	34	258	89.47368421052632	93.47826086956522
INSR	P06213	1382.0	980-1017	1023-1298	38	276	3bu3	551	1.65	0	A	-1004	31	258	81.57894736842105	93.47826086956522
INSR	P06213	1382.0	980-1017	1023-1298	38	276	3bu6	493	1.95	0	A	-1004	31	258	81.57894736842105	93.47826086956522
INSR	P06213	1382.0	980-1017	1023-1298	38	276	3ekk	589	2.1	0	A	-1003	38	242	100.0	87.68115942028986
INSR	P06213	1382.0	980-1017	1023-1298	38	276	3ekn	519	2.2	0	A	-1003	34	258	89.47368421052632	93.47826086956522
INSR	P06213	1382.0	980-1017	1023-1298	38	276	4ibm	579	1.8	0	A	-1004	36	260	94.73684210526315	94.20289855072464
INSR	P06213	1382.0	980-1017	1023-1298	38	276	4xlv	454	2.3	0	A	-982	38	258	100.0	93.47826086956522
INSR	P06213	1382.0	980-1017	1023-1298	38	276	5e1s	422	2.264	0	A	-1002	35	244	92.10526315789474	88.40579710144928
NEIL1	Q96FI4	390.0	244-245	220-280	2	61	1tdh	592	2.1	0	A	0	2	59	100.0	96.72131147540983
NEIL1	Q96FI4	390.0	244-245	220-280	2	61	4nrv	380	2.601	0	A	-1	2	59	100.0	96.72131147540983
NEIL1	Q96FI4	390.0	244-245	220-280	2	61	5itq	751	1.48	0	A	0	2	59	100.0	96.72131147540983
NEIL1	Q96FI4	390.0	244-245	220-280	2	61	5itr	329	2.46	0	A	0	2	56	100.0	91.80327868852459
NEIL1	Q96FI4	390.0	244-245	220-280	2	61	5itt	380	2.53	0	A	0	2	57	100.0	93.44262295081968
NEIL1	Q96FI4	390.0	244-245	220-280	2	61	5itu	365	2.41	0	A	0	2	56	100.0	91.80327868852459
NEIL1	Q96FI4	390.0	244-245	220-280	2	61	6lwd	424	2.41	0	A	0	2	57	100.0	93.44262295081968
NEIL1	Q96FI4	390.0	244-245	220-280	2	61	6lwf	312	2.79	0	A	0	2	54	100.0	88.52459016393442
NEIL1	Q96FI4	390.0	244-245	220-280	2	61	6lwg	399	2.53	0	A	0	2	56	100.0	91.80327868852459
NEIL1	Q96FI4	390.0	244-245	220-280	2	61	6lwi	429	2.72	0	A	0	2	56	100.0	91.80327868852459
NEIL1	Q96FI4	390.0	244-245	220-280	2	61	6lwk	343	2.88	0	A	0	2	57	100.0	93.44262295081968
NEIL1	Q96FI4	390.0	244-245	220-280	2	61	6lwl	384	2.55	0	A	0	2	57	100.0	93.44262295081968
NEIL1	Q96FI4	390.0	244-245	220-280	2	61	6lwn	403	2.74	0	A	0	2	57	100.0	93.44262295081968
NEIL1	Q96FI4	390.0	244-245	220-280	2	61	6lwq	319	2.89	0	A	0	2	57	100.0	93.44262295081968
NEIL1	Q96FI4	390.0	244-245	220-280	2	61	6lwr	300	2.9	0	A	0	2	57	100.0	93.44262295081968
HSPA8	P11142	646.0	263-287	225-262	25	38	3fzf	602	2.2	0	A	0	25	38	100.0	100.0
HSPA8	P11142	646.0	263-287	225-262	25	38	3fzh	615	2.0	0	A	0	25	38	100.0	100.0
HSPA8	P11142	646.0	263-287	225-262	25	38	3fzk	589	2.1	0	A	0	25	38	100.0	100.0
HSPA8	P11142	646.0	263-287	225-262	25	38	3fzl	605	2.2	0	A	0	25	38	100.0	100.0
HSPA8	P11142	646.0	263-287	225-262	25	38	3fzm	622	2.3	0	A	0	25	38	100.0	100.0
HSPA8	P11142	646.0	263-287	225-262	25	38	3ldq	628	1.9	0	A	0	25	38	100.0	100.0
HSPA8	P11142	646.0	263-287	225-262	25	38	3m3z	642	2.1	0	A	0	25	38	100.0	100.0
HSPA8	P11142	646.0	263-287	225-262	25	38	4h5n	798	1.86	0	A	-1	25	38	100.0	100.0
HSPA8	P11142	646.0	263-287	225-262	25	38	4h5r	759	1.64	0	A	-1	25	38	100.0	100.0
HSPA8	P11142	646.0	263-287	225-262	25	38	4h5t	604	1.9	0	A	-1	25	38	100.0	100.0
HSPA8	P11142	646.0	263-287	225-262	25	38	4h5v	684	1.75	0	A	-1	25	38	100.0	100.0
HSPA8	P11142	646.0	263-287	225-262	25	38	4h5w	683	1.94	0	A	-1	25	38	100.0	100.0
HSPA8	P11142	646.0	263-287	225-262	25	38	4hwi	473	2.273	0	A	-4	25	38	100.0	100.0
HSPA8	P11142	646.0	263-287	225-262	25	38	5aqf	781	1.88	0	A	5	25	38	100.0	100.0
HSPA8	P11142	646.0	263-287	225-262	25	38	5aqg	527	2.24	0	A	5	25	38	100.0	100.0
HSPA8	P11142	646.0	263-287	225-262	25	38	5aqh	551	2.0	0	A	5	25	38	100.0	100.0
HSPA8	P11142	646.0	263-287	225-262	25	38	5aqi	486	1.98	0	A	5	25	38	100.0	100.0
HSPA8	P11142	646.0	263-287	225-262	25	38	5aqj	558	1.96	0	A	5	25	38	100.0	100.0
HSPA8	P11142	646.0	263-287	225-262	25	38	5aqk	480	2.09	0	A	5	25	38	100.0	100.0
HSPA8	P11142	646.0	263-287	225-262	25	38	5aql	750	1.69	0	A	5	25	38	100.0	100.0
HSPA8	P11142	646.0	263-287	225-262	25	38	5aqm	808	1.63	0	A	5	25	38	100.0	100.0
HSPA8	P11142	646.0	263-287	225-262	25	38	5aqn	494	2.45	0	A	5	25	38	100.0	100.0
HSPA8	P11142	646.0	263-287	225-262	25	38	5aqo	491	2.12	0	A	5	25	38	100.0	100.0
HSPA8	P11142	646.0	263-287	225-262	25	38	5aqp	576	2.08	0	A	5	25	38	100.0	100.0
HSPA8	P11142	646.0	263-287	225-262	25	38	5aqq	417	2.72	0	A	5	25	38	100.0	100.0
HSPA8	P11142	646.0	263-287	225-262	25	38	5aqr	620	1.91	0	A	5	25	38	100.0	100.0
HSPA8	P11142	646.0	263-287	225-262	25	38	5aqs	604	2.0	0	A	5	25	38	100.0	100.0
HSPA8	P11142	646.0	263-287	225-262	25	38	5aqt	549	1.9	0	A	5	25	38	100.0	100.0
HSPA8	P11142	646.0	263-287	225-262	25	38	5aqu	557	1.92	0	A	5	25	38	100.0	100.0
HSPA8	P11142	646.0	263-287	225-262	25	38	5aqv	597	1.75	0	A	5	25	38	100.0	100.0
HSPA8	P11142	646.0	263-287	225-262	25	38	6b1i	577	2.3	0	A	19	25	38	100.0	100.0
HSPA8	P11142	646.0	263-287	225-262	25	38	6b1m	820	1.9	0	A	19	25	38	100.0	100.0
HSPA8	P11142	646.0	263-287	225-262	25	38	6b1n	770	1.8	0	A	19	25	38	100.0	100.0
HSPA8	P11142	646.0	263-287	225-262	25	38	6zyj	601	1.85	0	A	-4	25	38	100.0	100.0
DLG4	P31016	724.0	428-498	534-709	71	176	1jxo	354	2.3	0	A	-423	61	165	85.91549295774648	93.75
DLG4	P31016	724.0	428-498	534-709	71	176	1kjw	420	1.8	0	A	-429	69	176	97.1830985915493	100.0
DLG4	P31016	724.0	428-498	534-709	71	176	2xkx	721		0	A	0	71	176	100.0	100.0
DLG4	P31016	724.0	428-498	534-709	71	176	5ypr	309	2.349	0	A	-403	64	176	90.14084507042254	100.0
HCK	P08631	526.0	142-239,240-259	76-136,514-425	118	61	1ad5	441	2.6	0	A	-78	117	54	99.15254237288136	88.52459016393442
HCK	P08631	526.0	142-239,240-259	76-136,514-425	118	61	1qcf	763	2.0	0	A	-72	117	56	99.15254237288136	91.80327868852459
HCK	P08631	526.0	142-239,240-259	76-136,514-425	118	61	2c0i	610	2.3	0	A	-51	118	61	100.0	100.0
HCK	P08631	526.0	142-239,240-259	76-136,514-425	118	61	2c0o	595	2.85	0	A	-51	118	61	100.0	100.0
HCK	P08631	526.0	142-239,240-259	76-136,514-425	118	61	2c0t	560	2.15	0	A	-51	112	61	94.91525423728814	100.0
HCK	P08631	526.0	142-239,240-259	76-136,514-425	118	61	2hck	442	3.0	0	A	-78	117	54	99.15254237288136	88.52459016393442
HCK	P08631	526.0	142-239,240-259	76-136,514-425	118	61	3nhn	198	2.61	0	A	-71	105	53	88.98305084745762	86.88524590163934
HCK	P08631	526.0	142-239,240-259	76-136,514-425	118	61	3vry	549	2.481	0	A	-72	112	52	94.91525423728814	85.24590163934425
HCK	P08631	526.0	142-239,240-259	76-136,514-425	118	61	3vrz	530	2.218	0	A	-72	114	52	96.61016949152543	85.24590163934425
HCK	P08631	526.0	142-239,240-259	76-136,514-425	118	61	3vs0	458	2.934	0	A	-72	113	52	95.76271186440678	85.24590163934425
HCK	P08631	526.0	142-239,240-259	76-136,514-425	118	61	3vs1	480	2.464	0	A	-72	109	52	92.37288135593221	85.24590163934425
HCK	P08631	526.0	142-239,240-259	76-136,514-425	118	61	3vs2	501	2.609	0	A	-72	115	52	97.45762711864407	85.24590163934425
HCK	P08631	526.0	142-239,240-259	76-136,514-425	118	61	3vs3	602	2.17	0	A	-72	118	52	100.0	85.24590163934425
HCK	P08631	526.0	142-239,240-259	76-136,514-425	118	61	3vs4	517	2.747	0	A	-72	112	52	94.91525423728814	85.24590163934425
HCK	P08631	526.0	142-239,240-259	76-136,514-425	118	61	3vs5	450	2.851	0	A	-72	114	52	96.61016949152543	85.24590163934425
HCK	P08631	526.0	142-239,240-259	76-136,514-425	118	61	3vs6	607	2.373	0	A	-72	118	52	100.0	85.24590163934425
HCK	P08631	526.0	142-239,240-259	76-136,514-425	118	61	3vs7	448	3.001	0	A	-72	118	52	100.0	85.24590163934425
HCK	P08631	526.0	142-239,240-259	76-136,514-425	118	61	4lud	453	2.85	0	A	-72	114	52	96.61016949152543	85.24590163934425
HCK	P08631	526.0	142-239,240-259	76-136,514-425	118	61	4lue	437	3.04	0	A	-72	114	52	96.61016949152543	85.24590163934425
HCK	P08631	526.0	142-239,240-259	76-136,514-425	118	61	4u5w	261	1.86	0	B	-60	105	53	88.98305084745762	86.88524590163934
HCK	P08631	526.0	142-239,240-259	76-136,514-425	118	61	5h09	744	1.945	0	A	-72	118	52	100.0	85.24590163934425
HCK	P08631	526.0	142-239,240-259	76-136,514-425	118	61	5h0b	830	1.651	0	A	-72	118	52	100.0	85.24590163934425
HCK	P08631	526.0	142-239,240-259	76-136,514-425	118	61	5h0e	644	2.1	0	A	-72	118	52	100.0	85.24590163934425
HCK	P08631	526.0	142-239,240-259	76-136,514-425	118	61	5h0g	821	1.8	0	A	-72	118	52	100.0	85.24590163934425
HCK	P08631	526.0	142-239,240-259	76-136,514-425	118	61	5h0h	841	1.72	0	A	-72	118	52	100.0	85.24590163934425
SIRT2	Q8IXJ6	389.0	320-352	65-319	33	255	1j8f	588	1.7	0	A	-33	33	255	100.0	100.0
SIRT2	Q8IXJ6	389.0	320-352	65-319	33	255	3zgo	688	1.63	0	A	-31	33	255	100.0	100.0
SIRT2	Q8IXJ6	389.0	320-352	65-319	33	255	3zgv	457	2.27	0	A	-31	33	253	100.0	99.2156862745098
SIRT2	Q8IXJ6	389.0	320-352	65-319	33	255	4l3o	431	2.518	0	A	-54	33	250	100.0	98.0392156862745
SIRT2	Q8IXJ6	389.0	320-352	65-319	33	255	4r8m	299	2.1	0	A	-37	33	240	100.0	94.11764705882352
SIRT2	Q8IXJ6	389.0	320-352	65-319	33	255	4rmg	399	1.88	0	A	-52	33	249	100.0	97.6470588235294
SIRT2	Q8IXJ6	389.0	320-352	65-319	33	255	4rmh	536	1.42	0	A	-52	33	246	100.0	96.47058823529412
SIRT2	Q8IXJ6	389.0	320-352	65-319	33	255	4rmi	436	1.45	0	A	-52	33	233	100.0	91.37254901960785
SIRT2	Q8IXJ6	389.0	320-352	65-319	33	255	4rmj	391	1.87	0	A	-52	33	255	100.0	100.0
SIRT2	Q8IXJ6	389.0	320-352	65-319	33	255	4x3o	594	1.5	0	A	-51	33	249	100.0	97.6470588235294
SIRT2	Q8IXJ6	389.0	320-352	65-319	33	255	4x3p	555	1.8	0	A	-51	33	248	100.0	97.25490196078431
SIRT2	Q8IXJ6	389.0	320-352	65-319	33	255	4y6l	545	1.6	0	A	-51	33	232	100.0	90.98039215686275
SIRT2	Q8IXJ6	389.0	320-352	65-319	33	255	4y6o	485	1.6	0	A	-51	33	233	100.0	91.37254901960785
SIRT2	Q8IXJ6	389.0	320-352	65-319	33	255	4y6q	365	1.9	0	A	-51	33	242	100.0	94.90196078431372
SIRT2	Q8IXJ6	389.0	320-352	65-319	33	255	5d7o	426	1.63	0	A	-46	33	255	100.0	100.0
SIRT2	Q8IXJ6	389.0	320-352	65-319	33	255	5d7p	478	1.76	0	A	-52	33	255	100.0	100.0
SIRT2	Q8IXJ6	389.0	320-352	65-319	33	255	5d7q	393	2.01	0	A	-32	33	255	100.0	100.0
SIRT2	Q8IXJ6	389.0	320-352	65-319	33	255	5dy4	487	1.77	0	A	-52	33	252	100.0	98.82352941176471
SIRT2	Q8IXJ6	389.0	320-352	65-319	33	255	5dy5	543	1.95	0	A	-52	33	251	100.0	98.4313725490196
SIRT2	Q8IXJ6	389.0	320-352	65-319	33	255	5fyq	380	3.0	0	A	4	33	236	100.0	92.54901960784314
SIRT2	Q8IXJ6	389.0	320-352	65-319	33	255	5g4c	451	2.1	0	A	-33	33	242	100.0	94.90196078431372
SIRT2	Q8IXJ6	389.0	320-352	65-319	33	255	5mar	554	1.89	0	A	-53	33	255	100.0	100.0
SIRT2	Q8IXJ6	389.0	320-352	65-319	33	255	5mat	566	2.069	0	A	-53	33	253	100.0	99.2156862745098
SIRT2	Q8IXJ6	389.0	320-352	65-319	33	255	5y0z	367	2.0	0	A	-51	33	242	100.0	94.90196078431372
SIRT2	Q8IXJ6	389.0	320-352	65-319	33	255	5y5n	392	2.3	0	A	-31	33	220	100.0	86.27450980392157
SIRT2	Q8IXJ6	389.0	320-352	65-319	33	255	5yql	682	1.601	0	A	-50	33	245	100.0	96.07843137254902
SIRT2	Q8IXJ6	389.0	320-352	65-319	33	255	5yqm	582	1.735	0	A	-50	33	244	100.0	95.68627450980392
SIRT2	Q8IXJ6	389.0	320-352	65-319	33	255	5yqn	587	1.6	0	A	-50	33	237	100.0	92.94117647058823
SIRT2	Q8IXJ6	389.0	320-352	65-319	33	255	5yqo	643	1.483	0	A	-50	33	237	100.0	92.94117647058823
SIRT2	Q8IXJ6	389.0	320-352	65-319	33	255	6l65	656	1.8	0	A	-48	33	242	100.0	94.90196078431372
SIRT2	Q8IXJ6	389.0	320-352	65-319	33	255	6l66	473	2.169	0	A	-51	33	249	100.0	97.6470588235294
SIRT2	Q8IXJ6	389.0	320-352	65-319	33	255	6l71	511	2.109	0	A	-51	33	248	100.0	97.25490196078431
SIRT2	Q8IXJ6	389.0	320-352	65-319	33	255	6l72	367	2.501	0	A	-51	33	249	100.0	97.6470588235294
SIRT2	Q8IXJ6	389.0	320-352	65-319	33	255	6nr0	365	2.45	0	A	0	33	244	100.0	95.68627450980392
SIRT2	Q8IXJ6	389.0	320-352	65-319	33	255	6qcn	313	2.23	0	A	-52	33	255	100.0	100.0
SIRT2	Q8IXJ6	389.0	320-352	65-319	33	255	7bos	394	1.7	0	A	-51	33	236	100.0	92.54901960784314
SIRT2	Q8IXJ6	389.0	320-352	65-319	33	255	7bot	383	1.7	0	A	-51	33	232	100.0	90.98039215686275
EP300	Q09472	2414.0	1520-1581	1287-1663	62	377	5xzc	619	1.6	0	A	-1045	62	315	100.0	83.55437665782493
MDM4	O15151	490.0	190-210	26-106	21	81	6yr5	325	2.25	0	B	5	21	74	100.0	91.35802469135803
VCL	P18206	1134.0	878-890	896-1066	13	171	1tr2	1136	2.9	0	A	1	13	157	100.0	91.81286549707602
VCL	P18206	1134.0	878-890	896-1066	13	171	6fuy	967	3.0	0	A	0	11	165	84.61538461538461	96.49122807017544
AKT1	P31749	480.0	5-108	150-408	104	259	3o96	389	2.7	0	A	3	98	235	94.23076923076923	90.73359073359073
AKT1	P31749	480.0	5-108	150-408	104	259	4ejn	544	2.19	0	A	0	97	241	93.26923076923077	93.05019305019306
AKT1	P31749	480.0	5-108	150-408	104	259	5kcv	433	2.7	0	A	14	91	226	87.5	87.25868725868726
AKT1	P31749	480.0	5-108	150-408	104	259	6hhf	370	2.9	0	A	0	96	227	92.3076923076923	87.64478764478764
AKT1	P31749	480.0	5-108	150-408	104	259	6hhg	464	2.3	0	A	0	100	238	96.15384615384616	91.8918918918919
AKT1	P31749	480.0	5-108	150-408	104	259	6hhh	401	2.7	0	A	0	101	234	97.11538461538461	90.34749034749035
AKT1	P31749	480.0	5-108	150-408	104	259	6hhi	408	2.7	0	A	0	101	240	97.11538461538461	92.66409266409266
AKT1	P31749	480.0	5-108	150-408	104	259	6hhj	531	2.3	0	A	0	102	259	98.07692307692307	100.0
AKT1	P31749	480.0	5-108	150-408	104	259	6s9w	424	2.3	0	A	0	104	257	100.0	99.22779922779922
AKT1	P31749	480.0	5-108	150-408	104	259	6s9x	395	2.6	0	A	0	100	236	96.15384615384616	91.11969111969111
AKT1	P31749	480.0	5-108	150-408	104	259	7apj	523	2.05	0	A	2	104	220	100.0	84.94208494208493
AKT1	P31749	480.0	5-108	150-408	104	259	7nh4	401	2.3	0	A	0	101	235	97.11538461538461	90.73359073359073
AKT1	P31749	480.0	5-108	150-408	104	259	7nh5	468	1.9	0	A	0	100	235	96.15384615384616	90.73359073359073
PTK2	Q00944	1053.0	35-362	422-680	328	259	2j0j	634	2.8	0	A	-30	328	249	100.0	96.13899613899613
PTK2	Q00944	1053.0	35-362	422-680	328	259	2j0k	628	3.0	0	A	-30	328	244	100.0	94.20849420849422
PTK2	Q00944	1053.0	35-362	422-680	328	259	6ty3	600	1.553	0	A	-28	327	249	99.6951219512195	96.13899613899613
PTK2	Q00944	1053.0	35-362	422-680	328	259	6ty4	623	1.553	0	A	-28	328	259	100.0	100.0
RET	P07949	1114.0	900-909	724-899,910-1016	10	283	2ivs	435	2.0	0	A	-699	10	263	100.0	92.93286219081273
RET	P07949	1114.0	900-909	724-899,910-1016	10	283	2ivt	354	2.6	0	A	-699	9	258	90.0	91.16607773851591
RET	P07949	1114.0	900-909	724-899,910-1016	10	283	2ivu	363	2.5	0	A	-699	9	256	90.0	90.45936395759718
RET	P07949	1114.0	900-909	724-899,910-1016	10	283	2ivv	409	2.25	0	A	-699	9	253	90.0	89.39929328621908
RET	P07949	1114.0	900-909	724-899,910-1016	10	283	2x2k	322	2.6	0	A	-699	9	259	90.0	91.51943462897526
RET	P07949	1114.0	900-909	724-899,910-1016	10	283	2x2l	364	2.0	0	A	-699	9	256	90.0	90.45936395759718
RET	P07949	1114.0	900-909	724-899,910-1016	10	283	2x2m	316	2.5	0	A	-699	9	254	90.0	89.75265017667844
RET	P07949	1114.0	900-909	724-899,910-1016	10	283	4ckj	417	1.65	0	A	-699	9	259	90.0	91.51943462897526
RET	P07949	1114.0	900-909	724-899,910-1016	10	283	6i83	397	1.88	0	A	-699	9	258	90.0	91.16607773851591
RET	P07949	1114.0	900-909	724-899,910-1016	10	283	6nec	413	1.87	0	A	-699	10	266	100.0	93.99293286219081
RET	P07949	1114.0	900-909	724-899,910-1016	10	283	6vhg	424	2.303	0	A	-702	9	255	90.0	90.10600706713781
RET	P07949	1114.0	900-909	724-899,910-1016	10	283	7du8	323	2.75	0	A	-699	10	266	100.0	93.99293286219081
RET	P07949	1114.0	900-909	724-899,910-1016	10	283	7du9	388	2.31	0	A	-699	10	265	100.0	93.63957597173145
RET	P07949	1114.0	900-909	724-899,910-1016	10	283	7dua	500	1.64	0	A	-699	10	265	100.0	93.63957597173145
RET	P07949	1114.0	900-909	724-899,910-1016	10	283	7ju6	366	2.06	0	A	-699	10	267	100.0	94.34628975265018
CBL	P22681	906.0	353-380	381-435	28	55	1fbv	395	2.9	0	A	-46	28	54	100.0	98.18181818181819
CBL	P22681	906.0	353-380	381-435	28	55	2k4d	1700		19	A	-354	520	1100	1857.1428571428573	2000.0
CBL	P22681	906.0	353-380	381-435	28	55	2y1m	419	2.67	0	A	-46	23	55	82.14285714285714	100.0
CBL	P22681	906.0	353-380	381-435	28	55	4a4b	407	2.789	0	A	-44	27	55	96.42857142857143	100.0
CBL	P22681	906.0	353-380	381-435	28	55	4a4c	401	2.704	0	A	-44	27	55	96.42857142857143	100.0
CBL	P22681	906.0	353-380	381-435	28	55	5j3x	419	2.822	0	A	-44	25	55	89.28571428571429	100.0
CBL	P22681	906.0	353-380	381-435	28	55	5o76	515	2.473	0	A	-44	27	54	96.42857142857143	98.18181818181819
SMYD3	Q9H7B4	428.0	280-428	4-240	149	237	3mek	602	2.1	0	A	1	139	232	93.28859060402685	97.8902953586498
SMYD3	Q9H7B4	428.0	280-428	4-240	149	237	3oxf	446	2.82	0	A	0	149	237	100.0	100.0
SMYD3	Q9H7B4	428.0	280-428	4-240	149	237	3oxg	428	3.41	0	A	36	147	237	98.65771812080537	100.0
SMYD3	Q9H7B4	428.0	280-428	4-240	149	237	3oxl	430	3.6	0	A	0	147	237	98.65771812080537	100.0
SMYD3	Q9H7B4	428.0	280-428	4-240	149	237	3pdn	1084	1.7	0	A	0	149	237	100.0	100.0
SMYD3	Q9H7B4	428.0	280-428	4-240	149	237	3qwp	922	1.53	0	A	1	148	237	99.32885906040269	100.0
SMYD3	Q9H7B4	428.0	280-428	4-240	149	237	3ru0	696	1.849	0	A	2	149	237	100.0	100.0
SMYD3	Q9H7B4	428.0	280-428	4-240	149	237	5ccl	881	1.5	0	A	0	148	237	99.32885906040269	100.0
SMYD3	Q9H7B4	428.0	280-428	4-240	149	237	5ccm	551	2.3	0	A	0	146	237	97.98657718120806	100.0
SMYD3	Q9H7B4	428.0	280-428	4-240	149	237	5ex0	549	2.7	0	A	3	149	237	100.0	100.0
SMYD3	Q9H7B4	428.0	280-428	4-240	149	237	5ex3	526	2.408	0	A	8	149	237	100.0	100.0
SMYD3	Q9H7B4	428.0	280-428	4-240	149	237	5hi7	552	2.15	0	A	4	149	237	100.0	100.0
SMYD3	Q9H7B4	428.0	280-428	4-240	149	237	5hq8	826	1.72	0	A	4	149	237	100.0	100.0
SMYD3	Q9H7B4	428.0	280-428	4-240	149	237	5v37	933	1.42	0	A	0	147	237	98.65771812080537	100.0
SMYD3	Q9H7B4	428.0	280-428	4-240	149	237	5xxd	572	2.314	0	A	-2	146	237	97.98657718120806	100.0
SMYD3	Q9H7B4	428.0	280-428	4-240	149	237	5xxg	585	2.14	0	A	-2	146	237	97.98657718120806	100.0
SMYD3	Q9H7B4	428.0	280-428	4-240	149	237	5xxj	590	1.689	0	A	-2	146	237	97.98657718120806	100.0
SMYD3	Q9H7B4	428.0	280-428	4-240	149	237	5yjo	586	2.135	0	A	-2	146	237	97.98657718120806	100.0
SMYD3	Q9H7B4	428.0	280-428	4-240	149	237	6ijl	528	2.351	0	A	0	146	237	97.98657718120806	100.0
SMYD3	Q9H7B4	428.0	280-428	4-240	149	237	6o9o	827	1.586	0	A	4	149	237	100.0	100.0
SMYD3	Q9H7B4	428.0	280-428	4-240	149	237	6p6g	827	1.59	0	A	4	149	237	100.0	100.0
SMYD3	Q9H7B4	428.0	280-428	4-240	149	237	6p6k	831	1.55	0	A	4	149	235	100.0	99.15611814345992
SMYD3	Q9H7B4	428.0	280-428	4-240	149	237	6p7z	982	1.19	0	A	4	149	236	100.0	99.57805907172997
SMYD3	Q9H7B4	428.0	280-428	4-240	149	237	6paf	919	1.241	0	A	4	149	234	100.0	98.73417721518987
SMYD3	Q9H7B4	428.0	280-428	4-240	149	237	6yuh	685	1.93	0	A	-2	148	237	99.32885906040269	100.0
SMYD3	Q9H7B4	428.0	280-428	4-240	149	237	6zrb	843	1.55	0	A	3	148	237	99.32885906040269	100.0
SMYD3	Q9H7B4	428.0	280-428	4-240	149	237	7bj1	958	1.61	0	A	3	149	237	100.0	100.0
SMYD3	Q9H7B4	428.0	280-428	4-240	149	237	7o2a	915	1.57	0	A	0	149	237	100.0	100.0
SMYD3	Q9H7B4	428.0	280-428	4-240	149	237	7o2b	635	2.03	0	A	0	149	237	100.0	100.0
SMYD3	Q9H7B4	428.0	280-428	4-240	149	237	7o2c	976	1.52	0	A	0	149	237	100.0	100.0
SMYD3	Q9H7B4	428.0	280-428	4-240	149	237	7qa6	914	1.8	0	A	3	149	237	100.0	100.0
SMYD3	Q9H7B4	428.0	280-428	4-240	149	237	7qlb	942	1.8	0	A	3	149	237	100.0	100.0
SMYD3	Q9H7B4	428.0	280-428	4-240	149	237	7qnr	771	1.57	0	A	3	149	237	100.0	100.0
SMYD3	Q9H7B4	428.0	280-428	4-240	149	237	7qnu	876	1.64	0	A	3	149	237	100.0	100.0
KIT	P10721	976.0	544-583	589-937	40	349	1t45	497	1.9	0	A	-546	37	289	92.5	82.8080229226361
KIT	P10721	976.0	544-583	589-937	40	349	3g0e	649	1.6	0	A	-541	40	285	100.0	81.66189111747852
KIT	P10721	976.0	544-583	589-937	40	349	4hvs	435	1.9	0	A	-541	36	285	90.0	81.66189111747852
KIT	P10721	976.0	544-583	589-937	40	349	7khg	518	2.15	0	A	-541	37	285	92.5	81.66189111747852
MAPKAPK2	P49137	400.0	328-364	64-325	37	262	1kwp	388	2.8	0	A	0	37	241	100.0	91.98473282442748
MAPKAPK2	P49137	400.0	328-364	64-325	37	262	2oza	364	2.7	0	A	-44	37	254	100.0	96.94656488549617
MAPKAPK2	P49137	400.0	328-364	64-325	37	262	3ka0	281	2.9	0	A	-46	37	223	100.0	85.1145038167939
MAPKAPK2	P49137	400.0	328-364	64-325	37	262	3kga	392	2.55	0	A	-44	37	234	100.0	89.31297709923665
MAPKAPK2	P49137	400.0	328-364	64-325	37	262	3m2w	427	2.41	0	A	-44	37	234	100.0	89.31297709923665
MAPKAPK2	P49137	400.0	328-364	64-325	37	262	3m42	412	2.68	0	A	-44	37	234	100.0	89.31297709923665
MAPKAPK2	P49137	400.0	328-364	64-325	37	262	4tyh	339	3.0	0	A	-50	37	251	100.0	95.80152671755725
MAPKAPK2	P49137	400.0	328-364	64-325	37	262	6tca	345	3.7	0	A	-38	37	258	100.0	98.47328244274809
NSD3	Q9BZ95	1437.0	1145-1258	1258-1273	114	16	6cen	454	1.61	0	A	-1057	114	13	100.0	81.25
BIRC2	Q13490	618.0	453-543	571-606	91	36	3t6p	517	1.897	0	A	-263	91	36	100.0	100.0
BIRC2	Q13490	618.0	453-543	571-606	91	36	8dso	308	2.334	0	B	-382	89	36	97.8021978021978	100.0
FLNA	P21333	2647.0	2142-2235	2236-2325	94	90	2j3s	286	2.5	0	A	-2041	79	90	84.04255319148936	100.0
FLNA	P21333	2647.0	2142-2235	2236-2325	94	90	4p3w	205	2.0	0	A	-2147	78	90	82.97872340425532	100.0
CSF1R	P07333	972.0	542-574	582-910	33	329	2ogv	408	2.7	0	A	-542	32	270	96.96969696969697	82.06686930091185
CSF1R	P07333	972.0	542-574	582-910	33	329	3bea	483	2.02	0	A	-534	28	264	84.84848484848484	80.24316109422493
CSF1R	P07333	972.0	542-574	582-910	33	329	8cgc	693	1.925	0	A	-530	28	267	84.84848484848484	81.15501519756839
MLKL	Q8NB16	471.0	133-150	1-124	18	124	2msv	3080		19	A	12	360	2480	2000.0	2000.0
MLKL	Q8NB16	471.0	133-150	1-124	18	124	6d74	3120		19	A	1	360	2480	2000.0	2000.0
MLKL	Q8NB16	471.0	133-150	1-124	18	124	6ux8	163	2.5	0	A	4	18	124	100.0	100.0
MLKL	Q8NB16	471.0	133-150	1-124	18	124	6zle	3140		19	A	3	360	2480	2000.0	2000.0
MLKL	Q8NB16	471.0	133-150	1-124	18	124	6zpr	3160		19	A	3	360	2480	2000.0	2000.0
MLKL	Q8NB16	471.0	133-150	1-124	18	124	6zvo	278	1.371	0	A	3	17	121	94.44444444444444	97.58064516129032
MLKL	Q8NB16	471.0	133-150	1-124	18	124	6zz1	232	1.64	0	A	3	18	121	100.0	97.58064516129032
MLKL	Q8NB16	471.0	133-150	1-124	18	124	7nm2	3160		19	A	3	360	2480	2000.0	2000.0
MLKL	Q8NB16	471.0	133-150	1-124	18	124	7nm4	3160		19	A	3	360	2480	2000.0	2000.0
MLKL	Q8NB16	471.0	133-150	1-124	18	124	7nm5	3160		19	A	3	360	2480	2000.0	2000.0
SLC9A3R1	O14745	358.0	242-328	14-94,154-234	87	162	2krg	4320		19	A	-142	1740	1620	2000.0	1000.0
SLC9A3R1	O14745	358.0	242-328	14-94,154-234	87	162	2m0v	2560		19	A	-142	580	1620	666.6666666666667	1000.0
SARM1	Q6SZW1	724.0	560-703,382-385,375-399,281-331	244-269,134-173,162-197,402-476,412-484	220	173	6zfx	637	2.47	0	A	2	217	173	98.63636363636363	100.0
SARM1	Q6SZW1	724.0	560-703,382-385,375-399,281-331	244-269,134-173,162-197,402-476,412-484	220	173	7anw	646	2.47	0	A	1	217	173	98.63636363636363	100.0
SARM1	Q6SZW1	724.0	560-703,382-385,375-399,281-331	244-269,134-173,162-197,402-476,412-484	220	173	7cm5	611	2.47	0	A	0	199	173	90.45454545454545	100.0
SARM1	Q6SZW1	724.0	560-703,382-385,375-399,281-331	244-269,134-173,162-197,402-476,412-484	220	173	7cm6	612	2.47	0	A	0	200	173	90.9090909090909	100.0
SARM1	Q6SZW1	724.0	560-703,382-385,375-399,281-331	244-269,134-173,162-197,402-476,412-484	220	173	7cm7	621	2.47	0	A	0	209	173	95.0	100.0
SARM1	Q6SZW1	724.0	560-703,382-385,375-399,281-331	244-269,134-173,162-197,402-476,412-484	220	173	7djt	640	2.47	0	A	-26	218	173	99.0909090909091	100.0
SARM1	Q6SZW1	724.0	560-703,382-385,375-399,281-331	244-269,134-173,162-197,402-476,412-484	220	173	7knq	588	2.47	0	A	0	202	173	91.81818181818183	100.0
SARM1	Q6SZW1	724.0	560-703,382-385,375-399,281-331	244-269,134-173,162-197,402-476,412-484	220	173	7ld0	590	2.47	0	A	-27	180	173	81.81818181818183	100.0
SARM1	Q6SZW1	724.0	560-703,382-385,375-399,281-331	244-269,134-173,162-197,402-476,412-484	220	173	7qg0	631	1.6	0	A	2	209	173	95.0	100.0
PANX1	Q96RD7	426.0	412-426	1-287	15	287	6m02	335	2.2	0	A	0	13	252	86.66666666666667	87.8048780487805
PANX1	Q96RD7	426.0	412-426	1-287	15	287	7dwb	421	2.2	0	A	-1	15	274	100.0	95.47038327526133
PPP5C	P53041	499.0	28-129,487-499	184-486	115	303	8gae	461	1.65	0	E	3	102	298	88.69565217391305	98.34983498349835
PPP5C	P53041	499.0	28-129,487-499	184-486	115	303	8gft	461	1.65	0	E	3	102	298	88.69565217391305	98.34983498349835
DNMT3A	Q9Y6K1	912.0	476-626	634-912	151	279	4u7p	430	3.821	0	A	-446	151	266	100.0	95.3405017921147
DNMT3A	Q9Y6K1	912.0	476-626	634-912	151	279	4u7t	427	2.9	0	A	-467	141	267	93.37748344370861	95.6989247311828
PARP2	Q9UGN5	583.0	231-348	356-538	118	183	3kcz	562	2.0	0	A	-211	118	183	100.0	100.0
PARP2	Q9UGN5	583.0	231-348	356-538	118	183	3kjd	578	1.95	0	A	-211	118	183	100.0	100.0
PARP2	Q9UGN5	583.0	231-348	356-538	118	183	4pjv	416	2.5	0	A	-211	112	183	94.91525423728814	100.0
PARP2	Q9UGN5	583.0	231-348	356-538	118	183	4tvj	520	2.1	0	A	-211	118	183	100.0	100.0
PARP2	Q9UGN5	583.0	231-348	356-538	118	183	4zzx	515	1.65	0	A	-220	118	183	100.0	100.0
PARP2	Q9UGN5	583.0	231-348	356-538	118	183	4zzy	432	2.2	0	A	-220	118	183	100.0	100.0
PARP2	Q9UGN5	583.0	231-348	356-538	118	183	7aeo	458	2.8	0	A	-87	108	183	91.52542372881356	100.0
PARP2	Q9UGN5	583.0	231-348	356-538	118	183	7r59	548	2.0	0	A	-232	116	183	98.30508474576271	100.0
DNMT1	P26358	1616.0	647-714	1140-1602	68	463	3pta	909	3.6	0	A	-644	68	457	100.0	98.70410367170626
DNMT1	P26358	1616.0	647-714	1140-1602	68	463	3swr	1284	2.49	0	A	-598	68	461	100.0	99.56803455723542
DNMT1	P26358	1616.0	647-714	1140-1602	68	463	4wxx	1487	2.622	0	A	-13	66	463	97.05882352941177	100.0
BID	P55957	195.0	21-51	60-195	31	136	2bid	2955		14	A	2	465	2040	1500.0	1500.0
OTULIN	Q96BN8	352.0	330-340	129-341	11	213	3znv	608	1.3	0	A	-77	11	202	100.0	94.83568075117371
OTULIN	Q96BN8	352.0	330-340	129-341	11	213	3znx	595	1.35	0	A	-77	11	194	100.0	91.07981220657277
OTULIN	Q96BN8	352.0	330-340	129-341	11	213	3znz	549	1.9	0	A	-77	11	194	100.0	91.07981220657277
OTULIN	Q96BN8	352.0	330-340	129-341	11	213	4ksj	484	1.6	0	A	-76	11	188	100.0	88.26291079812206
OTULIN	Q96BN8	352.0	330-340	129-341	11	213	4ksk	329	2.4	0	A	-52	11	193	100.0	90.61032863849765
OTULIN	Q96BN8	352.0	330-340	129-341	11	213	4ksl	263	2.83	0	A	-76	11	195	100.0	91.54929577464789
OTULIN	Q96BN8	352.0	330-340	129-341	11	213	5oe7	266	2.95	0	A	-77	11	195	100.0	91.54929577464789
OTULIN	Q96BN8	352.0	330-340	129-341	11	213	6i9c	518	1.77	0	A	-77	11	194	100.0	91.07981220657277
OTULIN	Q96BN8	352.0	330-340	129-341	11	213	6sak	388	2.0	0	A	-77	11	202	100.0	94.83568075117371
PTPN6	P29350	595.0	1-105	244-515	105	272	2b3o	523	2.8	0	A	0	104	272	99.04761904761905	100.0
PTPN6	P29350	595.0	1-105	244-515	105	272	3ps5	551	3.1	0	A	0	105	272	100.0	100.0
DDX3X	O00571	662.0	132-181	211-575	50	365	4pxa	448	3.2	0	A	-115	47	365	94.0	100.0
DDX3X	O00571	662.0	132-181	211-575	50	365	6cz5	428	3.0	0	A	-127	41	357	82.0	97.80821917808218
DDX3X	O00571	662.0	132-181	211-575	50	365	7liu	448	3.001	0	A	-132	47	365	94.0	100.0
PRKAA2	P54646	552.0	291-376	16-268	86	253	5iso	479	2.63	0	A	0	70	253	81.3953488372093	100.0
ACTN2	P35609	894.0	259-307	753-824	49	72	4d1e	859	3.5	0	A	-18	49	72	100.0	100.0
BAIAP2	Q9UQB8	552.0	1-178	238-292	178	55	6zeg	672	1.09	0	A	-1	173	55	97.19101123595506	100.0
BAIAP2	Q9UQB8	552.0	1-178	238-292	178	55	6zei	597	1.39	0	A	-1	172	55	96.62921348314607	100.0
PREX1	Q8TCU6	1659.0	409-499	49-240,271-392	91	314	7syf	1391	3.22	0	A	-19	87	289	95.6043956043956	92.03821656050955
DNMT1	P13864	1620.0	649-695	1142-1601	47	460	3pt6	930	3.0	0	A	-648	45	459	95.74468085106383	99.78260869565217
CRK	P46108	304.0	239-294	132-192	56	61	2eyz	304		0	A	0	56	61	100.0	100.0
ARIH1	Q9Y4X5	557.0	408-557	339-392	150	54	4kbl	401	3.3	0	A	2	137	54	91.33333333333333	100.0
ARIH1	Q9Y4X5	557.0	408-557	339-392	150	54	4kc9	420	3.603	0	A	2	140	52	93.33333333333333	96.29629629629629
ARIH1	Q9Y4X5	557.0	408-557	339-392	150	54	5udh	417	3.24	0	A	-87	143	54	95.33333333333334	100.0
CBS	P35520	551.0	414-551	40-413	138	374	4coo	695	2.0	0	A	22	122	371	88.40579710144928	99.19786096256684
CBS	P35520	551.0	414-551	40-413	138	374	4l0d	498	2.97	0	A	0	124	372	89.85507246376811	99.46524064171123
CBS	P35520	551.0	414-551	40-413	138	374	4l27	487	3.391	0	A	-1	117	368	84.78260869565217	98.3957219251337
CBS	P35520	551.0	414-551	40-413	138	374	4l28	495	2.626	0	A	-1	122	371	88.40579710144928	99.19786096256684
CBS	P35520	551.0	414-551	40-413	138	374	4l3v	500	3.628	0	A	-1	125	373	90.57971014492753	99.73262032085562
CBS	P35520	551.0	414-551	40-413	138	374	4pcu	489	3.578	0	A	0	119	367	86.23188405797102	98.1283422459893
CBS	P35520	551.0	414-551	40-413	138	374	7qgt	591	2.691	0	A	22	127	373	92.02898550724638	99.73262032085562
ETS1	P27577	440.0	304-310,416-441	335-415	33	81	1md0	258	2.0	0	A	-299	29	81	87.87878787878788	100.0
ETS1	P27577	440.0	304-310,416-441	335-415	33	81	1r36	3500		24	A	-300	800	2025	2424.242424242424	2500.0
ETS1	P27577	440.0	304-310,416-441	335-415	33	81	6da1	193	2.0001269892	0	A	-300	30	81	90.9090909090909	100.0
ETS1	P27577	440.0	304-310,416-441	335-415	33	81	6dat	156	2.35002638783	0	A	-300	28	81	84.84848484848484	100.0
MAVS	Q7Z434	540.0	141-200,251-300	401-450	110	50	2vgq	669	2.1	0	A	-11	110	50	100.0	100.0
VAV1	P15498	845.0	131-178	194-373	48	180	6nf1	609	2.6	0	A	3	40	180	83.33333333333334	100.0
DAPK2	Q9UIK4	370.0	292-301	23-285	10	263	1wmk	303	3.6	0	A	-9	10	263	100.0	100.0
DAPK2	Q9UIK4	370.0	292-301	23-285	10	263	1z9x	303	3.93	0	A	-9	10	263	100.0	100.0
DAPK2	Q9UIK4	370.0	292-301	23-285	10	263	2a27	342	3.0	0	A	-9	10	263	100.0	100.0
DAPK2	Q9UIK4	370.0	292-301	23-285	10	263	2a2a	671	1.47	0	A	-9	10	263	100.0	100.0
DAPK2	Q9UIK4	370.0	292-301	23-285	10	263	2cke	315	2.8	0	A	-9	10	263	100.0	100.0
DAPK2	Q9UIK4	370.0	292-301	23-285	10	263	6paw	316	2.953	0	A	-7	10	263	100.0	100.0
CYTH3	O08967	399.0	251-265,383-395	77-206	28	130	2r09	867	1.9	0	A	-52	27	126	96.42857142857143	96.92307692307692
CYTH3	O08967	399.0	251-265,383-395	77-206	28	130	2r0d	716	2.04	0	A	-52	28	130	100.0	100.0
CYTH3	O08967	399.0	251-265,383-395	77-206	28	130	6bbp	523	2.04	0	A	-52	28	130	100.0	100.0
CYTH3	O08967	399.0	251-265,383-395	77-206	28	130	6bbq	523	2.04	0	A	-52	28	130	100.0	100.0
USP14	P54578	494.0	329-351,429-433	105-483	28	379	2ayn	337	3.2	0	A	-89	28	304	100.0	80.21108179419525
USP14	P54578	494.0	329-351,429-433	105-483	28	379	2ayo	355	3.5	0	A	-89	28	319	100.0	84.1688654353562
USP14	P54578	494.0	329-351,429-433	105-483	28	379	6iim	531	2.21	0	A	-95	25	308	89.28571428571429	81.26649076517151
USP14	P54578	494.0	329-351,429-433	105-483	28	379	7w39	446	2.73	0	W	0	28	324	100.0	85.4881266490765
	O74536	576.0	298-351	34-285	54	252	3h4j	339	2.8	0	A	-23	54	241	100.0	95.63492063492063
WNK3	Q9BYP7	1800.0	440-463	147-405	24	259	5o2c	490	2.4	0	A	-120	24	259	100.0	100.0
	Q95PM0	450.0	96-113	126-342	18	217	7avm	346	2.8	0	A	-19	18	217	100.0	100.0
CRKL	P46109	303.0	129-175	14-102	47	89	2lqn	6060		19	A	0	940	1780	2000.0	2000.0
CRKL	P46109	303.0	129-175	14-102	47	89	2lqw	6060		19	A	0	940	1780	2000.0	2000.0
CAMK2D	Q13557	499.0	283-292	14-272	10	259	2vn9	379	2.3	0	A	2	10	259	100.0	100.0
CAMK2D	Q13557	499.0	283-292	14-272	10	259	2wel	610	1.9	0	A	2	10	259	100.0	100.0
CAMK2D	Q13557	499.0	283-292	14-272	10	259	5vlo	473	2.05	0	A	1	10	256	100.0	98.84169884169884
CAMK2D	Q13557	499.0	283-292	14-272	10	259	6ayw	429	2.05	0	A	1	10	259	100.0	100.0
AIM2	O14862	343.0	29-68	138-337	40	200	3vd8	800	2.0685	0	A	-25	40	200	100.0	100.0
MRE11	Q58719	366.0	290-330	1-289	41	289	3av0	382	3.1	0	A	20	41	289	100.0	100.0
STIM1	Q13586	685.0	63-98,238-343	132-200,344-444	142	170	2k60	3020		19	A	-51	720	1380	507.0422535211268	811.7647058823529
STIM1	Q13586	685.0	63-98,238-343	132-200,344-444	142	170	2maj	1640		19	A	-305	640	880	450.7042253521127	517.6470588235294
STIM1	Q13586	685.0	63-98,238-343	132-200,344-444	142	170	2mak	1640		19	A	-305	640	880	450.7042253521127	517.6470588235294
VAV1	P27870	845.0	1-119,120-193,402-504,782-842	194-373	357	180	1f5x	4160		19	A	-167	3860	300	1081.232492997199	166.66666666666669
FKBP8	Q14318	412.0	1-32	120-204	32	85	2d9f	2700		19	A	-42	640	320	2000.0	376.4705882352941
FKBP8	Q14318	412.0	1-32	120-204	32	85	2mf9	3140		19	A	-57	640	760	2000.0	894.1176470588235
CHD1L	Q86WJ1	897.0	704-897	351-513	194	163	7epu	750	3.5	0	B	-579	161	139	82.9896907216495	85.2760736196319
	Q8RT31	374.0	201-354	1-190	154	190	1xsz	897	1.41	0	A	2	154	190	100.0	100.0
	Q8RT31	374.0	201-354	1-190	154	190	4c7p	348	3.1	0	A	28	147	190	95.45454545454545	100.0
	Q8RT31	374.0	201-354	1-190	154	190	4d7q	623	2.0	0	A	6	146	190	94.8051948051948	100.0
	Q8RT31	374.0	201-354	1-190	154	190	4d7r	773	1.8	0	A	28	152	190	98.7012987012987	100.0
NLRP3	Q96P20	1036.0	740-991	220-536	252	317	6npy	799	1.7	0	A	-2	252	311	100.0	98.10725552050474
NLRP3	Q96P20	1036.0	740-991	220-536	252	317	7pzc	1012	2.835	0	A	0	252	317	100.0	100.0
NLRP3	Q96P20	1036.0	740-991	220-536	252	317	7vtp	797	2.835	0	A	-105	252	300	100.0	94.6372239747634
NLRP3	Q96P20	1036.0	740-991	220-536	252	317	7zgu	810	2.835	0	A	-124	252	312	100.0	98.42271293375394
NLRP3	Q96P20	1036.0	740-991	220-536	252	317	8ej4	852	2.835	0	A	-132	252	317	100.0	100.0
MAPKAPK3	Q16644		307-343	44-304	37	261	3fhr	382	1.9	0	A	-13	37	217	100.0	83.14176245210729
MAPKAPK3	Q16644		307-343	44-304	37	261	3fxw	378	2.0	0	A	-13	37	215	100.0	82.37547892720306
MAPKAPK3	Q16644		307-343	44-304	37	261	3r1n	348	2.09	0	A	-32	37	219	100.0	83.9080459770115
MAPKAPK3	Q16644		307-343	44-304	37	261	3she	302	2.25	0	A	-32	37	215	100.0	82.37547892720306
MAPKAPK3	Q16644		307-343	44-304	37	261	7nrb	414	1.9	0	A	-13	37	217	100.0	83.14176245210729
CAMK1D	Q8IU85	385.0	279-319	23-278	41	256	2jc6	385	2.3	0	A	1	35	231	85.36585365853658	90.234375
MAP2K6	P52564	334.0	251-277	53-314	27	262	3enm	374	2.35	0	A	-17	27	215	100.0	82.06106870229007
MAP2K6	P52564	334.0	251-277	53-314	27	262	3fme	316	2.26	0	A	-44	27	215	100.0	82.06106870229007
MAP2K6	P52564	334.0	251-277	53-314	27	262	3vn9	311	2.6	0	A	0	27	235	100.0	89.69465648854961
MAP2K6	P52564	334.0	251-277	53-314	27	262	8a8m	301	2.4	0	B	21	27	222	100.0	84.7328244274809
ROR2	Q01974	943.0	555-556	473-746	2	274	3zzw	295	2.9	0	A	-462	2	256	100.0	93.43065693430657
ROR2	Q01974	943.0	555-556	473-746	2	274	4gt4	399	2.406	0	A	-445	2	258	100.0	94.16058394160584
	O62305	720.0	273-317	12-269	45	258	2bdw	586	1.8	0	A	19	43	257	95.55555555555556	99.6124031007752
	A0A0R4I961	279.0	155-279	3-147	125	145	6gtv	545	2.1	0	A	0	125	145	100.0	100.0
	A0A0R4I961	279.0	155-279	3-147	125	145	6gtz	679	1.719	0	A	0	125	145	100.0	100.0
	A0A0R4I961	279.0	155-279	3-147	125	145	6gu0	500	2.501	0	A	0	125	145	100.0	100.0
TRERF1	P60240		1-110	147-416,441-659	110	489	4s20	961	4.7	0	K	0	109	489	99.0909090909091	100.0
TRERF1	P60240		1-110	147-416,441-659	110	489	7m8e	967	4.7	0	F	0	109	489	99.0909090909091	100.0
CAMK1	Q14012	370.0	286-300	20-276	15	257	4fg8	335	2.2	0	A	0	14	230	93.33333333333333	89.49416342412452
CAMK1	Q14012	370.0	286-300	20-276	15	257	4fg9	345	2.4	0	A	0	15	230	100.0	89.49416342412452
CAMK1	Q14012	370.0	286-300	20-276	15	257	4fgb	340	2.6	0	A	0	14	249	93.33333333333333	96.88715953307393
ARHGEF4	Q9NR80	690.0	129-179	284-468	51	185	2dx1	449	2.36	0	A	-58	49	182	96.07843137254902	98.37837837837839
PRKN	Q9JK66	465.0	141-225,378-410	226-377,410-465	118	208	4k7d	325	2.8	0	A	-135	100	205	84.7457627118644	98.5576923076923
PRKN	Q9JK66	465.0	141-225,378-410	226-377,410-465	118	208	4k95	383	6.499	0	A	5	99	204	83.89830508474576	98.07692307692307
PRKN	Q9JK66	465.0	141-225,378-410	226-377,410-465	118	208	4zyn	412	2.54	0	A	5	107	186	90.67796610169492	89.42307692307693
ETV6	P97360	485.0	426-435	335-416	10	82	2lf7	2120		19	A	-330	200	1640	2000.0	2000.0
ETV6	P97360	485.0	426-435	335-416	10	82	2lf8	2432		18	A	-330	190	1558	1900.0	1900.0
ETV6	P97360	485.0	426-435	335-416	10	82	2md5	1020		9	A	-324	10	820	100.0	1000.0
NLRC4	Q3UP24	1024.0	356-463,578-1020	95-298	551	204	3jbl	909	3.6	0	A	-92	528	204	95.82577132486388	100.0
NLRC4	Q3UP24	1024.0	356-463,578-1020	95-298	551	204	6b5b	903	3.2	0	B	0	525	204	95.28130671506352	100.0
STING1	E1C7U0	379.0	345-379	158-345	35	188	6nt9	605	3.3	0	B	0	35	151	100.0	80.31914893617021
HCN1	O60741	890.0	401-479	480-604	79	125	5u6o	482	2.8	0	A	0	79	107	100.0	85.6
HCN1	O60741	890.0	401-479	480-604	79	125	5u6p	505	2.8	0	A	0	79	125	100.0	100.0
HCN1	O60741	890.0	401-479	480-604	79	125	6uqf	533	2.8	0	A	0	79	125	100.0	100.0
HCN1	O60741	890.0	401-479	480-604	79	125	6uqg	531	2.8	0	A	0	79	125	100.0	100.0
PPP3CB	P16298	524.0	417-423,474-496	22-357	30	336	4or9	598	2.23	0	A	20	25	336	83.33333333333334	100.0
OTUD7B	Q6GQQ9	843.0	187-193	194-365	7	172	5lru	370	2.2	0	A	-127	7	147	100.0	85.46511627906976
OTUD7B	Q6GQQ9	843.0	187-193	194-365	7	172	5lrv	294	2.8	0	A	-127	7	150	100.0	87.20930232558139
OTUD7B	Q6GQQ9	843.0	187-193	194-365	7	172	5lrw	592	2.0	0	A	-127	7	150	100.0	87.20930232558139
MAP2K4	P45985	399.0	109-136	102-108,137-367	28	238	3aln	272	2.3	0	A	-78	28	201	100.0	84.45378151260505
MAP2K4	P45985	399.0	109-136	102-108,137-367	28	238	3alo	318	2.6	0	A	-78	28	232	100.0	97.47899159663865
GSDMB	Q8TAX9	411.0	248-411	1-247	164	247	8gtj	437	2.7	0	A	7	152	222	92.6829268292683	89.87854251012146
FARP2	Q91VS8	1065.0	728-745,755-1026	536-727	290	192	4gzu	448	3.2	0	A	-531	236	190	81.37931034482759	98.95833333333334
CYTH3	O43739	400.0	252-264,380-400	77-206	34	130	6u3e	398	1.85	0	A	-2	33	130	97.05882352941177	100.0
CYTH3	O43739	400.0	252-264,380-400	77-206	34	130	6u3g	398	1.85	0	A	-2	33	130	97.05882352941177	100.0
CRK	Q04929	305.0	225-297	133-193	73	61	2l3s	3260		19	A	-134	1460	1180	2000.0	1934.426229508197
CAMK1	Q63450	374.0	285-316	20-276	32	257	1a06	401	2.5	0	A	0	32	229	100.0	89.10505836575877
	Q8NQJ3	143.0	1-40	68-117	40	50	2kb3	4290		29	A	0	1170	1500	2925.0	3000.0
	Q8NQJ3	143.0	1-40	68-117	40	50	2kb4	4290		29	A	0	1200	1500	3000.0	3000.0
	P07038	920.0	892-917	562-625	26	64	1mhs	920	1.56	0	A	0	26	64	100.0	100.0
	P07038	920.0	892-917	562-625	26	64	7nxf	832	1.56	0	A	0	26	64	100.0	100.0
	P07038	920.0	892-917	562-625	26	64	7ny1	832	1.56	0	A	0	26	64	100.0	100.0
RASGRP1	O95267	797.0	468-609	205-436	142	232	4l9m	532	3.0	0	A	-48	126	232	88.73239436619718	100.0
NOTCH2	Q04721	2471.0	1425-1544	1545-1670	120	126	2oo4	337	2.003	0	A	-1421	120	104	100.0	82.53968253968253
MAP2K2	P36507	400.0	75-102	72-74,103-369	28	270	1s9i	306	3.2	0	A	-54	28	239	100.0	88.51851851851852
ETS2	P15036	469.0	325-359	363-443	35	81	4bqa	143	2.5	0	A	-322	31	81	88.57142857142857	100.0
COQ8A	Q8NI60	647.0	276-279	329-518	4	190	4ped	656	1.64	0	A	-202	4	184	100.0	96.84210526315789
COQ8A	Q8NI60	647.0	276-279	329-518	4	190	5i35	411	2.3	0	A	-254	4	184	100.0	96.84210526315789
COQ8A	Q8NI60	647.0	276-279	329-518	4	190	7udp	397	2.01	0	A	-254	4	188	100.0	98.94736842105263
COQ8A	Q8NI60	647.0	276-279	329-518	4	190	7udq	503	1.9	0	A	-254	4	186	100.0	97.89473684210527
CAMK2G	Q13555	558.0	283-292	14-272	10	259	2v7o	419	2.25	0	A	23	10	258	100.0	99.61389961389962
ARIH2	O95376	493.0	359-493	297-326	135	30	7od1	445	2.45	0	A	0	135	30	100.0	100.0
ANGPT1	B5XAZ0	145.0	116-120	1-115	5	115	7bfk	168	1.89	0	A	-18	5	115	100.0	100.0
	P14633	404.0	26-100	185-404	75	220	1na6	445	2.1	0	A	2	72	187	96.0	85.0
	Q5Y4Y6	464.0	240-464	1-239	225	239	5b5r	627	1.902	0	A	4	198	204	88.0	85.35564853556485
ITSN1	Q9Z0R4	1714.0	1151-1203	1230-1416	53	187	3jv3	320	2.4	0	A	-1148	53	187	100.0	100.0
PPP5C	P53042	499.0	28-129	495-499,200-494	102	300	4ja7	574	2.0	0	A	-11	102	298	100.0	99.33333333333333
PPP5C	P53042	499.0	28-129	495-499,200-494	102	300	4ja9	532	2.3	0	A	-11	102	299	100.0	99.66666666666667
DNAJC2	P32527	433.0	348-364	365-433	17	69	2lwx	1760		19	A	-325	340	1380	2000.0	2000.0
	D2AJU0	545.0	57-228	251-545	172	295	6lol	466	2.75	0	A	-19	172	241	100.0	81.69491525423729
	Q8Y842	572.0	61-73	89-243	13	155	3fi7	336	2.35	0	A	-48	11	155	84.61538461538461	100.0
CAMK4	Q16566	473.0	305-321	46-300	17	255	2w4o	394	2.17	0	A	9	17	229	100.0	89.80392156862746
CAMK2B	Q13554	666.0	283-292	14-272	10	259	3bhh	365	2.4	0	A	-8	10	255	100.0	98.45559845559846
ARHGEF25	Q86VW2	580.0	348-472	155-347	125	193	2rgn	327	3.5	0	B	0	110	193	88.0	100.0
FGR	P09769	529.0	144-241,242-262	77-138,490-529	119	102	7uy0	482	2.55	0	A	-71	119	94	100.0	92.15686274509804
	Q83RJ4	571.0	58-260	279-571	203	293	3cvr	516	2.8	0	A	0	191	239	94.08866995073892	81.56996587030717
	P0CE12	788.0	223-466	492-788	244	297	3g06	1007	1.9	0	A	-161	244	284	100.0	95.62289562289563
STIM2	Q9P246	746.0	67-102	136-204	36	69	2l5y	3020		19	A	-55	720	1380	2000.0	2000.0
	O08722	945.0	541-687	688-828,853-942	147	231	3g5b	612	2.0	0	A	-540	147	231	100.0	100.0
VAMP7	P51809	220.0	7-110	125-185	104	61	2dmw	2620		19	A	7	2080	140	2000.0	229.50819672131146
YKT6	Q5EGY4	198.0	8-131	138-198	124	61	3kyq	282	2.443	0	A	1	124	55	100.0	90.1639344262295
CAMK2D	Q6PHZ2	499.0	283-292	14-272	10	259	6bab	540	1.91	0	A	1	10	259	100.0	100.0
	P37582	135.0	85-110	1-84	26	84	7tfc	446	2.57	0	A	20	26	83	100.0	98.80952380952381
NLRP3	Q8R4B8	1033.0	741-990	216-532	250	317	7lfh	806	1.5	0	A	4	250	312	100.0	98.42271293375394
NLRP3	Q8R4B8	1033.0	741-990	216-532	250	317	7vtq	791	1.5	0	A	24	250	298	100.0	94.00630914826499
