Gene_name	Uniprot_ID	Protein_length	region_1	region_2	region_1_len	region_2_len	PDB ID	PDB Length	Resolution	Model	Chain	PDB residues in region_1	PDB residues in region_2	Percent residues in region_1	Percent residues in region_2
SRC	P00523	533.0	148-245,246-266	81-142,521-533	119	75	2ptk	697	2.35	0	A	119	67	100.0	89.33333333333333
MAPK1	P28482	360.0	173-196	25-172,197-313	24	265	3sa0	655	1.5947	0	A	24	262	100.0	98.86792452830188
MAPK1	P28482	360.0	173-196	25-172,197-313	24	265	6g9d	817	1.8	0	A	24	264	100.0	99.62264150943396
MAPK1	P28482	360.0	173-196	25-172,197-313	24	265	8ao2	677	1.796	0	A	24	264	100.0	99.62264150943396
MAPK1	P28482	360.0	173-196	25-172,197-313	24	265	4zxt	656	2.0	0	A	24	262	100.0	98.86792452830188
MAPK1	P28482	360.0	173-196	25-172,197-313	24	265	7e73	450	2.28	0	A	24	265	100.0	100.0
MAPK1	P28482	360.0	173-196	25-172,197-313	24	265	8aod	666	1.62	0	A	24	260	100.0	98.11320754716981
MAPK1	P28482	360.0	173-196	25-172,197-313	24	265	4fux	507	2.2	0	A	24	264	100.0	99.62264150943396
MAPK1	P28482	360.0	173-196	25-172,197-313	24	265	6slg	538	1.33	0	A	24	265	100.0	100.0
MAPK1	P28482	360.0	173-196	25-172,197-313	24	265	5wp1	685	1.4	0	A	24	262	100.0	98.86792452830188
MAPK1	P28482	360.0	173-196	25-172,197-313	24	265	5nhp	544	1.99	0	A	24	265	100.0	100.0
MAPK1	P28482	360.0	173-196	25-172,197-313	24	265	6qah	587	1.58	0	A	24	263	100.0	99.24528301886792
MAPK1	P28482	360.0	173-196	25-172,197-313	24	265	6q7t	651	1.6	0	A	24	264	100.0	99.62264150943396
MAPK1	P28482	360.0	173-196	25-172,197-313	24	265	6qaq	639	1.58	0	A	24	264	100.0	99.62264150943396
MAPK1	P28482	360.0	173-196	25-172,197-313	24	265	6q7k	632	1.84	0	A	24	264	100.0	99.62264150943396
MAPK1	P28482	360.0	173-196	25-172,197-313	24	265	4zzm	468	1.89	0	A	24	264	100.0	99.62264150943396
MAPK1	P28482	360.0	173-196	25-172,197-313	24	265	4n0s	761	1.7992	0	A	24	261	100.0	98.49056603773585
MAPK1	P28482	360.0	173-196	25-172,197-313	24	265	8aoh	820	1.6	0	A	24	260	100.0	98.11320754716981
MAPK1	P28482	360.0	173-196	25-172,197-313	24	265	6g9a	854	1.91	0	A	24	264	100.0	99.62264150943396
MAPK1	P28482	360.0	173-196	25-172,197-313	24	265	5v62	613	1.9	0	A	22	265	91.66666666666666	100.0
MAPK1	P28482	360.0	173-196	25-172,197-313	24	265	1pme	547	2.0	0	A	24	261	100.0	98.49056603773585
MAPK1	P28482	360.0	173-196	25-172,197-313	24	265	5nhl	474	2.07	0	A	24	265	100.0	100.0
MAPK1	P28482	360.0	173-196	25-172,197-313	24	265	4fv2	546	2.0	0	A	24	264	100.0	99.62264150943396
MAPK1	P28482	360.0	173-196	25-172,197-313	24	265	4zzn	706	1.33	0	A	24	264	100.0	99.62264150943396
MAPK1	P28482	360.0	173-196	25-172,197-313	24	265	4fv7	560	1.9	0	A	24	263	100.0	99.24528301886792
MAPK1	P28482	360.0	173-196	25-172,197-313	24	265	8aoi	761	1.602	0	A	24	264	100.0	99.62264150943396
MAPK1	P28482	360.0	173-196	25-172,197-313	24	265	5nho	432	2.24	0	A	24	265	100.0	100.0
MAPK1	P28482	360.0	173-196	25-172,197-313	24	265	7nqq	637	1.943	0	A	24	264	100.0	99.62264150943396
MAPK1	P28482	360.0	173-196	25-172,197-313	24	265	6qa1	659	1.58	0	A	24	264	100.0	99.62264150943396
MAPK1	P28482	360.0	173-196	25-172,197-313	24	265	2ojg	527	2.0	0	A	24	265	100.0	100.0
MAPK1	P28482	360.0	173-196	25-172,197-313	24	265	6g92	870	1.99	0	A	24	264	100.0	99.62264150943396
MAPK1	P28482	360.0	173-196	25-172,197-313	24	265	4g6n	531	2.0	0	A	24	264	100.0	99.62264150943396
MAPK1	P28482	360.0	173-196	25-172,197-313	24	265	8ao3	690	1.778	0	A	24	263	100.0	99.24528301886792
MAPK1	P28482	360.0	173-196	25-172,197-313	24	265	6gdm	743	1.91	0	A	24	261	100.0	98.49056603773585
MAPK1	P28482	360.0	173-196	25-172,197-313	24	265	5nhf	415	2.14	0	A	24	264	100.0	99.62264150943396
MAPK1	P28482	360.0	173-196	25-172,197-313	24	265	6g9h	805	1.73	0	A	24	264	100.0	99.62264150943396
MAPK1	P28482	360.0	173-196	25-172,197-313	24	265	7nr8	771	1.627	0	A	24	264	100.0	99.62264150943396
MAPK1	P28482	360.0	173-196	25-172,197-313	24	265	6g9m	827	1.86	0	A	24	264	100.0	99.62264150943396
MAPK1	P28482	360.0	173-196	25-172,197-313	24	265	7nr5	699	1.766	0	A	24	264	100.0	99.62264150943396
MAPK1	P28482	360.0	173-196	25-172,197-313	24	265	1tvo	499	2.5	0	A	24	265	100.0	100.0
MAPK1	P28482	360.0	173-196	25-172,197-313	24	265	6q7s	657	1.73	0	A	24	264	100.0	99.62264150943396
MAPK1	P28482	360.0	173-196	25-172,197-313	24	265	7auv	819	1.76	0	A	24	264	100.0	99.62264150943396
MAPK1	P28482	360.0	173-196	25-172,197-313	24	265	6g8x	779	1.76	0	A	24	264	100.0	99.62264150943396
MAPK1	P28482	360.0	173-196	25-172,197-313	24	265	6g93	752	1.67	0	A	24	264	100.0	99.62264150943396
MAPK1	P28482	360.0	173-196	25-172,197-313	24	265	6gjd	680	1.58	0	A	24	264	100.0	99.62264150943396
MAPK1	P28482	360.0	173-196	25-172,197-313	24	265	8aoj	835	1.12	0	A	24	264	100.0	99.62264150943396
MAPK1	P28482	360.0	173-196	25-172,197-313	24	265	5v61	444	2.2	0	A	22	265	91.66666666666666	100.0
MAPK1	P28482	360.0	173-196	25-172,197-313	24	265	6oph	366	2.4	0	A	22	265	91.66666666666666	100.0
MAPK1	P28482	360.0	173-196	25-172,197-313	24	265	6qa4	735	1.6	0	A	24	262	100.0	98.86792452830188
MAPK1	P28482	360.0	173-196	25-172,197-313	24	265	4fuy	538	2.0	0	A	24	256	100.0	96.60377358490567
MAPK1	P28482	360.0	173-196	25-172,197-313	24	265	4qte	838	1.5	0	A	24	265	100.0	100.0
MAPK1	P28482	360.0	173-196	25-172,197-313	24	265	8ao7	726	1.61	0	A	24	264	100.0	99.62264150943396
MAPK1	P28482	360.0	173-196	25-172,197-313	24	265	8aob	717	1.623	0	A	24	255	100.0	96.22641509433963
MAPK1	P28482	360.0	173-196	25-172,197-313	24	265	8ao4	717	1.825	0	A	24	263	100.0	99.24528301886792
MAPK1	P28482	360.0	173-196	25-172,197-313	24	265	5nhv	523	2.0	0	A	24	265	100.0	100.0
MAPK1	P28482	360.0	173-196	25-172,197-313	24	265	5nhh	569	1.94	0	A	24	265	100.0	100.0
MAPK1	P28482	360.0	173-196	25-172,197-313	24	265	7opm	402	2.45	0	A	22	265	91.66666666666666	100.0
MAPK1	P28482	360.0	173-196	25-172,197-313	24	265	6ge0	755	1.82	0	A	24	263	100.0	99.24528301886792
MAPK1	P28482	360.0	173-196	25-172,197-313	24	265	6g9j	756	1.98	0	A	24	262	100.0	98.86792452830188
MAPK1	P28482	360.0	173-196	25-172,197-313	24	265	4fv0	524	2.1	0	A	24	262	100.0	98.86792452830188
MAPK1	P28482	360.0	173-196	25-172,197-313	24	265	6g91	816	1.8	0	A	24	264	100.0	99.62264150943396
MAPK1	P28482	360.0	173-196	25-172,197-313	24	265	6g9k	757	1.94	0	A	24	263	100.0	99.24528301886792
MAPK1	P28482	360.0	173-196	25-172,197-313	24	265	8aoc	830	1.62	0	A	24	263	100.0	99.24528301886792
MAPK1	P28482	360.0	173-196	25-172,197-313	24	265	5nhj	535	2.12	0	A	24	265	100.0	100.0
MAPK1	P28482	360.0	173-196	25-172,197-313	24	265	6qal	646	1.57	0	A	24	261	100.0	98.49056603773585
MAPK1	P28482	360.0	173-196	25-172,197-313	24	265	7nr3	701	1.897	0	A	24	264	100.0	99.62264150943396
MAPK1	P28482	360.0	173-196	25-172,197-313	24	265	4fv3	523	2.2	0	A	24	264	100.0	99.62264150943396
MAPK1	P28482	360.0	173-196	25-172,197-313	24	265	7nr9	626	1.906	0	A	24	264	100.0	99.62264150943396
MAPK1	P28482	360.0	173-196	25-172,197-313	24	265	6opg	511	2.9	0	A	22	265	91.66666666666666	100.0
MAPK1	P28482	360.0	173-196	25-172,197-313	24	265	5lck	836	1.89	0	A	24	263	100.0	99.24528301886792
MAPK1	P28482	360.0	173-196	25-172,197-313	24	265	6qa3	661	1.57	0	A	24	264	100.0	99.62264150943396
MAPK1	P28482	360.0	173-196	25-172,197-313	24	265	1wzy	592	2.5	0	A	24	265	100.0	100.0
MAPK1	P28482	360.0	173-196	25-172,197-313	24	265	7e75	420	2.481	0	A	24	265	100.0	100.0
MAPK1	P28482	360.0	173-196	25-172,197-313	24	265	8aoe	797	1.687	0	A	24	255	100.0	96.22641509433963
MAPK1	P28482	360.0	173-196	25-172,197-313	24	265	8ao8	693	1.697	0	A	24	264	100.0	99.62264150943396
MAPK1	P28482	360.0	173-196	25-172,197-313	24	265	6rq4	667	1.96	0	A	24	264	100.0	99.62264150943396
MAPK1	P28482	360.0	173-196	25-172,197-313	24	265	4zzo	566	1.63	0	A	24	264	100.0	99.62264150943396
MAPK1	P28482	360.0	173-196	25-172,197-313	24	265	6gdq	578	1.86	0	A	24	264	100.0	99.62264150943396
MAPK1	P28482	360.0	173-196	25-172,197-313	24	265	7nqw	774	1.775	0	A	24	264	100.0	99.62264150943396
MAPK1	P28482	360.0	173-196	25-172,197-313	24	265	4h3q	436	2.2	0	A	24	265	100.0	100.0
MAPK1	P28482	360.0	173-196	25-172,197-313	24	265	6qaw	670	1.84	0	A	24	263	100.0	99.24528301886792
MAPK1	P28482	360.0	173-196	25-172,197-313	24	265	6gjb	756	1.82	0	A	24	264	100.0	99.62264150943396
MAPK1	P28482	360.0	173-196	25-172,197-313	24	265	8aof	837	1.615	0	A	24	259	100.0	97.73584905660377
MAPK1	P28482	360.0	173-196	25-172,197-313	24	265	8aoa	826	1.62	0	A	24	264	100.0	99.62264150943396
MAPK1	P28482	360.0	173-196	25-172,197-313	24	265	5v60	440	2.18	0	A	22	265	91.66666666666666	100.0
MAPK1	P28482	360.0	173-196	25-172,197-313	24	265	8ao9	801	1.624	0	A	24	262	100.0	98.86792452830188
MAPK1	P28482	360.0	173-196	25-172,197-313	24	265	6g54	559	2.05	0	A	24	265	100.0	100.0
MAPK1	P28482	360.0	173-196	25-172,197-313	24	265	5ngu	357	2.74	0	A	24	264	100.0	99.62264150943396
MAPK1	P28482	360.0	173-196	25-172,197-313	24	265	4fmq	550	2.098	0	A	24	265	100.0	100.0
MAPK1	P28482	360.0	173-196	25-172,197-313	24	265	2y9q	878	1.55	0	A	24	265	100.0	100.0
MAPK1	P28482	360.0	173-196	25-172,197-313	24	265	6g9n	910	1.76	0	A	24	264	100.0	99.62264150943396
MAPK1	P28482	360.0	173-196	25-172,197-313	24	265	8ao5	745	1.595	0	A	24	261	100.0	98.49056603773585
MAPK1	P28482	360.0	173-196	25-172,197-313	24	265	6dmg	524	2.2	0	A	24	264	100.0	99.62264150943396
MAPK1	P28482	360.0	173-196	25-172,197-313	24	265	4fv1	563	1.99	0	A	24	264	100.0	99.62264150943396
MAPK1	P28482	360.0	173-196	25-172,197-313	24	265	8aog	798	1.603	0	A	24	258	100.0	97.35849056603773
MAPK1	P28482	360.0	173-196	25-172,197-313	24	265	2oji	447	2.6	0	A	24	265	100.0	100.0
MAPK1	P28482	360.0	173-196	25-172,197-313	24	265	5lcj	884	1.78	0	A	24	264	100.0	99.62264150943396
MAPK1	P28482	360.0	173-196	25-172,197-313	24	265	6qag	527	2.07	0	A	24	264	100.0	99.62264150943396
MAPK1	P28482	360.0	173-196	25-172,197-313	24	265	8ao6	772	1.811	0	A	24	263	100.0	99.24528301886792
MAPK1	P28482	360.0	173-196	25-172,197-313	24	265	2ojj	405	2.4	0	A	24	265	100.0	100.0
MAPK1	P28482	360.0	173-196	25-172,197-313	24	265	4g6o	529	2.2	0	A	24	261	100.0	98.49056603773585
MAPK1	P28482	360.0	173-196	25-172,197-313	24	265	6nbs	554	1.9	0	A	24	265	100.0	100.0
MAPK1	P28482	360.0	173-196	25-172,197-313	24	265	6g97	826	1.9	0	A	24	264	100.0	99.62264150943396
MAPK1	P28482	360.0	173-196	25-172,197-313	24	265	5ax3	330	2.984	0	A	20	250	83.33333333333334	94.33962264150944
KPNA2	P52293	529.0	2-60	142-238,315-403	59	186	3ve6	426	2.829	0	A	59	186	100.0	100.0
RAN	P62826	216.0	179-216	10-169	38	160	4hat	443	1.78	0	A	38	160	100.0	100.0
RAN	P62826	216.0	179-216	10-169	38	160	6a3a	265	2.3	0	A	38	160	100.0	100.0
RAN	P62826	216.0	179-216	10-169	38	160	6xjp	210	2.802	0	A	38	160	100.0	100.0
RAN	P62826	216.0	179-216	10-169	38	160	2mmc	216		0	A	38	160	100.0	100.0
RAN	P62826	216.0	179-216	10-169	38	160	2mmc	216		1	A	38	160	100.0	100.0
RAN	P62826	216.0	179-216	10-169	38	160	2mmc	216		2	A	38	160	100.0	100.0
RAN	P62826	216.0	179-216	10-169	38	160	2mmc	216		3	A	38	160	100.0	100.0
RAN	P62826	216.0	179-216	10-169	38	160	2mmc	216		4	A	38	160	100.0	100.0
RAN	P62826	216.0	179-216	10-169	38	160	2mmc	216		5	A	38	160	100.0	100.0
RAN	P62826	216.0	179-216	10-169	38	160	2mmc	216		6	A	38	160	100.0	100.0
RAN	P62826	216.0	179-216	10-169	38	160	2mmc	216		7	A	38	160	100.0	100.0
RAN	P62826	216.0	179-216	10-169	38	160	2mmc	216		8	A	38	160	100.0	100.0
RAN	P62826	216.0	179-216	10-169	38	160	2mmc	216		9	A	38	160	100.0	100.0
RAN	P62826	216.0	179-216	10-169	38	160	4haz	400	1.9	0	A	32	160	84.21052631578947	100.0
RAN	P62826	216.0	179-216	10-169	38	160	6x2x	292	2.458	0	A	35	160	92.10526315789474	100.0
RAN	P62826	216.0	179-216	10-169	38	160	5di9	280	2.28	0	A	38	160	100.0	100.0
RAN	P62826	216.0	179-216	10-169	38	160	5dha	211	2.95	0	A	36	160	94.73684210526315	100.0
RAN	P62826	216.0	179-216	10-169	38	160	6x2m	235	2.351	0	A	38	160	100.0	100.0
RAN	P62826	216.0	179-216	10-169	38	160	5uwu	321	2.24	0	A	38	160	100.0	100.0
RAN	P62826	216.0	179-216	10-169	38	160	6xju	296	2.193	0	A	38	160	100.0	100.0
RAN	P62826	216.0	179-216	10-169	38	160	4hb4	357	2.05	0	A	38	160	100.0	100.0
RAN	P62826	216.0	179-216	10-169	38	160	6a3b	236	2.51	0	A	38	160	100.0	100.0
RAN	P62826	216.0	179-216	10-169	38	160	5uwo	322	2.347	0	A	35	160	92.10526315789474	100.0
RAN	P62826	216.0	179-216	10-169	38	160	6x2u	340	2.2	0	A	35	160	92.10526315789474	100.0
RAN	P62826	216.0	179-216	10-169	38	160	5yst	332	2.04	0	A	38	160	100.0	100.0
RAN	P62826	216.0	179-216	10-169	38	160	6x2v	205	2.822	0	A	32	160	84.21052631578947	100.0
RAN	P62826	216.0	179-216	10-169	38	160	7l5e	323	1.944	0	A	31	160	81.57894736842105	100.0
RAN	P62826	216.0	179-216	10-169	38	160	2n1b	216		0	A	38	160	100.0	100.0
RAN	P62826	216.0	179-216	10-169	38	160	2n1b	216		1	A	38	160	100.0	100.0
RAN	P62826	216.0	179-216	10-169	38	160	2n1b	216		2	A	38	160	100.0	100.0
RAN	P62826	216.0	179-216	10-169	38	160	2n1b	216		3	A	38	160	100.0	100.0
RAN	P62826	216.0	179-216	10-169	38	160	2n1b	216		4	A	38	160	100.0	100.0
RAN	P62826	216.0	179-216	10-169	38	160	2n1b	216		5	A	38	160	100.0	100.0
RAN	P62826	216.0	179-216	10-169	38	160	2n1b	216		6	A	38	160	100.0	100.0
RAN	P62826	216.0	179-216	10-169	38	160	2n1b	216		7	A	38	160	100.0	100.0
RAN	P62826	216.0	179-216	10-169	38	160	2n1b	216		8	A	38	160	100.0	100.0
RAN	P62826	216.0	179-216	10-169	38	160	2n1b	216		9	A	38	160	100.0	100.0
RAN	P62826	216.0	179-216	10-169	38	160	4hb0	334	2.2	0	A	35	160	92.10526315789474	100.0
RAN	P62826	216.0	179-216	10-169	38	160	6lq9	301	2.5	0	A	38	160	100.0	100.0
RAN	P62826	216.0	179-216	10-169	38	160	5dh9	258	2.55	0	A	35	160	92.10526315789474	100.0
RAN	P62826	216.0	179-216	10-169	38	160	4gmx	413	2.1	0	A	34	160	89.47368421052632	100.0
RAN	P62826	216.0	179-216	10-169	38	160	6cit	375	2.027	0	A	36	160	94.73684210526315	100.0
RAN	P62826	216.0	179-216	10-169	38	160	7mnv	383	1.8	0	A	31	160	81.57894736842105	100.0
RAN	P62826	216.0	179-216	10-169	38	160	6x2r	236	2.299	0	A	35	160	92.10526315789474	100.0
RAN	P62826	216.0	179-216	10-169	38	160	5uwp	377	2.054	0	A	38	160	100.0	100.0
RAN	P62826	216.0	179-216	10-169	38	160	1qbk	880	3.0	0	B	37	157	97.36842105263158	98.125
RAN	P62826	216.0	179-216	10-169	38	160	4gpt	427	2.22	0	A	38	160	100.0	100.0
RAN	P62826	216.0	179-216	10-169	38	160	6a3c	272	2.35	0	A	38	160	100.0	100.0
RAN	P62826	216.0	179-216	10-169	38	160	5uwj	312	2.221	0	A	36	160	94.73684210526315	100.0
RAN	P62826	216.0	179-216	10-169	38	160	6m6x	215	2.88	0	A	38	160	100.0	100.0
RAN	P62826	216.0	179-216	10-169	38	160	6a3e	272	2.7	0	A	38	160	100.0	100.0
RAN	P62826	216.0	179-216	10-169	38	160	5dif	340	2.092	0	A	38	160	100.0	100.0
RAN	P62826	216.0	179-216	10-169	38	160	4hb3	220	2.8	0	A	32	160	84.21052631578947	100.0
RAN	P62826	216.0	179-216	10-169	38	160	5yro	242	2.396	0	A	38	160	100.0	100.0
RAN	P62826	216.0	179-216	10-169	38	160	5uwr	328	2.24	0	A	34	160	89.47368421052632	100.0
RAN	P62826	216.0	179-216	10-169	38	160	5jlj	242	2.5	0	A	32	160	84.21052631578947	100.0
RAN	P62826	216.0	179-216	10-169	38	160	6x2o	262	2.551	0	A	38	160	100.0	100.0
RAN	P62826	216.0	179-216	10-169	38	160	5uws	270	2.401	0	A	36	160	94.73684210526315	100.0
RAN	P62826	216.0	179-216	10-169	38	160	5dhf	263	2.285	0	A	35	160	92.10526315789474	100.0
RAN	P62826	216.0	179-216	10-169	38	160	5ytb	267	2.3	0	A	38	160	100.0	100.0
RAN	P62826	216.0	179-216	10-169	38	160	6x2p	309	2.401	0	A	35	160	92.10526315789474	100.0
RAN	P62826	216.0	179-216	10-169	38	160	6xjs	301	1.942	0	A	38	160	100.0	100.0
RAN	P62826	216.0	179-216	10-169	38	160	5uwq	313	2.278	0	A	36	160	94.73684210526315	100.0
RAN	P62826	216.0	179-216	10-169	38	160	5uwi	362	2.143	0	A	38	160	100.0	100.0
RAN	P62826	216.0	179-216	10-169	38	160	5uwh	285	2.26	0	A	33	160	86.8421052631579	100.0
RAN	P62826	216.0	179-216	10-169	38	160	5uwt	306	2.342	0	A	38	160	100.0	100.0
RAN	P62826	216.0	179-216	10-169	38	160	7dbg	336	2.06	0	A	38	160	100.0	100.0
RAN	P62826	216.0	179-216	10-169	38	160	7b51	1125	2.58	0	A	38	160	100.0	100.0
RAN	P62826	216.0	179-216	10-169	38	160	3nc1	1026	3.35	0	A	38	160	100.0	100.0
RAN	P62826	216.0	179-216	10-169	38	160	2mmg	216		0	A	38	160	100.0	100.0
RAN	P62826	216.0	179-216	10-169	38	160	2mmg	216		1	A	38	160	100.0	100.0
RAN	P62826	216.0	179-216	10-169	38	160	2mmg	216		2	A	38	160	100.0	100.0
RAN	P62826	216.0	179-216	10-169	38	160	2mmg	216		3	A	38	160	100.0	100.0
RAN	P62826	216.0	179-216	10-169	38	160	2mmg	216		4	A	38	160	100.0	100.0
RAN	P62826	216.0	179-216	10-169	38	160	2mmg	216		5	A	38	160	100.0	100.0
RAN	P62826	216.0	179-216	10-169	38	160	2mmg	216		6	A	38	160	100.0	100.0
RAN	P62826	216.0	179-216	10-169	38	160	2mmg	216		7	A	38	160	100.0	100.0
RAN	P62826	216.0	179-216	10-169	38	160	2mmg	216		8	A	38	160	100.0	100.0
RAN	P62826	216.0	179-216	10-169	38	160	2mmg	216		9	A	38	160	100.0	100.0
RAN	P62826	216.0	179-216	10-169	38	160	5zpu	258	2.6	0	A	32	160	84.21052631578947	100.0
RAN	P62826	216.0	179-216	10-169	38	160	6tvo	1012	3.201	0	A	38	160	100.0	100.0
RAN	P62826	216.0	179-216	10-169	38	160	7cnd	351	1.8	0	A	38	160	100.0	100.0
RAN	P62826	216.0	179-216	10-169	38	160	6x2w	208	3.001	0	A	35	160	92.10526315789474	100.0
RAN	P62826	216.0	179-216	10-169	38	160	6m60	318	2.17	0	A	38	160	100.0	100.0
RAN	P62826	216.0	179-216	10-169	38	160	5ysu	273	2.3	0	A	38	160	100.0	100.0
RAN	P62826	216.0	179-216	10-169	38	160	6x2s	276	2.496	0	A	35	160	92.10526315789474	100.0
RAN	P62826	216.0	179-216	10-169	38	160	6xjr	415	1.941	0	A	36	160	94.73684210526315	100.0
RAN	P62826	216.0	179-216	10-169	38	160	4wvf	433	1.8	0	A	38	160	100.0	100.0
RAN	P62826	216.0	179-216	10-169	38	160	6x2y	282	2.304	0	A	35	160	92.10526315789474	100.0
RAN	P62826	216.0	179-216	10-169	38	160	5uww	347	2.152	0	A	36	160	94.73684210526315	100.0
RAN	P62826	216.0	179-216	10-169	38	160	6a38	237	2.69	0	A	38	160	100.0	100.0
RAN	P62826	216.0	179-216	10-169	38	160	6kft	236	2.51	0	A	38	160	100.0	100.0
RAN	P62826	216.0	179-216	10-169	38	160	4hb2	421	1.8	0	A	34	160	89.47368421052632	100.0
RAN	P62826	216.0	179-216	10-169	38	160	6xjt	210	2.406	0	A	38	160	100.0	100.0
	P00579	613.0	2-80	379-449,458-534	79	148	6pst	1169	2.6	0	J	65	148	82.27848101265823	100.0
	P00579	613.0	2-80	379-449,458-534	79	148	7khi	557	2.6	0	F	75	148	94.9367088607595	100.0
SOS1	Q07889	1333.0	1-197	198-565	198	368	3ksy	1007	3.178	0	A	176	354	88.88888888888889	96.19565217391305
ALK	Q9UM73	1620.0	1279-1288,1158-1173	1116-1157,1174-1278,1289-1392	26	251	4mkc	481	2.01	0	A	26	245	100.0	97.60956175298804
ALK	Q9UM73	1620.0	1279-1288,1158-1173	1116-1157,1174-1278,1289-1392	26	251	4tt7	455	2.1	0	A	24	237	92.3076923076923	94.42231075697211
ALK	Q9UM73	1620.0	1279-1288,1158-1173	1116-1157,1174-1278,1289-1392	26	251	3lcs	426	1.95	0	A	26	251	100.0	100.0
ALK	Q9UM73	1620.0	1279-1288,1158-1173	1116-1157,1174-1278,1289-1392	26	251	3l9p	464	1.8	0	A	26	246	100.0	98.00796812749005
ALK	Q9UM73	1620.0	1279-1288,1158-1173	1116-1157,1174-1278,1289-1392	26	251	3lct	405	2.1	0	A	26	251	100.0	100.0
ALK	Q9UM73	1620.0	1279-1288,1158-1173	1116-1157,1174-1278,1289-1392	26	251	4z55	494	1.55	0	A	25	239	96.15384615384616	95.2191235059761
ALK	Q9UM73	1620.0	1279-1288,1158-1173	1116-1157,1174-1278,1289-1392	26	251	5iui	490	1.88	0	A	21	247	80.76923076923077	98.40637450199203
ALK	Q9UM73	1620.0	1279-1288,1158-1173	1116-1157,1174-1278,1289-1392	26	251	7btt	462	1.86	0	A	26	246	100.0	98.00796812749005
ABL1	P00519	1130.0	67-113,127-217	242-493	138	252	5mo4	738	2.17	0	A	122	232	88.40579710144928	92.06349206349206
ABL1	P00519	1130.0	67-113,127-217	242-493	138	252	2fo0	615	2.27	0	A	137	252	99.27536231884058	100.0
PTPN11	Q06124	593.0	3-104	247-517	102	271	4ohe	620	2.506	0	A	102	254	100.0	93.72693726937268
PTPN11	Q06124	593.0	3-104	247-517	102	271	4dgx	684	2.3	0	A	102	256	100.0	94.4649446494465
PTPN11	Q06124	593.0	3-104	247-517	102	271	5bk8	729	2.25	0	A	102	260	100.0	95.9409594095941
PTPN11	Q06124	593.0	3-104	247-517	102	271	4ohd	549	2.7	0	A	102	256	100.0	94.4649446494465
PTPN11	Q06124	593.0	3-104	247-517	102	271	7r75	495	2.83	0	A	100	254	98.0392156862745	93.72693726937268
PTPN11	Q06124	593.0	3-104	247-517	102	271	6cmr	574	2.21	0	A	99	253	97.05882352941177	93.35793357933579
PTPN11	Q06124	593.0	3-104	247-517	102	271	4dgp	649	2.3	0	A	102	254	100.0	93.72693726937268
PTPN11	Q06124	593.0	3-104	247-517	102	271	4ohh	549	2.7	0	A	102	254	100.0	93.72693726937268
PTPN11	Q06124	593.0	3-104	247-517	102	271	4ohi	721	2.2	0	A	102	254	100.0	93.72693726937268
PTPN11	Q06124	593.0	3-104	247-517	102	271	5xzr	522	2.8	0	A	102	259	100.0	95.5719557195572
PTPN11	Q06124	593.0	3-104	247-517	102	271	6cms	565	2.68	0	A	99	253	97.05882352941177	93.35793357933579
PTPN11	Q06124	593.0	3-104	247-517	102	271	4h34	548	2.7	0	A	94	251	92.15686274509804	92.619926199262
PTPN11	Q06124	593.0	3-104	247-517	102	271	4h1o	635	2.2	0	A	98	255	96.07843137254902	94.0959409594096
SRC	P12931	536.0	151-269	84-145,524-536	119	75	1ksw	497	2.8	0	A	119	71	100.0	94.66666666666667
SRC	P12931	536.0	151-269	84-145,524-536	119	75	2h8h	667	2.2	0	A	119	66	100.0	88.0
SRC	P12931	536.0	151-269	84-145,524-536	119	75	1fmk	928	1.5	0	A	119	71	100.0	94.66666666666667
SRC	P12931	536.0	151-269	84-145,524-536	119	75	1y57	773	1.91	0	A	119	72	100.0	96.0
SRC	P12931	536.0	151-269	84-145,524-536	119	75	2src	720	1.5	0	A	119	71	100.0	94.66666666666667
SRC	P12931	536.0	151-269	84-145,524-536	119	75	4k11	721	2.3	0	A	119	69	100.0	92.0
MAP2K1	Q02750	393.0	75-102	68-74,103-361	28	266	3eqd	451	2.1	0	A	28	237	100.0	89.09774436090225
MAP2K1	Q02750	393.0	75-102	68-74,103-361	28	266	3eqf	326	2.7	0	A	28	237	100.0	89.09774436090225
MAP2K1	Q02750	393.0	75-102	68-74,103-361	28	266	3eqc	501	1.8	0	A	28	234	100.0	87.96992481203007
MAP2K1	Q02750	393.0	75-102	68-74,103-361	28	266	7m0y	312	3.45	0	B	28	234	100.0	87.96992481203007
MAP2K1	Q02750	393.0	75-102	68-74,103-361	28	266	3dy7	263	2.7	0	A	28	223	100.0	83.83458646616542
MAP2K1	Q02750	393.0	75-102	68-74,103-361	28	266	3eqb	314	2.62	0	A	28	233	100.0	87.59398496240601
MAP2K1	Q02750	393.0	75-102	68-74,103-361	28	266	3mbl	383	2.6	0	A	28	235	100.0	88.34586466165413
MAP2K1	Q02750	393.0	75-102	68-74,103-361	28	266	3eqh	462	2.0	0	A	28	237	100.0	89.09774436090225
MAP2K1	Q02750	393.0	75-102	68-74,103-361	28	266	5bx0	316	2.93	0	A	28	237	100.0	89.09774436090225
MAP2K1	Q02750	393.0	75-102	68-74,103-361	28	266	3os3	278	2.8	0	A	28	221	100.0	83.0827067669173
MAP2K1	Q02750	393.0	75-102	68-74,103-361	28	266	4an2	323	2.5	0	A	28	224	100.0	84.21052631578947
MAP2K1	Q02750	393.0	75-102	68-74,103-361	28	266	3orn	329	2.8	0	A	28	226	100.0	84.9624060150376
MAP2K1	Q02750	393.0	75-102	68-74,103-361	28	266	5hze	342	2.4	0	A	28	231	100.0	86.8421052631579
MAP2K1	Q02750	393.0	75-102	68-74,103-361	28	266	3wig	303	2.7	0	A	25	228	89.28571428571429	85.71428571428571
MAP2K1	Q02750	393.0	75-102	68-74,103-361	28	266	4u7z	305	2.805	0	A	28	235	100.0	88.34586466165413
MAP2K1	Q02750	393.0	75-102	68-74,103-361	28	266	4u80	302	2.8	0	A	28	233	100.0	87.59398496240601
MAP2K1	Q02750	393.0	75-102	68-74,103-361	28	266	3eqi	449	1.9	0	A	28	237	100.0	89.09774436090225
MAP2K1	Q02750	393.0	75-102	68-74,103-361	28	266	6u2g	334	2.886	0	A	28	234	100.0	87.96992481203007
MAP2K1	Q02750	393.0	75-102	68-74,103-361	28	266	3w8q	376	2.2	0	A	28	240	100.0	90.22556390977444
MAP2K1	Q02750	393.0	75-102	68-74,103-361	28	266	6v2w	314	3.12	0	B	28	234	100.0	87.96992481203007
MAP2K1	Q02750	393.0	75-102	68-74,103-361	28	266	4u81	327	2.701	0	A	28	233	100.0	87.59398496240601
MAP2K1	Q02750	393.0	75-102	68-74,103-361	28	266	4ark	342	2.6	0	A	28	235	100.0	88.34586466165413
MAP2K1	Q02750	393.0	75-102	68-74,103-361	28	266	4anb	342	2.2	0	A	28	224	100.0	84.21052631578947
MAP2K1	Q02750	393.0	75-102	68-74,103-361	28	266	3eqg	363	2.5	0	A	28	237	100.0	89.09774436090225
MAP2K1	Q02750	393.0	75-102	68-74,103-361	28	266	3zlw	488	2.12	0	A	28	234	100.0	87.96992481203007
MAP2K1	Q02750	393.0	75-102	68-74,103-361	28	266	3dv3	378	2.3	0	A	28	232	100.0	87.21804511278195
MAP2K1	Q02750	393.0	75-102	68-74,103-361	28	266	1s9j	401	2.4	0	A	28	233	100.0	87.59398496240601
MAP2K1	Q02750	393.0	75-102	68-74,103-361	28	266	3pp1	363	2.7	0	A	28	235	100.0	88.34586466165413
MAP2K1	Q02750	393.0	75-102	68-74,103-361	28	266	3zly	414	2.11	0	A	27	234	96.42857142857143	87.96992481203007
MAP2K1	Q02750	393.0	75-102	68-74,103-361	28	266	7m0u	320	3.09	0	B	28	234	100.0	87.96992481203007
MAP2K1	Q02750	393.0	75-102	68-74,103-361	28	266	7mfd	294	3.09	0	B	28	227	100.0	85.33834586466166
MAP2K1	Q02750	393.0	75-102	68-74,103-361	28	266	3zlx	404	2.2	0	A	28	234	100.0	87.96992481203007
MAP2K1	Q02750	393.0	75-102	68-74,103-361	28	266	6nyb	292	2.2	0	B	28	227	100.0	85.33834586466166
MAP2K1	Q02750	393.0	75-102	68-74,103-361	28	266	7m0v	313	3.16	0	B	28	234	100.0	87.96992481203007
MAP2K1	Q02750	393.0	75-102	68-74,103-361	28	266	3v04	292	2.7	0	A	28	233	100.0	87.59398496240601
MAP2K1	Q02750	393.0	75-102	68-74,103-361	28	266	7m0x	418	2.47	0	B	28	234	100.0	87.96992481203007
MAP2K1	Q02750	393.0	75-102	68-74,103-361	28	266	3zm4	447	2.37	0	A	28	232	100.0	87.21804511278195
MAP2K1	Q02750	393.0	75-102	68-74,103-361	28	266	7m0z	313	3.12	0	B	28	234	100.0	87.96992481203007
MAP2K1	Q02750	393.0	75-102	68-74,103-361	28	266	4an3	371	2.1	0	A	28	222	100.0	83.45864661654136
MAP2K1	Q02750	393.0	75-102	68-74,103-361	28	266	4lmn	295	2.8	0	A	28	236	100.0	88.7218045112782
MAP2K1	Q02750	393.0	75-102	68-74,103-361	28	266	6q0t	309	2.8	0	C	28	235	100.0	88.34586466165413
MAP2K1	Q02750	393.0	75-102	68-74,103-361	28	266	3e8n	359	2.5	0	A	28	235	100.0	88.34586466165413
MAP2K1	Q02750	393.0	75-102	68-74,103-361	28	266	2p55	330	2.8	0	A	28	233	100.0	87.59398496240601
MAP2K1	Q02750	393.0	75-102	68-74,103-361	28	266	4an9	289	2.8	0	A	28	223	100.0	83.83458646616542
MAP2K1	Q02750	393.0	75-102	68-74,103-361	28	266	3zls	378	2.5	0	A	28	237	100.0	89.09774436090225
MAP2K1	Q02750	393.0	75-102	68-74,103-361	28	266	3v01	292	2.705	0	A	28	233	100.0	87.59398496240601
MAP2K1	Q02750	393.0	75-102	68-74,103-361	28	266	6pp9	356	2.59	0	B	28	234	100.0	87.96992481203007
MAP2K1	Q02750	393.0	75-102	68-74,103-361	28	266	7pqv	504	2.13	0	A	28	232	100.0	87.21804511278195
INSR	P06213	1382.0	980-1017	1023-1298	38	276	5e1s	422	2.264	0	A	35	244	92.10526315789474	88.40579710144928
INSR	P06213	1382.0	980-1017	1023-1298	38	276	3ekk	589	2.1	0	A	38	242	100.0	87.68115942028986
INSR	P06213	1382.0	980-1017	1023-1298	38	276	1irk	504	2.1	0	A	37	261	97.36842105263158	94.56521739130434
INSR	P06213	1382.0	980-1017	1023-1298	38	276	2auh	302	3.2	0	A	34	258	89.47368421052632	93.47826086956522
INSR	P06213	1382.0	980-1017	1023-1298	38	276	4xlv	454	2.3	0	A	38	258	100.0	93.47826086956522
INSR	P06213	1382.0	980-1017	1023-1298	38	276	1i44	425	2.4	0	A	32	245	84.21052631578947	88.76811594202898
INSR	P06213	1382.0	980-1017	1023-1298	38	276	1ir3	504	1.9	0	A	37	258	97.36842105263158	93.47826086956522
INSR	P06213	1382.0	980-1017	1023-1298	38	276	3ekn	519	2.2	0	A	34	258	89.47368421052632	93.47826086956522
INSR	P06213	1382.0	980-1017	1023-1298	38	276	3bu3	551	1.65	0	A	31	258	81.57894736842105	93.47826086956522
INSR	P06213	1382.0	980-1017	1023-1298	38	276	1p14	475	1.9	0	A	38	242	100.0	87.68115942028986
INSR	P06213	1382.0	980-1017	1023-1298	38	276	3bu6	493	1.95	0	A	31	258	81.57894736842105	93.47826086956522
INSR	P06213	1382.0	980-1017	1023-1298	38	276	1gag	324	2.7	0	A	37	258	97.36842105263158	93.47826086956522
INSR	P06213	1382.0	980-1017	1023-1298	38	276	2z8c	301	3.25	0	A	34	258	89.47368421052632	93.47826086956522
NEIL1	Q96FI4	390.0	244-245	220-243,246-280	2	61	4nrv	380	2.601	0	A	2	59	100.0	96.72131147540983
NEIL1	Q96FI4	390.0	244-245	220-243,246-280	2	61	5itq	751	1.48	0	A	2	59	100.0	96.72131147540983
NEIL1	Q96FI4	390.0	244-245	220-243,246-280	2	61	1tdh	592	2.1	0	A	2	59	100.0	96.72131147540983
HSPA8	P11142	646.0	263-287	225-262	25	38	3fzf	602	2.2	0	A	25	38	100.0	100.0
HSPA8	P11142	646.0	263-287	225-262	25	38	4hwi	473	2.273	0	A	25	38	100.0	100.0
HSPA8	P11142	646.0	263-287	225-262	25	38	5aqh	551	2.0	0	A	25	38	100.0	100.0
HSPA8	P11142	646.0	263-287	225-262	25	38	5aqu	557	1.92	0	A	25	38	100.0	100.0
HSPA8	P11142	646.0	263-287	225-262	25	38	3fzh	615	2.0	0	A	25	38	100.0	100.0
HSPA8	P11142	646.0	263-287	225-262	25	38	5aqt	549	1.9	0	A	25	38	100.0	100.0
HSPA8	P11142	646.0	263-287	225-262	25	38	4h5v	684	1.75	0	A	25	38	100.0	100.0
HSPA8	P11142	646.0	263-287	225-262	25	38	3ldq	628	1.9	0	A	25	38	100.0	100.0
HSPA8	P11142	646.0	263-287	225-262	25	38	3m3z	642	2.1	0	A	25	38	100.0	100.0
HSPA8	P11142	646.0	263-287	225-262	25	38	3fzk	589	2.1	0	A	25	38	100.0	100.0
HSPA8	P11142	646.0	263-287	225-262	25	38	4h5t	604	1.9	0	A	25	38	100.0	100.0
HSPA8	P11142	646.0	263-287	225-262	25	38	5aqv	597	1.75	0	A	25	38	100.0	100.0
HSPA8	P11142	646.0	263-287	225-262	25	38	3fzm	622	2.3	0	A	25	38	100.0	100.0
HSPA8	P11142	646.0	263-287	225-262	25	38	5aqk	480	2.09	0	A	25	38	100.0	100.0
HSPA8	P11142	646.0	263-287	225-262	25	38	3fzl	605	2.2	0	A	25	38	100.0	100.0
DLG4	P31016	724.0	428-498	534-709	71	176	5ypr	309	2.349	0	A	64	176	90.14084507042254	100.0
DLG4	P31016	724.0	428-498	534-709	71	176	1kjw	420	1.8	0	A	69	176	97.1830985915493	100.0
HCK	P08631	526.0	142-239,240-259	76-136,425-514	118	61	5h0e	644	2.1	0	A	118	52	100.0	85.24590163934425
HCK	P08631	526.0	142-239,240-259	76-136,425-514	118	61	1qcf	763	2.0	0	A	117	56	99.15254237288136	91.80327868852459
HCK	P08631	526.0	142-239,240-259	76-136,425-514	118	61	5h09	744	1.945	0	A	118	52	100.0	85.24590163934425
HCK	P08631	526.0	142-239,240-259	76-136,425-514	118	61	5h0b	830	1.651	0	A	118	52	100.0	85.24590163934425
HCK	P08631	526.0	142-239,240-259	76-136,425-514	118	61	3nhn	198	2.61	0	A	105	53	88.98305084745762	86.88524590163934
HCK	P08631	526.0	142-239,240-259	76-136,425-514	118	61	5h0g	821	1.8	0	A	118	52	100.0	85.24590163934425
HCK	P08631	526.0	142-239,240-259	76-136,425-514	118	61	5h0h	841	1.72	0	A	118	52	100.0	85.24590163934425
SIRT2	Q8IXJ6	389.0	320-352	65-319	33	255	6l71	511	2.109	0	A	33	248	100.0	97.25490196078431
SIRT2	Q8IXJ6	389.0	320-352	65-319	33	255	6l72	367	2.501	0	A	33	249	100.0	97.6470588235294
SIRT2	Q8IXJ6	389.0	320-352	65-319	33	255	4x3o	594	1.5	0	A	33	249	100.0	97.6470588235294
SIRT2	Q8IXJ6	389.0	320-352	65-319	33	255	7bos	394	1.7	0	A	33	236	100.0	92.54901960784314
SIRT2	Q8IXJ6	389.0	320-352	65-319	33	255	4rmi	436	1.45	0	A	33	233	100.0	91.37254901960785
SIRT2	Q8IXJ6	389.0	320-352	65-319	33	255	4rmh	536	1.42	0	A	33	246	100.0	96.47058823529412
SIRT2	Q8IXJ6	389.0	320-352	65-319	33	255	5yqo	643	1.483	0	A	33	237	100.0	92.94117647058823
SIRT2	Q8IXJ6	389.0	320-352	65-319	33	255	5y5n	392	2.3	0	A	33	220	100.0	86.27450980392157
SIRT2	Q8IXJ6	389.0	320-352	65-319	33	255	6l65	656	1.8	0	A	33	242	100.0	94.90196078431372
SIRT2	Q8IXJ6	389.0	320-352	65-319	33	255	5dy4	487	1.77	0	A	33	252	100.0	98.82352941176471
SIRT2	Q8IXJ6	389.0	320-352	65-319	33	255	7bot	383	1.7	0	A	33	232	100.0	90.98039215686275
SIRT2	Q8IXJ6	389.0	320-352	65-319	33	255	5dy5	543	1.95	0	A	33	251	100.0	98.4313725490196
SIRT2	Q8IXJ6	389.0	320-352	65-319	33	255	4x3p	555	1.8	0	A	33	248	100.0	97.25490196078431
SIRT2	Q8IXJ6	389.0	320-352	65-319	33	255	5yql	682	1.601	0	A	33	245	100.0	96.07843137254902
SIRT2	Q8IXJ6	389.0	320-352	65-319	33	255	5yqm	582	1.735	0	A	33	244	100.0	95.68627450980392
SIRT2	Q8IXJ6	389.0	320-352	65-319	33	255	5yqn	587	1.6	0	A	33	237	100.0	92.94117647058823
SIRT2	Q8IXJ6	389.0	320-352	65-319	33	255	4rmg	399	1.88	0	A	33	249	100.0	97.6470588235294
SIRT2	Q8IXJ6	389.0	320-352	65-319	33	255	6l66	473	2.169	0	A	33	249	100.0	97.6470588235294
EP300	Q09472	2414.0	1520-1581	1287-1519,1582-1663	62	377	5xzc	619	2.1921	0	A	62	315	100.0	83.55437665782493
VCL	P18206	1134.0	878-890	896-1066	13	171	6fuy	967	3.0	0	A	11	165	84.61538461538461	96.49122807017544
AKT1	P31749	480.0	5-108	150-408	104	259	7nh4	401	2.3	0	A	101	235	97.11538461538461	90.73359073359073
AKT1	P31749	480.0	5-108	150-408	104	259	6hhf	370	2.9	0	A	96	227	92.3076923076923	87.64478764478764
AKT1	P31749	480.0	5-108	150-408	104	259	6hhi	408	2.7	0	A	101	240	97.11538461538461	92.66409266409266
AKT1	P31749	480.0	5-108	150-408	104	259	6hhj	531	2.3	0	A	102	259	98.07692307692307	100.0
AKT1	P31749	480.0	5-108	150-408	104	259	3o96	389	2.7	0	A	98	235	94.23076923076923	90.73359073359073
AKT1	P31749	480.0	5-108	150-408	104	259	4ejn	544	2.19	0	A	97	241	93.26923076923077	93.05019305019306
AKT1	P31749	480.0	5-108	150-408	104	259	6s9w	424	2.3	0	A	104	257	100.0	99.22779922779922
AKT1	P31749	480.0	5-108	150-408	104	259	7apj	523	2.05	0	A	104	220	100.0	84.94208494208493
AKT1	P31749	480.0	5-108	150-408	104	259	5kcv	433	2.7	0	A	91	226	87.5	87.25868725868726
AKT1	P31749	480.0	5-108	150-408	104	259	7nh5	468	1.9	0	A	100	235	96.15384615384616	90.73359073359073
AKT1	P31749	480.0	5-108	150-408	104	259	6hhg	464	2.3	0	A	100	238	96.15384615384616	91.8918918918919
AKT1	P31749	480.0	5-108	150-408	104	259	6hhh	401	2.7	0	A	101	234	97.11538461538461	90.34749034749035
AKT1	P31749	480.0	5-108	150-408	104	259	6s9x	395	2.6	0	A	100	236	96.15384615384616	91.11969111969111
PTK2	Q00944	1053.0	35-362	422-680	328	259	2j0j	634	2.8	0	A	328	249	100.0	96.13899613899613
RET	P07949	1114.0	900-909	724-899,910-1016	10	283	2x2k	322	2.6	0	A	9	259	90.0	91.51943462897526
RET	P07949	1114.0	900-909	724-899,910-1016	10	283	2ivu	363	2.5	0	A	9	256	90.0	90.45936395759718
RET	P07949	1114.0	900-909	724-899,910-1016	10	283	6vhg	424	2.303	0	A	9	255	90.0	90.10600706713781
RET	P07949	1114.0	900-909	724-899,910-1016	10	283	4ckj	417	1.65	0	A	9	259	90.0	91.51943462897526
RET	P07949	1114.0	900-909	724-899,910-1016	10	283	2ivv	409	2.25	0	A	9	253	90.0	89.39929328621908
RET	P07949	1114.0	900-909	724-899,910-1016	10	283	2ivt	354	2.6	0	A	9	258	90.0	91.16607773851591
RET	P07949	1114.0	900-909	724-899,910-1016	10	283	2x2l	364	2.0	0	A	9	256	90.0	90.45936395759718
RET	P07949	1114.0	900-909	724-899,910-1016	10	283	6i83	397	1.88	0	A	9	258	90.0	91.16607773851591
CBL	P22681	906.0	353-380	381-435	28	55	1fbv	395	2.9	0	A	28	54	100.0	98.18181818181819
CBL	P22681	906.0	353-380	381-435	28	55	4a4b	407	2.789	0	A	27	55	96.42857142857143	100.0
CBL	P22681	906.0	353-380	381-435	28	55	4a4c	401	2.704	0	A	27	55	96.42857142857143	100.0
CBL	P22681	906.0	353-380	381-435	28	55	2k4d	85		0	A	26	55	92.85714285714286	100.0
CBL	P22681	906.0	353-380	381-435	28	55	2k4d	85		1	A	26	55	92.85714285714286	100.0
CBL	P22681	906.0	353-380	381-435	28	55	2k4d	85		2	A	26	55	92.85714285714286	100.0
CBL	P22681	906.0	353-380	381-435	28	55	2k4d	85		3	A	26	55	92.85714285714286	100.0
CBL	P22681	906.0	353-380	381-435	28	55	2k4d	85		4	A	26	55	92.85714285714286	100.0
CBL	P22681	906.0	353-380	381-435	28	55	2k4d	85		5	A	26	55	92.85714285714286	100.0
CBL	P22681	906.0	353-380	381-435	28	55	2k4d	85		6	A	26	55	92.85714285714286	100.0
CBL	P22681	906.0	353-380	381-435	28	55	2k4d	85		7	A	26	55	92.85714285714286	100.0
CBL	P22681	906.0	353-380	381-435	28	55	2k4d	85		8	A	26	55	92.85714285714286	100.0
CBL	P22681	906.0	353-380	381-435	28	55	2k4d	85		9	A	26	55	92.85714285714286	100.0
CBL	P22681	906.0	353-380	381-435	28	55	2k4d	85		10	A	26	55	92.85714285714286	100.0
CBL	P22681	906.0	353-380	381-435	28	55	2k4d	85		11	A	26	55	92.85714285714286	100.0
CBL	P22681	906.0	353-380	381-435	28	55	2k4d	85		12	A	26	55	92.85714285714286	100.0
CBL	P22681	906.0	353-380	381-435	28	55	2k4d	85		13	A	26	55	92.85714285714286	100.0
CBL	P22681	906.0	353-380	381-435	28	55	2k4d	85		14	A	26	55	92.85714285714286	100.0
CBL	P22681	906.0	353-380	381-435	28	55	2k4d	85		15	A	26	55	92.85714285714286	100.0
CBL	P22681	906.0	353-380	381-435	28	55	2k4d	85		16	A	26	55	92.85714285714286	100.0
CBL	P22681	906.0	353-380	381-435	28	55	2k4d	85		17	A	26	55	92.85714285714286	100.0
CBL	P22681	906.0	353-380	381-435	28	55	2k4d	85		18	A	26	55	92.85714285714286	100.0
CBL	P22681	906.0	353-380	381-435	28	55	2k4d	85		19	A	26	55	92.85714285714286	100.0
SMYD3	Q9H7B4	428.0	280-428	4-240	149	237	3mek	602	2.1	0	A	139	232	93.28859060402685	97.8902953586498
SMYD3	Q9H7B4	428.0	280-428	4-240	149	237	5ex3	526	2.408	0	A	149	237	100.0	100.0
SMYD3	Q9H7B4	428.0	280-428	4-240	149	237	5xxg	585	2.14	0	A	146	237	97.98657718120806	100.0
SMYD3	Q9H7B4	428.0	280-428	4-240	149	237	6p6k	831	1.55	0	A	149	235	100.0	99.15611814345992
SMYD3	Q9H7B4	428.0	280-428	4-240	149	237	7o2c	976	1.52	0	A	149	237	100.0	100.0
SMYD3	Q9H7B4	428.0	280-428	4-240	149	237	5xxd	572	2.314	0	A	146	237	97.98657718120806	100.0
SMYD3	Q9H7B4	428.0	280-428	4-240	149	237	6p7z	982	1.19	0	A	149	236	100.0	99.57805907172997
SMYD3	Q9H7B4	428.0	280-428	4-240	149	237	5ccm	551	2.3	0	A	146	237	97.98657718120806	100.0
SMYD3	Q9H7B4	428.0	280-428	4-240	149	237	6zrb	843	1.55	0	A	148	237	99.32885906040269	100.0
SMYD3	Q9H7B4	428.0	280-428	4-240	149	237	3qwp	922	1.53	0	A	148	237	99.32885906040269	100.0
SMYD3	Q9H7B4	428.0	280-428	4-240	149	237	6paf	919	1.241	0	A	149	234	100.0	98.73417721518987
SMYD3	Q9H7B4	428.0	280-428	4-240	149	237	7bj1	958	1.61	0	A	149	237	100.0	100.0
SMYD3	Q9H7B4	428.0	280-428	4-240	149	237	6p6g	827	1.59	0	A	149	237	100.0	100.0
SMYD3	Q9H7B4	428.0	280-428	4-240	149	237	7o2a	915	1.57	0	A	149	237	100.0	100.0
SMYD3	Q9H7B4	428.0	280-428	4-240	149	237	3oxl	430	3.6	0	A	147	237	98.65771812080537	100.0
SMYD3	Q9H7B4	428.0	280-428	4-240	149	237	5yjo	586	2.135	0	A	146	237	97.98657718120806	100.0
SMYD3	Q9H7B4	428.0	280-428	4-240	149	237	5ccl	881	1.5	0	A	148	237	99.32885906040269	100.0
SMYD3	Q9H7B4	428.0	280-428	4-240	149	237	6ijl	528	2.351	0	A	146	237	97.98657718120806	100.0
SMYD3	Q9H7B4	428.0	280-428	4-240	149	237	5ex0	549	2.7	0	A	149	237	100.0	100.0
SMYD3	Q9H7B4	428.0	280-428	4-240	149	237	6o9o	827	1.586	0	A	149	237	100.0	100.0
SMYD3	Q9H7B4	428.0	280-428	4-240	149	237	5xxj	590	1.689	0	A	146	237	97.98657718120806	100.0
SMYD3	Q9H7B4	428.0	280-428	4-240	149	237	3oxg	428	3.41	0	A	147	237	98.65771812080537	100.0
SMYD3	Q9H7B4	428.0	280-428	4-240	149	237	5v37	933	1.42	0	A	147	237	98.65771812080537	100.0
SMYD3	Q9H7B4	428.0	280-428	4-240	149	237	6yuh	685	1.93	0	A	148	237	99.32885906040269	100.0
SMYD3	Q9H7B4	428.0	280-428	4-240	149	237	3pdn	1084	1.7	0	A	149	237	100.0	100.0
SMYD3	Q9H7B4	428.0	280-428	4-240	149	237	5hi7	552	2.15	0	A	149	237	100.0	100.0
SMYD3	Q9H7B4	428.0	280-428	4-240	149	237	7o2b	635	2.03	0	A	149	237	100.0	100.0
KIT	P10721	976.0	544-583	589-937	40	349	4hvs	435	1.9	0	A	36	285	90.0	81.66189111747852
KIT	P10721	976.0	544-583	589-937	40	349	3g0e	649	1.6	0	A	40	285	100.0	81.66189111747852
KIT	P10721	976.0	544-583	589-937	40	349	1t45	497	1.9	0	A	37	289	92.5	82.8080229226361
KIT	P10721	976.0	544-583	589-937	40	349	7khg	518	2.15	0	A	37	285	92.5	81.66189111747852
MAPKAPK2	P49137	400.0	328-364	64-325	37	262	3m42	412	2.68	0	A	37	234	100.0	89.31297709923665
MAPKAPK2	P49137	400.0	328-364	64-325	37	262	3kga	392	2.55	0	A	37	234	100.0	89.31297709923665
MAPKAPK2	P49137	400.0	328-364	64-325	37	262	3m2w	427	2.41	0	A	37	234	100.0	89.31297709923665
MAPKAPK2	P49137	400.0	328-364	64-325	37	262	2oza	364	2.7	0	A	37	254	100.0	96.94656488549617
MAPKAPK2	P49137	400.0	328-364	64-325	37	262	4tyh	339	3.0	0	A	37	251	100.0	95.80152671755725
MAPKAPK2	P49137	400.0	328-364	64-325	37	262	3ka0	281	2.9	0	A	37	223	100.0	85.1145038167939
NSD3	Q9BZ95	1437.0	1145-1257	1258-1273	114	16	6cen	454	1.61	0	A	114	13	100.0	81.25
BIRC2	Q13490	618.0	453-543	571-606	91	36	3t6p	517	1.897	0	A	91	36	100.0	100.0
CSF1R	P07333	972.0	542-574	582-910	33	329	3bea	483	2.02	0	A	28	264	84.84848484848484	80.24316109422493
CSF1R	P07333	972.0	542-574	582-910	33	329	2ogv	408	2.7	0	A	32	270	96.96969696969697	82.06686930091185
MLKL	Q8NB16	471.0	133-150	1-124	18	124	6d74	156		0	A	18	124	100.0	100.0
MLKL	Q8NB16	471.0	133-150	1-124	18	124	6d74	156		1	A	18	124	100.0	100.0
MLKL	Q8NB16	471.0	133-150	1-124	18	124	6d74	156		2	A	18	124	100.0	100.0
MLKL	Q8NB16	471.0	133-150	1-124	18	124	6d74	156		3	A	18	124	100.0	100.0
MLKL	Q8NB16	471.0	133-150	1-124	18	124	6d74	156		4	A	18	124	100.0	100.0
MLKL	Q8NB16	471.0	133-150	1-124	18	124	6d74	156		5	A	18	124	100.0	100.0
MLKL	Q8NB16	471.0	133-150	1-124	18	124	6d74	156		6	A	18	124	100.0	100.0
MLKL	Q8NB16	471.0	133-150	1-124	18	124	6d74	156		7	A	18	124	100.0	100.0
MLKL	Q8NB16	471.0	133-150	1-124	18	124	6d74	156		8	A	18	124	100.0	100.0
MLKL	Q8NB16	471.0	133-150	1-124	18	124	6d74	156		9	A	18	124	100.0	100.0
MLKL	Q8NB16	471.0	133-150	1-124	18	124	6d74	156		10	A	18	124	100.0	100.0
MLKL	Q8NB16	471.0	133-150	1-124	18	124	6d74	156		11	A	18	124	100.0	100.0
MLKL	Q8NB16	471.0	133-150	1-124	18	124	6d74	156		12	A	18	124	100.0	100.0
MLKL	Q8NB16	471.0	133-150	1-124	18	124	6d74	156		13	A	18	124	100.0	100.0
MLKL	Q8NB16	471.0	133-150	1-124	18	124	6d74	156		14	A	18	124	100.0	100.0
MLKL	Q8NB16	471.0	133-150	1-124	18	124	6d74	156		15	A	18	124	100.0	100.0
MLKL	Q8NB16	471.0	133-150	1-124	18	124	6d74	156		16	A	18	124	100.0	100.0
MLKL	Q8NB16	471.0	133-150	1-124	18	124	6d74	156		17	A	18	124	100.0	100.0
MLKL	Q8NB16	471.0	133-150	1-124	18	124	6d74	156		18	A	18	124	100.0	100.0
MLKL	Q8NB16	471.0	133-150	1-124	18	124	6d74	156		19	A	18	124	100.0	100.0
MLKL	Q8NB16	471.0	133-150	1-124	18	124	7nm4	158		0	A	18	124	100.0	100.0
MLKL	Q8NB16	471.0	133-150	1-124	18	124	7nm4	158		1	A	18	124	100.0	100.0
MLKL	Q8NB16	471.0	133-150	1-124	18	124	7nm4	158		2	A	18	124	100.0	100.0
MLKL	Q8NB16	471.0	133-150	1-124	18	124	7nm4	158		3	A	18	124	100.0	100.0
MLKL	Q8NB16	471.0	133-150	1-124	18	124	7nm4	158		4	A	18	124	100.0	100.0
MLKL	Q8NB16	471.0	133-150	1-124	18	124	7nm4	158		5	A	18	124	100.0	100.0
MLKL	Q8NB16	471.0	133-150	1-124	18	124	7nm4	158		6	A	18	124	100.0	100.0
MLKL	Q8NB16	471.0	133-150	1-124	18	124	7nm4	158		7	A	18	124	100.0	100.0
MLKL	Q8NB16	471.0	133-150	1-124	18	124	7nm4	158		8	A	18	124	100.0	100.0
MLKL	Q8NB16	471.0	133-150	1-124	18	124	7nm4	158		9	A	18	124	100.0	100.0
MLKL	Q8NB16	471.0	133-150	1-124	18	124	7nm4	158		10	A	18	124	100.0	100.0
MLKL	Q8NB16	471.0	133-150	1-124	18	124	7nm4	158		11	A	18	124	100.0	100.0
MLKL	Q8NB16	471.0	133-150	1-124	18	124	7nm4	158		12	A	18	124	100.0	100.0
MLKL	Q8NB16	471.0	133-150	1-124	18	124	7nm4	158		13	A	18	124	100.0	100.0
MLKL	Q8NB16	471.0	133-150	1-124	18	124	7nm4	158		14	A	18	124	100.0	100.0
MLKL	Q8NB16	471.0	133-150	1-124	18	124	7nm4	158		15	A	18	124	100.0	100.0
MLKL	Q8NB16	471.0	133-150	1-124	18	124	7nm4	158		16	A	18	124	100.0	100.0
MLKL	Q8NB16	471.0	133-150	1-124	18	124	7nm4	158		17	A	18	124	100.0	100.0
MLKL	Q8NB16	471.0	133-150	1-124	18	124	7nm4	158		18	A	18	124	100.0	100.0
MLKL	Q8NB16	471.0	133-150	1-124	18	124	7nm4	158		19	A	18	124	100.0	100.0
MLKL	Q8NB16	471.0	133-150	1-124	18	124	7nm2	158		0	A	18	124	100.0	100.0
MLKL	Q8NB16	471.0	133-150	1-124	18	124	7nm2	158		1	A	18	124	100.0	100.0
MLKL	Q8NB16	471.0	133-150	1-124	18	124	7nm2	158		2	A	18	124	100.0	100.0
MLKL	Q8NB16	471.0	133-150	1-124	18	124	7nm2	158		3	A	18	124	100.0	100.0
MLKL	Q8NB16	471.0	133-150	1-124	18	124	7nm2	158		4	A	18	124	100.0	100.0
MLKL	Q8NB16	471.0	133-150	1-124	18	124	7nm2	158		5	A	18	124	100.0	100.0
MLKL	Q8NB16	471.0	133-150	1-124	18	124	7nm2	158		6	A	18	124	100.0	100.0
MLKL	Q8NB16	471.0	133-150	1-124	18	124	7nm2	158		7	A	18	124	100.0	100.0
MLKL	Q8NB16	471.0	133-150	1-124	18	124	7nm2	158		8	A	18	124	100.0	100.0
MLKL	Q8NB16	471.0	133-150	1-124	18	124	7nm2	158		9	A	18	124	100.0	100.0
MLKL	Q8NB16	471.0	133-150	1-124	18	124	7nm2	158		10	A	18	124	100.0	100.0
MLKL	Q8NB16	471.0	133-150	1-124	18	124	7nm2	158		11	A	18	124	100.0	100.0
MLKL	Q8NB16	471.0	133-150	1-124	18	124	7nm2	158		12	A	18	124	100.0	100.0
MLKL	Q8NB16	471.0	133-150	1-124	18	124	7nm2	158		13	A	18	124	100.0	100.0
MLKL	Q8NB16	471.0	133-150	1-124	18	124	7nm2	158		14	A	18	124	100.0	100.0
MLKL	Q8NB16	471.0	133-150	1-124	18	124	7nm2	158		15	A	18	124	100.0	100.0
MLKL	Q8NB16	471.0	133-150	1-124	18	124	7nm2	158		16	A	18	124	100.0	100.0
MLKL	Q8NB16	471.0	133-150	1-124	18	124	7nm2	158		17	A	18	124	100.0	100.0
MLKL	Q8NB16	471.0	133-150	1-124	18	124	7nm2	158		18	A	18	124	100.0	100.0
MLKL	Q8NB16	471.0	133-150	1-124	18	124	7nm2	158		19	A	18	124	100.0	100.0
MLKL	Q8NB16	471.0	133-150	1-124	18	124	6ux8	163	2.5	0	A	18	124	100.0	100.0
MLKL	Q8NB16	471.0	133-150	1-124	18	124	6zpr	158		0	A	18	124	100.0	100.0
MLKL	Q8NB16	471.0	133-150	1-124	18	124	6zpr	158		1	A	18	124	100.0	100.0
MLKL	Q8NB16	471.0	133-150	1-124	18	124	6zpr	158		2	A	18	124	100.0	100.0
MLKL	Q8NB16	471.0	133-150	1-124	18	124	6zpr	158		3	A	18	124	100.0	100.0
MLKL	Q8NB16	471.0	133-150	1-124	18	124	6zpr	158		4	A	18	124	100.0	100.0
MLKL	Q8NB16	471.0	133-150	1-124	18	124	6zpr	158		5	A	18	124	100.0	100.0
MLKL	Q8NB16	471.0	133-150	1-124	18	124	6zpr	158		6	A	18	124	100.0	100.0
MLKL	Q8NB16	471.0	133-150	1-124	18	124	6zpr	158		7	A	18	124	100.0	100.0
MLKL	Q8NB16	471.0	133-150	1-124	18	124	6zpr	158		8	A	18	124	100.0	100.0
MLKL	Q8NB16	471.0	133-150	1-124	18	124	6zpr	158		9	A	18	124	100.0	100.0
MLKL	Q8NB16	471.0	133-150	1-124	18	124	6zpr	158		10	A	18	124	100.0	100.0
MLKL	Q8NB16	471.0	133-150	1-124	18	124	6zpr	158		11	A	18	124	100.0	100.0
MLKL	Q8NB16	471.0	133-150	1-124	18	124	6zpr	158		12	A	18	124	100.0	100.0
MLKL	Q8NB16	471.0	133-150	1-124	18	124	6zpr	158		13	A	18	124	100.0	100.0
MLKL	Q8NB16	471.0	133-150	1-124	18	124	6zpr	158		14	A	18	124	100.0	100.0
MLKL	Q8NB16	471.0	133-150	1-124	18	124	6zpr	158		15	A	18	124	100.0	100.0
MLKL	Q8NB16	471.0	133-150	1-124	18	124	6zpr	158		16	A	18	124	100.0	100.0
MLKL	Q8NB16	471.0	133-150	1-124	18	124	6zpr	158		17	A	18	124	100.0	100.0
MLKL	Q8NB16	471.0	133-150	1-124	18	124	6zpr	158		18	A	18	124	100.0	100.0
MLKL	Q8NB16	471.0	133-150	1-124	18	124	6zpr	158		19	A	18	124	100.0	100.0
MLKL	Q8NB16	471.0	133-150	1-124	18	124	6zle	157		0	A	18	124	100.0	100.0
MLKL	Q8NB16	471.0	133-150	1-124	18	124	6zle	157		1	A	18	124	100.0	100.0
MLKL	Q8NB16	471.0	133-150	1-124	18	124	6zle	157		2	A	18	124	100.0	100.0
MLKL	Q8NB16	471.0	133-150	1-124	18	124	6zle	157		3	A	18	124	100.0	100.0
MLKL	Q8NB16	471.0	133-150	1-124	18	124	6zle	157		4	A	18	124	100.0	100.0
MLKL	Q8NB16	471.0	133-150	1-124	18	124	6zle	157		5	A	18	124	100.0	100.0
MLKL	Q8NB16	471.0	133-150	1-124	18	124	6zle	157		6	A	18	124	100.0	100.0
MLKL	Q8NB16	471.0	133-150	1-124	18	124	6zle	157		7	A	18	124	100.0	100.0
MLKL	Q8NB16	471.0	133-150	1-124	18	124	6zle	157		8	A	18	124	100.0	100.0
MLKL	Q8NB16	471.0	133-150	1-124	18	124	6zle	157		9	A	18	124	100.0	100.0
MLKL	Q8NB16	471.0	133-150	1-124	18	124	6zle	157		10	A	18	124	100.0	100.0
MLKL	Q8NB16	471.0	133-150	1-124	18	124	6zle	157		11	A	18	124	100.0	100.0
MLKL	Q8NB16	471.0	133-150	1-124	18	124	6zle	157		12	A	18	124	100.0	100.0
MLKL	Q8NB16	471.0	133-150	1-124	18	124	6zle	157		13	A	18	124	100.0	100.0
MLKL	Q8NB16	471.0	133-150	1-124	18	124	6zle	157		14	A	18	124	100.0	100.0
MLKL	Q8NB16	471.0	133-150	1-124	18	124	6zle	157		15	A	18	124	100.0	100.0
MLKL	Q8NB16	471.0	133-150	1-124	18	124	6zle	157		16	A	18	124	100.0	100.0
MLKL	Q8NB16	471.0	133-150	1-124	18	124	6zle	157		17	A	18	124	100.0	100.0
MLKL	Q8NB16	471.0	133-150	1-124	18	124	6zle	157		18	A	18	124	100.0	100.0
MLKL	Q8NB16	471.0	133-150	1-124	18	124	6zle	157		19	A	18	124	100.0	100.0
MLKL	Q8NB16	471.0	133-150	1-124	18	124	2msv	154		0	A	18	124	100.0	100.0
MLKL	Q8NB16	471.0	133-150	1-124	18	124	2msv	154		1	A	18	124	100.0	100.0
MLKL	Q8NB16	471.0	133-150	1-124	18	124	2msv	154		2	A	18	124	100.0	100.0
MLKL	Q8NB16	471.0	133-150	1-124	18	124	2msv	154		3	A	18	124	100.0	100.0
MLKL	Q8NB16	471.0	133-150	1-124	18	124	2msv	154		4	A	18	124	100.0	100.0
MLKL	Q8NB16	471.0	133-150	1-124	18	124	2msv	154		5	A	18	124	100.0	100.0
MLKL	Q8NB16	471.0	133-150	1-124	18	124	2msv	154		6	A	18	124	100.0	100.0
MLKL	Q8NB16	471.0	133-150	1-124	18	124	2msv	154		7	A	18	124	100.0	100.0
MLKL	Q8NB16	471.0	133-150	1-124	18	124	2msv	154		8	A	18	124	100.0	100.0
MLKL	Q8NB16	471.0	133-150	1-124	18	124	2msv	154		9	A	18	124	100.0	100.0
MLKL	Q8NB16	471.0	133-150	1-124	18	124	2msv	154		10	A	18	124	100.0	100.0
MLKL	Q8NB16	471.0	133-150	1-124	18	124	2msv	154		11	A	18	124	100.0	100.0
MLKL	Q8NB16	471.0	133-150	1-124	18	124	2msv	154		12	A	18	124	100.0	100.0
MLKL	Q8NB16	471.0	133-150	1-124	18	124	2msv	154		13	A	18	124	100.0	100.0
MLKL	Q8NB16	471.0	133-150	1-124	18	124	2msv	154		14	A	18	124	100.0	100.0
MLKL	Q8NB16	471.0	133-150	1-124	18	124	2msv	154		15	A	18	124	100.0	100.0
MLKL	Q8NB16	471.0	133-150	1-124	18	124	2msv	154		16	A	18	124	100.0	100.0
MLKL	Q8NB16	471.0	133-150	1-124	18	124	2msv	154		17	A	18	124	100.0	100.0
MLKL	Q8NB16	471.0	133-150	1-124	18	124	2msv	154		18	A	18	124	100.0	100.0
MLKL	Q8NB16	471.0	133-150	1-124	18	124	2msv	154		19	A	18	124	100.0	100.0
MLKL	Q8NB16	471.0	133-150	1-124	18	124	7nm5	158		0	A	18	124	100.0	100.0
MLKL	Q8NB16	471.0	133-150	1-124	18	124	7nm5	158		1	A	18	124	100.0	100.0
MLKL	Q8NB16	471.0	133-150	1-124	18	124	7nm5	158		2	A	18	124	100.0	100.0
MLKL	Q8NB16	471.0	133-150	1-124	18	124	7nm5	158		3	A	18	124	100.0	100.0
MLKL	Q8NB16	471.0	133-150	1-124	18	124	7nm5	158		4	A	18	124	100.0	100.0
MLKL	Q8NB16	471.0	133-150	1-124	18	124	7nm5	158		5	A	18	124	100.0	100.0
MLKL	Q8NB16	471.0	133-150	1-124	18	124	7nm5	158		6	A	18	124	100.0	100.0
MLKL	Q8NB16	471.0	133-150	1-124	18	124	7nm5	158		7	A	18	124	100.0	100.0
MLKL	Q8NB16	471.0	133-150	1-124	18	124	7nm5	158		8	A	18	124	100.0	100.0
MLKL	Q8NB16	471.0	133-150	1-124	18	124	7nm5	158		9	A	18	124	100.0	100.0
MLKL	Q8NB16	471.0	133-150	1-124	18	124	7nm5	158		10	A	18	124	100.0	100.0
MLKL	Q8NB16	471.0	133-150	1-124	18	124	7nm5	158		11	A	18	124	100.0	100.0
MLKL	Q8NB16	471.0	133-150	1-124	18	124	7nm5	158		12	A	18	124	100.0	100.0
MLKL	Q8NB16	471.0	133-150	1-124	18	124	7nm5	158		13	A	18	124	100.0	100.0
MLKL	Q8NB16	471.0	133-150	1-124	18	124	7nm5	158		14	A	18	124	100.0	100.0
MLKL	Q8NB16	471.0	133-150	1-124	18	124	7nm5	158		15	A	18	124	100.0	100.0
MLKL	Q8NB16	471.0	133-150	1-124	18	124	7nm5	158		16	A	18	124	100.0	100.0
MLKL	Q8NB16	471.0	133-150	1-124	18	124	7nm5	158		17	A	18	124	100.0	100.0
MLKL	Q8NB16	471.0	133-150	1-124	18	124	7nm5	158		18	A	18	124	100.0	100.0
MLKL	Q8NB16	471.0	133-150	1-124	18	124	7nm5	158		19	A	18	124	100.0	100.0
DNMT3A	Q9Y6K1	912.0	476-626	634-912	151	279	4u7p	430	3.821	0	A	151	266	100.0	95.3405017921147
PARP2	Q9UGN5	583.0	231-348	356-538	118	183	4zzy	432	2.2	0	A	118	183	100.0	100.0
PARP2	Q9UGN5	583.0	231-348	356-538	118	183	7aeo	458	2.8	0	A	108	183	91.52542372881356	100.0
DNMT1	P26358	1616.0	647-714	1140-1602	68	463	3swr	1284	2.49	0	A	68	461	100.0	99.56803455723542
DNMT1	P26358	1616.0	647-714	1140-1602	68	463	3pta	909	3.6	0	A	68	457	100.0	98.70410367170626
BID	P55957	195.0	21-51	60-195	31	136	2bid	197		0	A	31	136	100.0	100.0
BID	P55957	195.0	21-51	60-195	31	136	2bid	197		1	A	31	136	100.0	100.0
BID	P55957	195.0	21-51	60-195	31	136	2bid	197		2	A	31	136	100.0	100.0
BID	P55957	195.0	21-51	60-195	31	136	2bid	197		3	A	31	136	100.0	100.0
BID	P55957	195.0	21-51	60-195	31	136	2bid	197		4	A	31	136	100.0	100.0
BID	P55957	195.0	21-51	60-195	31	136	2bid	197		5	A	31	136	100.0	100.0
BID	P55957	195.0	21-51	60-195	31	136	2bid	197		6	A	31	136	100.0	100.0
BID	P55957	195.0	21-51	60-195	31	136	2bid	197		7	A	31	136	100.0	100.0
BID	P55957	195.0	21-51	60-195	31	136	2bid	197		8	A	31	136	100.0	100.0
BID	P55957	195.0	21-51	60-195	31	136	2bid	197		9	A	31	136	100.0	100.0
BID	P55957	195.0	21-51	60-195	31	136	2bid	197		10	A	31	136	100.0	100.0
BID	P55957	195.0	21-51	60-195	31	136	2bid	197		11	A	31	136	100.0	100.0
BID	P55957	195.0	21-51	60-195	31	136	2bid	197		12	A	31	136	100.0	100.0
BID	P55957	195.0	21-51	60-195	31	136	2bid	197		13	A	31	136	100.0	100.0
BID	P55957	195.0	21-51	60-195	31	136	2bid	197		14	A	31	136	100.0	100.0
OTULIN	Q96BN8	352.0	330-339	129-329,340-341	11	213	3znv	608	1.3	0	A	11	202	100.0	94.83568075117371
OTULIN	Q96BN8	352.0	330-339	129-329,340-341	11	213	3znx	595	1.35	0	A	11	194	100.0	91.07981220657277
OTULIN	Q96BN8	352.0	330-339	129-329,340-341	11	213	3znz	549	1.9	0	A	11	194	100.0	91.07981220657277
OTULIN	Q96BN8	352.0	330-339	129-329,340-341	11	213	4ksj	484	1.6	0	A	11	188	100.0	88.26291079812206
OTULIN	Q96BN8	352.0	330-339	129-329,340-341	11	213	6i9c	518	1.77	0	A	11	194	100.0	91.07981220657277
OTULIN	Q96BN8	352.0	330-339	129-329,340-341	11	213	5oe7	266	2.95	0	A	11	195	100.0	91.54929577464789
PTPN6	P29350	595.0	1-105	244-515	105	272	2b3o	523	2.8	0	A	104	272	99.04761904761905	100.0
PTPN6	P29350	595.0	1-105	244-515	105	272	3ps5	551	3.1	0	A	105	272	100.0	100.0
DDX3X	O00571	662.0	132-181	211-575	50	365	6cz5	428	3.0	0	A	41	357	82.0	97.80821917808218
DDX3X	O00571	662.0	132-181	211-575	50	365	4pxa	448	3.2	0	A	47	365	94.0	100.0
ACTN2	P35609	894.0	259-307	753-824	49	72	4d1e	859	3.5	0	A	49	72	100.0	100.0
PREX1	Q8TCU6	1659.0	409-499	49-240,271-392	91	314	7syf	1391	2.285	0	A	87	289	95.6043956043956	92.03821656050955
CRK	P46108	304.0	239-294	132-192	56	61	2eyz	304		0	A	56	61	100.0	100.0
ARIH1	Q9Y4X5	557.0	408-557	339-392	150	54	4kc9	420	3.603	0	A	140	52	93.33333333333333	96.29629629629629
ETS1	P27577	440.0	304-310,416-441	335-415	33	81	1r36	140		0	A	32	81	96.96969696969697	100.0
ETS1	P27577	440.0	304-310,416-441	335-415	33	81	1r36	140		1	A	32	81	96.96969696969697	100.0
ETS1	P27577	440.0	304-310,416-441	335-415	33	81	1r36	140		2	A	32	81	96.96969696969697	100.0
ETS1	P27577	440.0	304-310,416-441	335-415	33	81	1r36	140		3	A	32	81	96.96969696969697	100.0
ETS1	P27577	440.0	304-310,416-441	335-415	33	81	1r36	140		4	A	32	81	96.96969696969697	100.0
ETS1	P27577	440.0	304-310,416-441	335-415	33	81	1r36	140		5	A	32	81	96.96969696969697	100.0
ETS1	P27577	440.0	304-310,416-441	335-415	33	81	1r36	140		6	A	32	81	96.96969696969697	100.0
ETS1	P27577	440.0	304-310,416-441	335-415	33	81	1r36	140		7	A	32	81	96.96969696969697	100.0
ETS1	P27577	440.0	304-310,416-441	335-415	33	81	1r36	140		8	A	32	81	96.96969696969697	100.0
ETS1	P27577	440.0	304-310,416-441	335-415	33	81	1r36	140		9	A	32	81	96.96969696969697	100.0
ETS1	P27577	440.0	304-310,416-441	335-415	33	81	1r36	140		10	A	32	81	96.96969696969697	100.0
ETS1	P27577	440.0	304-310,416-441	335-415	33	81	1r36	140		11	A	32	81	96.96969696969697	100.0
ETS1	P27577	440.0	304-310,416-441	335-415	33	81	1r36	140		12	A	32	81	96.96969696969697	100.0
ETS1	P27577	440.0	304-310,416-441	335-415	33	81	1r36	140		13	A	32	81	96.96969696969697	100.0
ETS1	P27577	440.0	304-310,416-441	335-415	33	81	1r36	140		14	A	32	81	96.96969696969697	100.0
ETS1	P27577	440.0	304-310,416-441	335-415	33	81	1r36	140		15	A	32	81	96.96969696969697	100.0
ETS1	P27577	440.0	304-310,416-441	335-415	33	81	1r36	140		16	A	32	81	96.96969696969697	100.0
ETS1	P27577	440.0	304-310,416-441	335-415	33	81	1r36	140		17	A	32	81	96.96969696969697	100.0
ETS1	P27577	440.0	304-310,416-441	335-415	33	81	1r36	140		18	A	32	81	96.96969696969697	100.0
ETS1	P27577	440.0	304-310,416-441	335-415	33	81	1r36	140		19	A	32	81	96.96969696969697	100.0
ETS1	P27577	440.0	304-310,416-441	335-415	33	81	1r36	140		20	A	32	81	96.96969696969697	100.0
ETS1	P27577	440.0	304-310,416-441	335-415	33	81	1r36	140		21	A	32	81	96.96969696969697	100.0
ETS1	P27577	440.0	304-310,416-441	335-415	33	81	1r36	140		22	A	32	81	96.96969696969697	100.0
ETS1	P27577	440.0	304-310,416-441	335-415	33	81	1r36	140		23	A	32	81	96.96969696969697	100.0
ETS1	P27577	440.0	304-310,416-441	335-415	33	81	1r36	140		24	A	32	81	96.96969696969697	100.0
MAVS	Q7Z434	540.0	141-200,251-300	401-450	110	50	2vgq	669	2.1	0	A	110	50	100.0	100.0
VAV1	P15498	845.0	131-178	194-373	48	180	6nf1	609	2.6	0	A	40	180	83.33333333333334	100.0
CYTH3	O08967	399.0	251-265,383-395	77-206	28	130	6bbq	523	1.8	0	A	28	130	100.0	100.0
CYTH3	O08967	399.0	251-265,383-395	77-206	28	130	6bbp	523	1.5	0	A	28	130	100.0	100.0
USP14	P54578	494.0	329-351,429-433	105-328,352-428,434-483	28	379	2ayo	355	3.5	0	A	28	319	100.0	84.1688654353562
USP14	P54578	494.0	329-351,429-433	105-328,352-428,434-483	28	379	7w39	446	3.5	0	W	28	324	100.0	85.4881266490765
WNK3	Q9BYP7	1800.0	440-463	147-405	24	259	5o2c	490	2.4	0	A	24	259	100.0	100.0
	Q95PM0	450.0	96-113	126-342	18	217	7avm	346	2.8	0	A	18	217	100.0	100.0
CRKL	P46109	303.0	129-175	14-102	47	89	2lqn	303		0	A	47	89	100.0	100.0
CRKL	P46109	303.0	129-175	14-102	47	89	2lqn	303		1	A	47	89	100.0	100.0
CRKL	P46109	303.0	129-175	14-102	47	89	2lqn	303		2	A	47	89	100.0	100.0
CRKL	P46109	303.0	129-175	14-102	47	89	2lqn	303		3	A	47	89	100.0	100.0
CRKL	P46109	303.0	129-175	14-102	47	89	2lqn	303		4	A	47	89	100.0	100.0
CRKL	P46109	303.0	129-175	14-102	47	89	2lqn	303		5	A	47	89	100.0	100.0
CRKL	P46109	303.0	129-175	14-102	47	89	2lqn	303		6	A	47	89	100.0	100.0
CRKL	P46109	303.0	129-175	14-102	47	89	2lqn	303		7	A	47	89	100.0	100.0
CRKL	P46109	303.0	129-175	14-102	47	89	2lqn	303		8	A	47	89	100.0	100.0
CRKL	P46109	303.0	129-175	14-102	47	89	2lqn	303		9	A	47	89	100.0	100.0
CRKL	P46109	303.0	129-175	14-102	47	89	2lqn	303		10	A	47	89	100.0	100.0
CRKL	P46109	303.0	129-175	14-102	47	89	2lqn	303		11	A	47	89	100.0	100.0
CRKL	P46109	303.0	129-175	14-102	47	89	2lqn	303		12	A	47	89	100.0	100.0
CRKL	P46109	303.0	129-175	14-102	47	89	2lqn	303		13	A	47	89	100.0	100.0
CRKL	P46109	303.0	129-175	14-102	47	89	2lqn	303		14	A	47	89	100.0	100.0
CRKL	P46109	303.0	129-175	14-102	47	89	2lqn	303		15	A	47	89	100.0	100.0
CRKL	P46109	303.0	129-175	14-102	47	89	2lqn	303		16	A	47	89	100.0	100.0
CRKL	P46109	303.0	129-175	14-102	47	89	2lqn	303		17	A	47	89	100.0	100.0
CRKL	P46109	303.0	129-175	14-102	47	89	2lqn	303		18	A	47	89	100.0	100.0
CRKL	P46109	303.0	129-175	14-102	47	89	2lqn	303		19	A	47	89	100.0	100.0
CRKL	P46109	303.0	129-175	14-102	47	89	2lqw	303		0	A	47	89	100.0	100.0
CRKL	P46109	303.0	129-175	14-102	47	89	2lqw	303		1	A	47	89	100.0	100.0
CRKL	P46109	303.0	129-175	14-102	47	89	2lqw	303		2	A	47	89	100.0	100.0
CRKL	P46109	303.0	129-175	14-102	47	89	2lqw	303		3	A	47	89	100.0	100.0
CRKL	P46109	303.0	129-175	14-102	47	89	2lqw	303		4	A	47	89	100.0	100.0
CRKL	P46109	303.0	129-175	14-102	47	89	2lqw	303		5	A	47	89	100.0	100.0
CRKL	P46109	303.0	129-175	14-102	47	89	2lqw	303		6	A	47	89	100.0	100.0
CRKL	P46109	303.0	129-175	14-102	47	89	2lqw	303		7	A	47	89	100.0	100.0
CRKL	P46109	303.0	129-175	14-102	47	89	2lqw	303		8	A	47	89	100.0	100.0
CRKL	P46109	303.0	129-175	14-102	47	89	2lqw	303		9	A	47	89	100.0	100.0
CRKL	P46109	303.0	129-175	14-102	47	89	2lqw	303		10	A	47	89	100.0	100.0
CRKL	P46109	303.0	129-175	14-102	47	89	2lqw	303		11	A	47	89	100.0	100.0
CRKL	P46109	303.0	129-175	14-102	47	89	2lqw	303		12	A	47	89	100.0	100.0
CRKL	P46109	303.0	129-175	14-102	47	89	2lqw	303		13	A	47	89	100.0	100.0
CRKL	P46109	303.0	129-175	14-102	47	89	2lqw	303		14	A	47	89	100.0	100.0
CRKL	P46109	303.0	129-175	14-102	47	89	2lqw	303		15	A	47	89	100.0	100.0
CRKL	P46109	303.0	129-175	14-102	47	89	2lqw	303		16	A	47	89	100.0	100.0
CRKL	P46109	303.0	129-175	14-102	47	89	2lqw	303		17	A	47	89	100.0	100.0
CRKL	P46109	303.0	129-175	14-102	47	89	2lqw	303		18	A	47	89	100.0	100.0
CRKL	P46109	303.0	129-175	14-102	47	89	2lqw	303		19	A	47	89	100.0	100.0
CAMK2D	Q13557	499.0	283-292	14-272	10	259	2wel	610	1.9	0	A	10	259	100.0	100.0
AIM2	O14862	343.0	29-68	138-337	40	200	3vd8	800	2.0685	0	A	40	200	100.0	100.0
MRE11	Q58719	366.0	290-330	1-289	41	289	3av0	382	3.1	0	A	41	289	100.0	100.0
CHD1L	Q86WJ1	897.0	704-897	351-513	194	163	7epu	750	3.5	0	B	161	139	82.9896907216495	85.2760736196319
	Q8RT31	374.0	201-354	1-190	154	190	4d7r	773	1.8	0	A	152	190	98.7012987012987	100.0
	Q8RT31	374.0	201-354	1-190	154	190	4c7p	348	3.1	0	A	147	190	95.45454545454545	100.0
	Q8RT31	374.0	201-354	1-190	154	190	4d7q	623	2.0	0	A	146	190	94.8051948051948	100.0
NLRP3	Q96P20	1036.0	740-991	220-536	252	317	6npy	799	2.835	0	A	252	311	100.0	98.10725552050474
MAPKAPK3	Q16644		307-343	44-304	37	261	3she	302	2.25	0	A	37	215	100.0	82.37547892720306
MAPKAPK3	Q16644		307-343	44-304	37	261	3fhr	382	1.9	0	A	37	217	100.0	83.14176245210729
MAPKAPK3	Q16644		307-343	44-304	37	261	3r1n	348	2.09	0	A	37	219	100.0	83.9080459770115
MAPKAPK3	Q16644		307-343	44-304	37	261	3fxw	378	2.0	0	A	37	215	100.0	82.37547892720306
MAPKAPK3	Q16644		307-343	44-304	37	261	7nrb	414	1.9	0	A	37	217	100.0	83.14176245210729
MAP2K6	P52564	334.0	251-277	53-250,278-314	27	262	8a8m	301	3.0	0	B	27	222	100.0	84.7328244274809
MAP2K6	P52564	334.0	251-277	53-250,278-314	27	262	3fme	316	2.26	0	A	27	215	100.0	82.06106870229007
MAP2K6	P52564	334.0	251-277	53-250,278-314	27	262	3vn9	311	2.6	0	A	27	235	100.0	89.69465648854961
	A0A0R4I961	279.0	155-279	3-147	125	145	6gu0	500	2.501	0	A	125	145	100.0	100.0
TRERF1	P60240		1-110	147-416,441-659	110	489	7m8e	967	1.84	0	F	109	489	99.0909090909091	100.0
CAMK1	Q14012	370.0	286-300	20-276	15	257	4fgb	340	2.6	0	A	14	249	93.33333333333333	96.88715953307393
ARHGEF4	Q9NR80	690.0	129-179	284-468	51	185	2dx1	449	2.36	0	A	49	182	96.07843137254902	98.37837837837839
ETV6	P97360	485.0	426-435	335-416	10	82	2lf8	128		0	A	10	82	100.0	100.0
ETV6	P97360	485.0	426-435	335-416	10	82	2lf8	128		1	A	10	82	100.0	100.0
ETV6	P97360	485.0	426-435	335-416	10	82	2lf8	128		2	A	10	82	100.0	100.0
ETV6	P97360	485.0	426-435	335-416	10	82	2lf8	128		3	A	10	82	100.0	100.0
ETV6	P97360	485.0	426-435	335-416	10	82	2lf8	128		4	A	10	82	100.0	100.0
ETV6	P97360	485.0	426-435	335-416	10	82	2lf8	128		5	A	10	82	100.0	100.0
ETV6	P97360	485.0	426-435	335-416	10	82	2lf8	128		6	A	10	82	100.0	100.0
ETV6	P97360	485.0	426-435	335-416	10	82	2lf8	128		7	A	10	82	100.0	100.0
ETV6	P97360	485.0	426-435	335-416	10	82	2lf8	128		8	A	10	82	100.0	100.0
ETV6	P97360	485.0	426-435	335-416	10	82	2lf8	128		9	A	10	82	100.0	100.0
ETV6	P97360	485.0	426-435	335-416	10	82	2lf8	128		10	A	10	82	100.0	100.0
ETV6	P97360	485.0	426-435	335-416	10	82	2lf8	128		11	A	10	82	100.0	100.0
ETV6	P97360	485.0	426-435	335-416	10	82	2lf8	128		12	A	10	82	100.0	100.0
ETV6	P97360	485.0	426-435	335-416	10	82	2lf8	128		13	A	10	82	100.0	100.0
ETV6	P97360	485.0	426-435	335-416	10	82	2lf8	128		14	A	10	82	100.0	100.0
ETV6	P97360	485.0	426-435	335-416	10	82	2lf8	128		15	A	10	82	100.0	100.0
ETV6	P97360	485.0	426-435	335-416	10	82	2lf8	128		16	A	10	82	100.0	100.0
ETV6	P97360	485.0	426-435	335-416	10	82	2lf8	128		17	A	10	82	100.0	100.0
ETV6	P97360	485.0	426-435	335-416	10	82	2lf8	128		18	A	10	82	100.0	100.0
ETV6	P97360	485.0	426-435	335-416	10	82	2lf7	106		0	A	10	82	100.0	100.0
ETV6	P97360	485.0	426-435	335-416	10	82	2lf7	106		1	A	10	82	100.0	100.0
ETV6	P97360	485.0	426-435	335-416	10	82	2lf7	106		2	A	10	82	100.0	100.0
ETV6	P97360	485.0	426-435	335-416	10	82	2lf7	106		3	A	10	82	100.0	100.0
ETV6	P97360	485.0	426-435	335-416	10	82	2lf7	106		4	A	10	82	100.0	100.0
ETV6	P97360	485.0	426-435	335-416	10	82	2lf7	106		5	A	10	82	100.0	100.0
ETV6	P97360	485.0	426-435	335-416	10	82	2lf7	106		6	A	10	82	100.0	100.0
ETV6	P97360	485.0	426-435	335-416	10	82	2lf7	106		7	A	10	82	100.0	100.0
ETV6	P97360	485.0	426-435	335-416	10	82	2lf7	106		8	A	10	82	100.0	100.0
ETV6	P97360	485.0	426-435	335-416	10	82	2lf7	106		9	A	10	82	100.0	100.0
ETV6	P97360	485.0	426-435	335-416	10	82	2lf7	106		10	A	10	82	100.0	100.0
ETV6	P97360	485.0	426-435	335-416	10	82	2lf7	106		11	A	10	82	100.0	100.0
ETV6	P97360	485.0	426-435	335-416	10	82	2lf7	106		12	A	10	82	100.0	100.0
ETV6	P97360	485.0	426-435	335-416	10	82	2lf7	106		13	A	10	82	100.0	100.0
ETV6	P97360	485.0	426-435	335-416	10	82	2lf7	106		14	A	10	82	100.0	100.0
ETV6	P97360	485.0	426-435	335-416	10	82	2lf7	106		15	A	10	82	100.0	100.0
ETV6	P97360	485.0	426-435	335-416	10	82	2lf7	106		16	A	10	82	100.0	100.0
ETV6	P97360	485.0	426-435	335-416	10	82	2lf7	106		17	A	10	82	100.0	100.0
ETV6	P97360	485.0	426-435	335-416	10	82	2lf7	106		18	A	10	82	100.0	100.0
ETV6	P97360	485.0	426-435	335-416	10	82	2lf7	106		19	A	10	82	100.0	100.0
PPP3CB	P16298	524.0	417-423,474-496	22-357	30	336	4or9	598	2.23	0	A	25	336	83.33333333333334	100.0
OTUD7B	Q6GQQ9	843.0	187-193	194-365	7	172	5lrv	294	2.8	0	A	7	150	100.0	87.20930232558139
OTUD7B	Q6GQQ9	843.0	187-193	194-365	7	172	5lru	370	2.2	0	A	7	147	100.0	85.46511627906976
MAP2K4	P45985	399.0	109-136	102-108,137-367	28	238	3alo	318	2.6	0	A	28	232	100.0	97.47899159663865
CRK	Q04929	305.0	225-297	133-193	73	61	2l3s	163		0	A	73	59	100.0	96.72131147540983
CRK	Q04929	305.0	225-297	133-193	73	61	2l3s	163		1	A	73	59	100.0	96.72131147540983
CRK	Q04929	305.0	225-297	133-193	73	61	2l3s	163		2	A	73	59	100.0	96.72131147540983
CRK	Q04929	305.0	225-297	133-193	73	61	2l3s	163		3	A	73	59	100.0	96.72131147540983
CRK	Q04929	305.0	225-297	133-193	73	61	2l3s	163		4	A	73	59	100.0	96.72131147540983
CRK	Q04929	305.0	225-297	133-193	73	61	2l3s	163		5	A	73	59	100.0	96.72131147540983
CRK	Q04929	305.0	225-297	133-193	73	61	2l3s	163		6	A	73	59	100.0	96.72131147540983
CRK	Q04929	305.0	225-297	133-193	73	61	2l3s	163		7	A	73	59	100.0	96.72131147540983
CRK	Q04929	305.0	225-297	133-193	73	61	2l3s	163		8	A	73	59	100.0	96.72131147540983
CRK	Q04929	305.0	225-297	133-193	73	61	2l3s	163		9	A	73	59	100.0	96.72131147540983
CRK	Q04929	305.0	225-297	133-193	73	61	2l3s	163		10	A	73	59	100.0	96.72131147540983
CRK	Q04929	305.0	225-297	133-193	73	61	2l3s	163		11	A	73	59	100.0	96.72131147540983
CRK	Q04929	305.0	225-297	133-193	73	61	2l3s	163		12	A	73	59	100.0	96.72131147540983
CRK	Q04929	305.0	225-297	133-193	73	61	2l3s	163		13	A	73	59	100.0	96.72131147540983
CRK	Q04929	305.0	225-297	133-193	73	61	2l3s	163		14	A	73	59	100.0	96.72131147540983
CRK	Q04929	305.0	225-297	133-193	73	61	2l3s	163		15	A	73	59	100.0	96.72131147540983
CRK	Q04929	305.0	225-297	133-193	73	61	2l3s	163		16	A	73	59	100.0	96.72131147540983
CRK	Q04929	305.0	225-297	133-193	73	61	2l3s	163		17	A	73	59	100.0	96.72131147540983
CRK	Q04929	305.0	225-297	133-193	73	61	2l3s	163		18	A	73	59	100.0	96.72131147540983
CRK	Q04929	305.0	225-297	133-193	73	61	2l3s	163		19	A	73	59	100.0	96.72131147540983
CAMK1	Q63450	374.0	285-316	20-276	32	257	1a06	401	2.5	0	A	32	229	100.0	89.10505836575877
	Q8NQJ3	143.0	1-40	68-117	40	50	2kb3	143		0	A	39	50	97.5	100.0
	Q8NQJ3	143.0	1-40	68-117	40	50	2kb3	143		1	A	39	50	97.5	100.0
	Q8NQJ3	143.0	1-40	68-117	40	50	2kb3	143		2	A	39	50	97.5	100.0
	Q8NQJ3	143.0	1-40	68-117	40	50	2kb3	143		3	A	39	50	97.5	100.0
	Q8NQJ3	143.0	1-40	68-117	40	50	2kb3	143		4	A	39	50	97.5	100.0
	Q8NQJ3	143.0	1-40	68-117	40	50	2kb3	143		5	A	39	50	97.5	100.0
	Q8NQJ3	143.0	1-40	68-117	40	50	2kb3	143		6	A	39	50	97.5	100.0
	Q8NQJ3	143.0	1-40	68-117	40	50	2kb3	143		7	A	39	50	97.5	100.0
	Q8NQJ3	143.0	1-40	68-117	40	50	2kb3	143		8	A	39	50	97.5	100.0
	Q8NQJ3	143.0	1-40	68-117	40	50	2kb3	143		9	A	39	50	97.5	100.0
	Q8NQJ3	143.0	1-40	68-117	40	50	2kb3	143		10	A	39	50	97.5	100.0
	Q8NQJ3	143.0	1-40	68-117	40	50	2kb3	143		11	A	39	50	97.5	100.0
	Q8NQJ3	143.0	1-40	68-117	40	50	2kb3	143		12	A	39	50	97.5	100.0
	Q8NQJ3	143.0	1-40	68-117	40	50	2kb3	143		13	A	39	50	97.5	100.0
	Q8NQJ3	143.0	1-40	68-117	40	50	2kb3	143		14	A	39	50	97.5	100.0
	Q8NQJ3	143.0	1-40	68-117	40	50	2kb3	143		15	A	39	50	97.5	100.0
	Q8NQJ3	143.0	1-40	68-117	40	50	2kb3	143		16	A	39	50	97.5	100.0
	Q8NQJ3	143.0	1-40	68-117	40	50	2kb3	143		17	A	39	50	97.5	100.0
	Q8NQJ3	143.0	1-40	68-117	40	50	2kb3	143		18	A	39	50	97.5	100.0
	Q8NQJ3	143.0	1-40	68-117	40	50	2kb3	143		19	A	39	50	97.5	100.0
	Q8NQJ3	143.0	1-40	68-117	40	50	2kb3	143		20	A	39	50	97.5	100.0
	Q8NQJ3	143.0	1-40	68-117	40	50	2kb3	143		21	A	39	50	97.5	100.0
	Q8NQJ3	143.0	1-40	68-117	40	50	2kb3	143		22	A	39	50	97.5	100.0
	Q8NQJ3	143.0	1-40	68-117	40	50	2kb3	143		23	A	39	50	97.5	100.0
	Q8NQJ3	143.0	1-40	68-117	40	50	2kb3	143		24	A	39	50	97.5	100.0
	Q8NQJ3	143.0	1-40	68-117	40	50	2kb3	143		25	A	39	50	97.5	100.0
	Q8NQJ3	143.0	1-40	68-117	40	50	2kb3	143		26	A	39	50	97.5	100.0
	Q8NQJ3	143.0	1-40	68-117	40	50	2kb3	143		27	A	39	50	97.5	100.0
	Q8NQJ3	143.0	1-40	68-117	40	50	2kb3	143		28	A	39	50	97.5	100.0
	Q8NQJ3	143.0	1-40	68-117	40	50	2kb3	143		29	A	39	50	97.5	100.0
	Q8NQJ3	143.0	1-40	68-117	40	50	2kb4	143		0	A	40	50	100.0	100.0
	Q8NQJ3	143.0	1-40	68-117	40	50	2kb4	143		1	A	40	50	100.0	100.0
	Q8NQJ3	143.0	1-40	68-117	40	50	2kb4	143		2	A	40	50	100.0	100.0
	Q8NQJ3	143.0	1-40	68-117	40	50	2kb4	143		3	A	40	50	100.0	100.0
	Q8NQJ3	143.0	1-40	68-117	40	50	2kb4	143		4	A	40	50	100.0	100.0
	Q8NQJ3	143.0	1-40	68-117	40	50	2kb4	143		5	A	40	50	100.0	100.0
	Q8NQJ3	143.0	1-40	68-117	40	50	2kb4	143		6	A	40	50	100.0	100.0
	Q8NQJ3	143.0	1-40	68-117	40	50	2kb4	143		7	A	40	50	100.0	100.0
	Q8NQJ3	143.0	1-40	68-117	40	50	2kb4	143		8	A	40	50	100.0	100.0
	Q8NQJ3	143.0	1-40	68-117	40	50	2kb4	143		9	A	40	50	100.0	100.0
	Q8NQJ3	143.0	1-40	68-117	40	50	2kb4	143		10	A	40	50	100.0	100.0
	Q8NQJ3	143.0	1-40	68-117	40	50	2kb4	143		11	A	40	50	100.0	100.0
	Q8NQJ3	143.0	1-40	68-117	40	50	2kb4	143		12	A	40	50	100.0	100.0
	Q8NQJ3	143.0	1-40	68-117	40	50	2kb4	143		13	A	40	50	100.0	100.0
	Q8NQJ3	143.0	1-40	68-117	40	50	2kb4	143		14	A	40	50	100.0	100.0
	Q8NQJ3	143.0	1-40	68-117	40	50	2kb4	143		15	A	40	50	100.0	100.0
	Q8NQJ3	143.0	1-40	68-117	40	50	2kb4	143		16	A	40	50	100.0	100.0
	Q8NQJ3	143.0	1-40	68-117	40	50	2kb4	143		17	A	40	50	100.0	100.0
	Q8NQJ3	143.0	1-40	68-117	40	50	2kb4	143		18	A	40	50	100.0	100.0
	Q8NQJ3	143.0	1-40	68-117	40	50	2kb4	143		19	A	40	50	100.0	100.0
	Q8NQJ3	143.0	1-40	68-117	40	50	2kb4	143		20	A	40	50	100.0	100.0
	Q8NQJ3	143.0	1-40	68-117	40	50	2kb4	143		21	A	40	50	100.0	100.0
	Q8NQJ3	143.0	1-40	68-117	40	50	2kb4	143		22	A	40	50	100.0	100.0
	Q8NQJ3	143.0	1-40	68-117	40	50	2kb4	143		23	A	40	50	100.0	100.0
	Q8NQJ3	143.0	1-40	68-117	40	50	2kb4	143		24	A	40	50	100.0	100.0
	Q8NQJ3	143.0	1-40	68-117	40	50	2kb4	143		25	A	40	50	100.0	100.0
	Q8NQJ3	143.0	1-40	68-117	40	50	2kb4	143		26	A	40	50	100.0	100.0
	Q8NQJ3	143.0	1-40	68-117	40	50	2kb4	143		27	A	40	50	100.0	100.0
	Q8NQJ3	143.0	1-40	68-117	40	50	2kb4	143		28	A	40	50	100.0	100.0
	Q8NQJ3	143.0	1-40	68-117	40	50	2kb4	143		29	A	40	50	100.0	100.0
	P07038	920.0	892-917	562-625	26	64	7nxf	832	1.9971	0	A	26	64	100.0	100.0
RASGRP1	O95267	797.0	468-609	205-436	142	232	4l9m	532	3.0	0	A	126	232	88.73239436619718	100.0
COQ8A	Q8NI60	647.0	276-279	329-518	4	190	4ped	656	1.64	0	A	4	184	100.0	96.84210526315789
COQ8A	Q8NI60	647.0	276-279	329-518	4	190	5i35	411	2.3	0	A	4	184	100.0	96.84210526315789
CAMK2G	Q13555	558.0	283-292	14-272	10	259	2v7o	419	2.25	0	A	10	258	100.0	99.61389961389962
	Q5Y4Y6	464.0	240-464	1-239	225	239	5b5r	627	1.902	0	A	198	204	88.0	85.35564853556485
PPP5C	P53042	499.0	28-129	495-499,200-494	102	300	4ja7	574	2.0	0	A	102	298	100.0	99.33333333333333
PPP5C	P53042	499.0	28-129	495-499,200-494	102	300	4ja9	532	2.3	0	A	102	299	100.0	99.66666666666667
DNAJC2	P32527	433.0	348-364	365-433	17	69	2lwx	88		0	A	17	69	100.0	100.0
DNAJC2	P32527	433.0	348-364	365-433	17	69	2lwx	88		1	A	17	69	100.0	100.0
DNAJC2	P32527	433.0	348-364	365-433	17	69	2lwx	88		2	A	17	69	100.0	100.0
DNAJC2	P32527	433.0	348-364	365-433	17	69	2lwx	88		3	A	17	69	100.0	100.0
DNAJC2	P32527	433.0	348-364	365-433	17	69	2lwx	88		4	A	17	69	100.0	100.0
DNAJC2	P32527	433.0	348-364	365-433	17	69	2lwx	88		5	A	17	69	100.0	100.0
DNAJC2	P32527	433.0	348-364	365-433	17	69	2lwx	88		6	A	17	69	100.0	100.0
DNAJC2	P32527	433.0	348-364	365-433	17	69	2lwx	88		7	A	17	69	100.0	100.0
DNAJC2	P32527	433.0	348-364	365-433	17	69	2lwx	88		8	A	17	69	100.0	100.0
DNAJC2	P32527	433.0	348-364	365-433	17	69	2lwx	88		9	A	17	69	100.0	100.0
DNAJC2	P32527	433.0	348-364	365-433	17	69	2lwx	88		10	A	17	69	100.0	100.0
DNAJC2	P32527	433.0	348-364	365-433	17	69	2lwx	88		11	A	17	69	100.0	100.0
DNAJC2	P32527	433.0	348-364	365-433	17	69	2lwx	88		12	A	17	69	100.0	100.0
DNAJC2	P32527	433.0	348-364	365-433	17	69	2lwx	88		13	A	17	69	100.0	100.0
DNAJC2	P32527	433.0	348-364	365-433	17	69	2lwx	88		14	A	17	69	100.0	100.0
DNAJC2	P32527	433.0	348-364	365-433	17	69	2lwx	88		15	A	17	69	100.0	100.0
DNAJC2	P32527	433.0	348-364	365-433	17	69	2lwx	88		16	A	17	69	100.0	100.0
DNAJC2	P32527	433.0	348-364	365-433	17	69	2lwx	88		17	A	17	69	100.0	100.0
DNAJC2	P32527	433.0	348-364	365-433	17	69	2lwx	88		18	A	17	69	100.0	100.0
DNAJC2	P32527	433.0	348-364	365-433	17	69	2lwx	88		19	A	17	69	100.0	100.0
	D2AJU0	545.0	57-228	251-545	172	295	6lol	466	2.75	0	A	172	241	100.0	81.69491525423729
	Q8Y842	572.0	61-73	89-243	13	155	3fi7	336	2.35	0	A	11	155	84.61538461538461	100.0
CAMK4	Q16566	473.0	305-321	46-300	17	255	2w4o	394	2.17	0	A	17	229	100.0	89.80392156862746
	Q83RJ4	571.0	58-260	279-571	203	293	3cvr	516	2.8	0	A	191	239	94.08866995073892	81.56996587030717
	P0CE12	788.0	223-466	492-788	244	297	3g06	1007	1.9	0	A	244	284	100.0	95.62289562289563
STIM2	Q9P246	746.0	67-102	136-204	36	69	2l5y	151		0	A	36	69	100.0	100.0
STIM2	Q9P246	746.0	67-102	136-204	36	69	2l5y	151		1	A	36	69	100.0	100.0
STIM2	Q9P246	746.0	67-102	136-204	36	69	2l5y	151		2	A	36	69	100.0	100.0
STIM2	Q9P246	746.0	67-102	136-204	36	69	2l5y	151		3	A	36	69	100.0	100.0
STIM2	Q9P246	746.0	67-102	136-204	36	69	2l5y	151		4	A	36	69	100.0	100.0
STIM2	Q9P246	746.0	67-102	136-204	36	69	2l5y	151		5	A	36	69	100.0	100.0
STIM2	Q9P246	746.0	67-102	136-204	36	69	2l5y	151		6	A	36	69	100.0	100.0
STIM2	Q9P246	746.0	67-102	136-204	36	69	2l5y	151		7	A	36	69	100.0	100.0
STIM2	Q9P246	746.0	67-102	136-204	36	69	2l5y	151		8	A	36	69	100.0	100.0
STIM2	Q9P246	746.0	67-102	136-204	36	69	2l5y	151		9	A	36	69	100.0	100.0
STIM2	Q9P246	746.0	67-102	136-204	36	69	2l5y	151		10	A	36	69	100.0	100.0
STIM2	Q9P246	746.0	67-102	136-204	36	69	2l5y	151		11	A	36	69	100.0	100.0
STIM2	Q9P246	746.0	67-102	136-204	36	69	2l5y	151		12	A	36	69	100.0	100.0
STIM2	Q9P246	746.0	67-102	136-204	36	69	2l5y	151		13	A	36	69	100.0	100.0
STIM2	Q9P246	746.0	67-102	136-204	36	69	2l5y	151		14	A	36	69	100.0	100.0
STIM2	Q9P246	746.0	67-102	136-204	36	69	2l5y	151		15	A	36	69	100.0	100.0
STIM2	Q9P246	746.0	67-102	136-204	36	69	2l5y	151		16	A	36	69	100.0	100.0
STIM2	Q9P246	746.0	67-102	136-204	36	69	2l5y	151		17	A	36	69	100.0	100.0
STIM2	Q9P246	746.0	67-102	136-204	36	69	2l5y	151		18	A	36	69	100.0	100.0
STIM2	Q9P246	746.0	67-102	136-204	36	69	2l5y	151		19	A	36	69	100.0	100.0
	O08722	945.0	541-687	688-828,853-942	147	231	3g5b	612	2.0	0	A	147	231	100.0	100.0
YKT6	Q5EGY4	198.0	8-131	138-198	124	61	3kyq	282	2.443	0	A	124	55	100.0	90.1639344262295
