UniProt	PDB	complex_rmsd	1.0_aligned	1.0_comp	1.1_aligned	1.1_comp	1.2_aligned	1.2_comp	2.0_aligned	2.0_comp	2.1_aligned	2.1_comp	2.2_aligned	2.2_comp	2.3_aligned	2.3_comp	Percent residues in region_1	Percent residues in region_2	1_aligned	1_comp	2_aligned	2_comp	Conformation
A0A0R4I961	6gu0	2.105	0.828	3.285	0	0	0	0	1.788	4.298	0	0	0	0	0	0	100	100	0.828	3.285	1.788	4.298	Active
O00571	4pxa	5.602	2.581	11.686	0	0	0	0	4.726	10.35	0	0	0	0	0	0	94	100	2.581	11.686	4.726	10.35	Active
P12931	1y57	24.076	6.502	38.161	0	0	0	0	0	0	1.708	10.359	5.217	84.218	0	0	100	96	6.502	38.161	3.4625	47.2885	Active
P22681	1fbv	24.937	8.754	47.75	0	0	0	0	5.263	34.316	0	0	0	0	0	0	100	98.1818181818182	8.754	47.75	5.263	34.316	Active
P22681	4a4b	1.359	2.423	1.599	0	0	0	0	1.149	2.465	0	0	0	0	0	0	96.4285714285714	100	2.423	1.599	1.149	2.465	Active
P29350	3ps5	1.444	1.523	1.17	0	0	0	0	1.021	1.765	0	0	0	0	0	0	100	100	1.523	1.17	1.021	1.765	Active
P53042	4ja9	1.488	1.658	1.931	0	0	0	0	0	0	1.789	14.632	0.948	1.905	0	0	100	99.6666666666667	1.658	1.931	1.3685	8.2685	Active
P62826	7mnv	23.383	8.8	54.535	0	0	0	0	4.625	61.043	0	0	0	0	0	0	81.5789473684211	100	8.8	54.535	4.625	61.043	Active
P62826	4hat	16.204	11.647	66.153	0	0	0	0	1.113	39.21	0	0	0	0	0	0	100	100	11.647	66.153	1.113	39.21	Active
Q09472	5xzc	28.923	15.211	45.207	0	0	0	0	0	0	0.412	44.274	0.588	44.306	0	0	100	83.5543766578249	15.211	45.207	0.5	44.29	Active
Q13557	2wel	26.554	5.677	75.375	0	0	0	0	1.796	50.543	0	0	0	0	0	0	100	100	5.677	75.375	1.796	50.543	Active
Q6GQQ9	5lrv	7.022	1.658	3.466	0	0	0	0	2.561	1.809	0	0	0	0	0	0	100	87.2093023255814	1.658	3.466	2.561	1.809	Active
Q8NQJ3	2kb4	30.559	10.366	56.73	0	0	0	0	2.45	61.648	0	0	0	0	0	0	100	100	10.366	56.73	2.45	61.648	Active
Q8NQJ3	2kb4	30.559	10.366	56.73	0	0	0	0	2.45	61.648	0	0	0	0	0	0	100	100	10.366	56.73	2.45	61.648	Active
Q8NQJ3	2kb4	30.559	10.366	56.73	0	0	0	0	2.45	61.648	0	0	0	0	0	0	100	100	10.366	56.73	2.45	61.648	Active
Q8NQJ3	2kb4	30.559	10.366	56.73	0	0	0	0	2.45	61.648	0	0	0	0	0	0	100	100	10.366	56.73	2.45	61.648	Active
Q8NQJ3	2kb4	30.559	10.366	56.73	0	0	0	0	2.45	61.648	0	0	0	0	0	0	100	100	10.366	56.73	2.45	61.648	Active
Q8NQJ3	2kb4	30.559	10.366	56.73	0	0	0	0	2.45	61.648	0	0	0	0	0	0	100	100	10.366	56.73	2.45	61.648	Active
Q8NQJ3	2kb4	30.559	10.366	56.73	0	0	0	0	2.45	61.648	0	0	0	0	0	0	100	100	10.366	56.73	2.45	61.648	Active
Q8NQJ3	2kb4	30.559	10.366	56.73	0	0	0	0	2.45	61.648	0	0	0	0	0	0	100	100	10.366	56.73	2.45	61.648	Active
Q8NQJ3	2kb4	30.559	10.366	56.73	0	0	0	0	2.45	61.648	0	0	0	0	0	0	100	100	10.366	56.73	2.45	61.648	Active
Q8NQJ3	2kb4	30.559	10.366	56.73	0	0	0	0	2.45	61.648	0	0	0	0	0	0	100	100	10.366	56.73	2.45	61.648	Active
Q8NQJ3	2kb4	30.559	10.366	56.73	0	0	0	0	2.45	61.648	0	0	0	0	0	0	100	100	10.366	56.73	2.45	61.648	Active
Q8NQJ3	2kb4	30.559	10.366	56.73	0	0	0	0	2.45	61.648	0	0	0	0	0	0	100	100	10.366	56.73	2.45	61.648	Active
Q8NQJ3	2kb4	30.559	10.366	56.73	0	0	0	0	2.45	61.648	0	0	0	0	0	0	100	100	10.366	56.73	2.45	61.648	Active
Q8NQJ3	2kb4	30.559	10.366	56.73	0	0	0	0	2.45	61.648	0	0	0	0	0	0	100	100	10.366	56.73	2.45	61.648	Active
Q8NQJ3	2kb4	30.559	10.366	56.73	0	0	0	0	2.45	61.648	0	0	0	0	0	0	100	100	10.366	56.73	2.45	61.648	Active
Q8NQJ3	2kb4	30.559	10.366	56.73	0	0	0	0	2.45	61.648	0	0	0	0	0	0	100	100	10.366	56.73	2.45	61.648	Active
Q8NQJ3	2kb4	30.559	10.366	56.73	0	0	0	0	2.45	61.648	0	0	0	0	0	0	100	100	10.366	56.73	2.45	61.648	Active
Q8NQJ3	2kb4	30.559	10.366	56.73	0	0	0	0	2.45	61.648	0	0	0	0	0	0	100	100	10.366	56.73	2.45	61.648	Active
Q8NQJ3	2kb4	30.559	10.366	56.73	0	0	0	0	2.45	61.648	0	0	0	0	0	0	100	100	10.366	56.73	2.45	61.648	Active
Q8NQJ3	2kb4	30.559	10.366	56.73	0	0	0	0	2.45	61.648	0	0	0	0	0	0	100	100	10.366	56.73	2.45	61.648	Active
Q8NQJ3	2kb4	30.559	10.366	56.73	0	0	0	0	2.45	61.648	0	0	0	0	0	0	100	100	10.366	56.73	2.45	61.648	Active
Q8NQJ3	2kb4	30.559	10.366	56.73	0	0	0	0	2.45	61.648	0	0	0	0	0	0	100	100	10.366	56.73	2.45	61.648	Active
Q8NQJ3	2kb4	30.559	10.366	56.73	0	0	0	0	2.45	61.648	0	0	0	0	0	0	100	100	10.366	56.73	2.45	61.648	Active
Q8NQJ3	2kb4	30.559	10.366	56.73	0	0	0	0	2.45	61.648	0	0	0	0	0	0	100	100	10.366	56.73	2.45	61.648	Active
Q8NQJ3	2kb4	30.559	10.366	56.73	0	0	0	0	2.45	61.648	0	0	0	0	0	0	100	100	10.366	56.73	2.45	61.648	Active
Q8NQJ3	2kb4	30.559	10.366	56.73	0	0	0	0	2.45	61.648	0	0	0	0	0	0	100	100	10.366	56.73	2.45	61.648	Active
Q8NQJ3	2kb4	30.559	10.366	56.73	0	0	0	0	2.45	61.648	0	0	0	0	0	0	100	100	10.366	56.73	2.45	61.648	Active
Q8NQJ3	2kb4	30.559	10.366	56.73	0	0	0	0	2.45	61.648	0	0	0	0	0	0	100	100	10.366	56.73	2.45	61.648	Active
Q8NQJ3	2kb4	30.559	10.366	56.73	0	0	0	0	2.45	61.648	0	0	0	0	0	0	100	100	10.366	56.73	2.45	61.648	Active
Q8NQJ3	2kb4	30.559	10.366	56.73	0	0	0	0	2.45	61.648	0	0	0	0	0	0	100	100	10.366	56.73	2.45	61.648	Active
D2AJU0	6lol	3.539	0.945	10.505	0	0	0	0	2.829	7.86	0	0	0	0	0	0	100	81.6949152542373	0.945	10.505	2.829	7.86	Autoinhibited
O08722	3g5b	0.922	0.872	1.006	0	0	0	0	0	0	0.8	0.943	1.117	0.911	0	0	100	100	0.872	1.006	0.9585	0.927	Autoinhibited
P00523	2ptk	1.737	0	0	1.261	3.677	1.068	2.353	0	0	2.127	1.946	1.715	4.241	0	0	100	89.3333333333333	1.1645	3.015	1.921	3.0935	Autoinhibited
P08631	1qcf	1.659	0	0	1.031	2.031	1.016	2.301	0	0	1.322	2.369	1.026	1.839	0	0	99.1525423728814	91.8032786885246	1.0235	2.166	1.174	2.104	Autoinhibited
P12931	2src	1.693	1.202	3.007	0	0	0	0	0	0	1.193	2.203	5.473	8.505	0	0	100	94.6666666666667	1.202	3.007	3.333	5.354	Autoinhibited
P29350	2b3o	25.878	2.231	64.379	0	0	0	0	1.124	57.427	0	0	0	0	0	0	99.047619047619	100	2.231	64.379	1.124	57.427	Autoinhibited
P53042	4ja7	1.38	1.355	2.757	0	0	0	0	0	0	1.768	22.633	0.928	2.181	0	0	100	99.3333333333333	1.355	2.757	1.348	12.407	Autoinhibited
P97360	2lf7	2.411	2.36	8.675	0	0	0	0	2.06	3.7	0	0	0	0	0	0	100	100	2.36	8.675	2.06	3.7	Autoinhibited
P97360	2lf7	2.411	2.36	8.675	0	0	0	0	2.06	3.7	0	0	0	0	0	0	100	100	2.36	8.675	2.06	3.7	Autoinhibited
P97360	2lf7	2.411	2.36	8.675	0	0	0	0	2.06	3.7	0	0	0	0	0	0	100	100	2.36	8.675	2.06	3.7	Autoinhibited
P97360	2lf7	2.411	2.36	8.675	0	0	0	0	2.06	3.7	0	0	0	0	0	0	100	100	2.36	8.675	2.06	3.7	Autoinhibited
P97360	2lf7	2.411	2.36	8.675	0	0	0	0	2.06	3.7	0	0	0	0	0	0	100	100	2.36	8.675	2.06	3.7	Autoinhibited
P97360	2lf7	2.411	2.36	8.675	0	0	0	0	2.06	3.7	0	0	0	0	0	0	100	100	2.36	8.675	2.06	3.7	Autoinhibited
P97360	2lf7	2.411	2.36	8.675	0	0	0	0	2.06	3.7	0	0	0	0	0	0	100	100	2.36	8.675	2.06	3.7	Autoinhibited
P97360	2lf7	2.411	2.36	8.675	0	0	0	0	2.06	3.7	0	0	0	0	0	0	100	100	2.36	8.675	2.06	3.7	Autoinhibited
P97360	2lf7	2.411	2.36	8.675	0	0	0	0	2.06	3.7	0	0	0	0	0	0	100	100	2.36	8.675	2.06	3.7	Autoinhibited
P97360	2lf7	2.411	2.36	8.675	0	0	0	0	2.06	3.7	0	0	0	0	0	0	100	100	2.36	8.675	2.06	3.7	Autoinhibited
P97360	2lf7	2.411	2.36	8.675	0	0	0	0	2.06	3.7	0	0	0	0	0	0	100	100	2.36	8.675	2.06	3.7	Autoinhibited
P97360	2lf7	2.411	2.36	8.675	0	0	0	0	2.06	3.7	0	0	0	0	0	0	100	100	2.36	8.675	2.06	3.7	Autoinhibited
P97360	2lf7	2.411	2.36	8.675	0	0	0	0	2.06	3.7	0	0	0	0	0	0	100	100	2.36	8.675	2.06	3.7	Autoinhibited
P97360	2lf7	2.411	2.36	8.675	0	0	0	0	2.06	3.7	0	0	0	0	0	0	100	100	2.36	8.675	2.06	3.7	Autoinhibited
P97360	2lf7	2.411	2.36	8.675	0	0	0	0	2.06	3.7	0	0	0	0	0	0	100	100	2.36	8.675	2.06	3.7	Autoinhibited
P97360	2lf7	2.411	2.36	8.675	0	0	0	0	2.06	3.7	0	0	0	0	0	0	100	100	2.36	8.675	2.06	3.7	Autoinhibited
P97360	2lf7	2.411	2.36	8.675	0	0	0	0	2.06	3.7	0	0	0	0	0	0	100	100	2.36	8.675	2.06	3.7	Autoinhibited
P97360	2lf7	2.411	2.36	8.675	0	0	0	0	2.06	3.7	0	0	0	0	0	0	100	100	2.36	8.675	2.06	3.7	Autoinhibited
P97360	2lf7	2.411	2.36	8.675	0	0	0	0	2.06	3.7	0	0	0	0	0	0	100	100	2.36	8.675	2.06	3.7	Autoinhibited
P97360	2lf7	2.411	2.36	8.675	0	0	0	0	2.06	3.7	0	0	0	0	0	0	100	100	2.36	8.675	2.06	3.7	Autoinhibited
P97360	2lf8	5.708	1.908	4.161	0	0	0	0	1.691	2.65	0	0	0	0	0	0	100	100	1.908	4.161	1.691	2.65	Autoinhibited
P97360	2lf8	5.708	1.908	4.161	0	0	0	0	1.691	2.65	0	0	0	0	0	0	100	100	1.908	4.161	1.691	2.65	Autoinhibited
P97360	2lf8	5.708	1.908	4.161	0	0	0	0	1.691	2.65	0	0	0	0	0	0	100	100	1.908	4.161	1.691	2.65	Autoinhibited
P97360	2lf8	5.708	1.908	4.161	0	0	0	0	1.691	2.65	0	0	0	0	0	0	100	100	1.908	4.161	1.691	2.65	Autoinhibited
P97360	2lf8	5.708	1.908	4.161	0	0	0	0	1.691	2.65	0	0	0	0	0	0	100	100	1.908	4.161	1.691	2.65	Autoinhibited
P97360	2lf8	5.708	1.908	4.161	0	0	0	0	1.691	2.65	0	0	0	0	0	0	100	100	1.908	4.161	1.691	2.65	Autoinhibited
P97360	2lf8	5.708	1.908	4.161	0	0	0	0	1.691	2.65	0	0	0	0	0	0	100	100	1.908	4.161	1.691	2.65	Autoinhibited
P97360	2lf8	5.708	1.908	4.161	0	0	0	0	1.691	2.65	0	0	0	0	0	0	100	100	1.908	4.161	1.691	2.65	Autoinhibited
P97360	2lf8	5.708	1.908	4.161	0	0	0	0	1.691	2.65	0	0	0	0	0	0	100	100	1.908	4.161	1.691	2.65	Autoinhibited
P97360	2lf8	5.708	1.908	4.161	0	0	0	0	1.691	2.65	0	0	0	0	0	0	100	100	1.908	4.161	1.691	2.65	Autoinhibited
P97360	2lf8	5.708	1.908	4.161	0	0	0	0	1.691	2.65	0	0	0	0	0	0	100	100	1.908	4.161	1.691	2.65	Autoinhibited
P97360	2lf8	5.708	1.908	4.161	0	0	0	0	1.691	2.65	0	0	0	0	0	0	100	100	1.908	4.161	1.691	2.65	Autoinhibited
P97360	2lf8	5.708	1.908	4.161	0	0	0	0	1.691	2.65	0	0	0	0	0	0	100	100	1.908	4.161	1.691	2.65	Autoinhibited
P97360	2lf8	5.708	1.908	4.161	0	0	0	0	1.691	2.65	0	0	0	0	0	0	100	100	1.908	4.161	1.691	2.65	Autoinhibited
P97360	2lf8	5.708	1.908	4.161	0	0	0	0	1.691	2.65	0	0	0	0	0	0	100	100	1.908	4.161	1.691	2.65	Autoinhibited
P97360	2lf8	5.708	1.908	4.161	0	0	0	0	1.691	2.65	0	0	0	0	0	0	100	100	1.908	4.161	1.691	2.65	Autoinhibited
P97360	2lf8	5.708	1.908	4.161	0	0	0	0	1.691	2.65	0	0	0	0	0	0	100	100	1.908	4.161	1.691	2.65	Autoinhibited
P97360	2lf8	5.708	1.908	4.161	0	0	0	0	1.691	2.65	0	0	0	0	0	0	100	100	1.908	4.161	1.691	2.65	Autoinhibited
P97360	2lf8	5.708	1.908	4.161	0	0	0	0	1.691	2.65	0	0	0	0	0	0	100	100	1.908	4.161	1.691	2.65	Autoinhibited
Q6GQQ9	5lru	5.881	2.755	16.645	0	0	0	0	1.853	3.963	0	0	0	0	0	0	100	85.4651162790698	2.755	16.645	1.853	3.963	Autoinhibited
Q8NB16	6zpr	3.833	2.752	5.793	0	0	0	0	3.461	3.986	0	0	0	0	0	0	100	100	2.752	5.793	3.461	3.986	Autoinhibited
Q8NB16	6zpr	3.833	2.752	5.793	0	0	0	0	3.461	3.986	0	0	0	0	0	0	100	100	2.752	5.793	3.461	3.986	Autoinhibited
Q8NB16	6zpr	3.833	2.752	5.793	0	0	0	0	3.461	3.986	0	0	0	0	0	0	100	100	2.752	5.793	3.461	3.986	Autoinhibited
Q8NB16	6zpr	3.833	2.752	5.793	0	0	0	0	3.461	3.986	0	0	0	0	0	0	100	100	2.752	5.793	3.461	3.986	Autoinhibited
Q8NB16	6zpr	3.833	2.752	5.793	0	0	0	0	3.461	3.986	0	0	0	0	0	0	100	100	2.752	5.793	3.461	3.986	Autoinhibited
Q8NB16	6zpr	3.833	2.752	5.793	0	0	0	0	3.461	3.986	0	0	0	0	0	0	100	100	2.752	5.793	3.461	3.986	Autoinhibited
Q8NB16	6zpr	3.833	2.752	5.793	0	0	0	0	3.461	3.986	0	0	0	0	0	0	100	100	2.752	5.793	3.461	3.986	Autoinhibited
Q8NB16	6zpr	3.833	2.752	5.793	0	0	0	0	3.461	3.986	0	0	0	0	0	0	100	100	2.752	5.793	3.461	3.986	Autoinhibited
Q8NB16	6zpr	3.833	2.752	5.793	0	0	0	0	3.461	3.986	0	0	0	0	0	0	100	100	2.752	5.793	3.461	3.986	Autoinhibited
Q8NB16	6zpr	3.833	2.752	5.793	0	0	0	0	3.461	3.986	0	0	0	0	0	0	100	100	2.752	5.793	3.461	3.986	Autoinhibited
Q8NB16	6zpr	3.833	2.752	5.793	0	0	0	0	3.461	3.986	0	0	0	0	0	0	100	100	2.752	5.793	3.461	3.986	Autoinhibited
Q8NB16	6zpr	3.833	2.752	5.793	0	0	0	0	3.461	3.986	0	0	0	0	0	0	100	100	2.752	5.793	3.461	3.986	Autoinhibited
Q8NB16	6zpr	3.833	2.752	5.793	0	0	0	0	3.461	3.986	0	0	0	0	0	0	100	100	2.752	5.793	3.461	3.986	Autoinhibited
Q8NB16	6zpr	3.833	2.752	5.793	0	0	0	0	3.461	3.986	0	0	0	0	0	0	100	100	2.752	5.793	3.461	3.986	Autoinhibited
Q8NB16	6zpr	3.833	2.752	5.793	0	0	0	0	3.461	3.986	0	0	0	0	0	0	100	100	2.752	5.793	3.461	3.986	Autoinhibited
Q8NB16	6zpr	3.833	2.752	5.793	0	0	0	0	3.461	3.986	0	0	0	0	0	0	100	100	2.752	5.793	3.461	3.986	Autoinhibited
Q8NB16	6zpr	3.833	2.752	5.793	0	0	0	0	3.461	3.986	0	0	0	0	0	0	100	100	2.752	5.793	3.461	3.986	Autoinhibited
Q8NB16	6zpr	3.833	2.752	5.793	0	0	0	0	3.461	3.986	0	0	0	0	0	0	100	100	2.752	5.793	3.461	3.986	Autoinhibited
Q8NB16	6zpr	3.833	2.752	5.793	0	0	0	0	3.461	3.986	0	0	0	0	0	0	100	100	2.752	5.793	3.461	3.986	Autoinhibited
Q8NB16	6zpr	3.833	2.752	5.793	0	0	0	0	3.461	3.986	0	0	0	0	0	0	100	100	2.752	5.793	3.461	3.986	Autoinhibited
Q8NB16	6d74	3.945	2.192	6.407	0	0	0	0	3.047	3.711	0	0	0	0	0	0	100	100	2.192	6.407	3.047	3.711	Autoinhibited
Q8NB16	6d74	3.945	2.192	6.407	0	0	0	0	3.047	3.711	0	0	0	0	0	0	100	100	2.192	6.407	3.047	3.711	Autoinhibited
Q8NB16	6d74	3.945	2.192	6.407	0	0	0	0	3.047	3.711	0	0	0	0	0	0	100	100	2.192	6.407	3.047	3.711	Autoinhibited
Q8NB16	6d74	3.945	2.192	6.407	0	0	0	0	3.047	3.711	0	0	0	0	0	0	100	100	2.192	6.407	3.047	3.711	Autoinhibited
Q8NB16	6d74	3.945	2.192	6.407	0	0	0	0	3.047	3.711	0	0	0	0	0	0	100	100	2.192	6.407	3.047	3.711	Autoinhibited
Q8NB16	6d74	3.945	2.192	6.407	0	0	0	0	3.047	3.711	0	0	0	0	0	0	100	100	2.192	6.407	3.047	3.711	Autoinhibited
Q8NB16	6d74	3.945	2.192	6.407	0	0	0	0	3.047	3.711	0	0	0	0	0	0	100	100	2.192	6.407	3.047	3.711	Autoinhibited
Q8NB16	6d74	3.945	2.192	6.407	0	0	0	0	3.047	3.711	0	0	0	0	0	0	100	100	2.192	6.407	3.047	3.711	Autoinhibited
Q8NB16	6d74	3.945	2.192	6.407	0	0	0	0	3.047	3.711	0	0	0	0	0	0	100	100	2.192	6.407	3.047	3.711	Autoinhibited
Q8NB16	6d74	3.945	2.192	6.407	0	0	0	0	3.047	3.711	0	0	0	0	0	0	100	100	2.192	6.407	3.047	3.711	Autoinhibited
Q8NB16	6d74	3.945	2.192	6.407	0	0	0	0	3.047	3.711	0	0	0	0	0	0	100	100	2.192	6.407	3.047	3.711	Autoinhibited
Q8NB16	6d74	3.945	2.192	6.407	0	0	0	0	3.047	3.711	0	0	0	0	0	0	100	100	2.192	6.407	3.047	3.711	Autoinhibited
Q8NB16	6d74	3.945	2.192	6.407	0	0	0	0	3.047	3.711	0	0	0	0	0	0	100	100	2.192	6.407	3.047	3.711	Autoinhibited
Q8NB16	6d74	3.945	2.192	6.407	0	0	0	0	3.047	3.711	0	0	0	0	0	0	100	100	2.192	6.407	3.047	3.711	Autoinhibited
Q8NB16	6d74	3.945	2.192	6.407	0	0	0	0	3.047	3.711	0	0	0	0	0	0	100	100	2.192	6.407	3.047	3.711	Autoinhibited
Q8NB16	6d74	3.945	2.192	6.407	0	0	0	0	3.047	3.711	0	0	0	0	0	0	100	100	2.192	6.407	3.047	3.711	Autoinhibited
Q8NB16	6d74	3.945	2.192	6.407	0	0	0	0	3.047	3.711	0	0	0	0	0	0	100	100	2.192	6.407	3.047	3.711	Autoinhibited
Q8NB16	6d74	3.945	2.192	6.407	0	0	0	0	3.047	3.711	0	0	0	0	0	0	100	100	2.192	6.407	3.047	3.711	Autoinhibited
Q8NB16	6d74	3.945	2.192	6.407	0	0	0	0	3.047	3.711	0	0	0	0	0	0	100	100	2.192	6.407	3.047	3.711	Autoinhibited
Q8NB16	6d74	3.945	2.192	6.407	0	0	0	0	3.047	3.711	0	0	0	0	0	0	100	100	2.192	6.407	3.047	3.711	Autoinhibited
Q8NB16	6ux8	2.355	1.461	2.746	0	0	0	0	1.977	1.968	0	0	0	0	0	0	100	100	1.461	2.746	1.977	1.968	Autoinhibited
Q8NQJ3	2kb3	15.315	16.916	21.451	0	0	0	0	2.552	29.752	0	0	0	0	0	0	97.5	100	16.916	21.451	2.552	29.752	Autoinhibited
Q8NQJ3	2kb3	15.315	16.916	21.451	0	0	0	0	2.552	29.752	0	0	0	0	0	0	97.5	100	16.916	21.451	2.552	29.752	Autoinhibited
Q8NQJ3	2kb3	15.315	16.916	21.451	0	0	0	0	2.552	29.752	0	0	0	0	0	0	97.5	100	16.916	21.451	2.552	29.752	Autoinhibited
Q8NQJ3	2kb3	15.315	16.916	21.451	0	0	0	0	2.552	29.752	0	0	0	0	0	0	97.5	100	16.916	21.451	2.552	29.752	Autoinhibited
Q8NQJ3	2kb3	15.315	16.916	21.451	0	0	0	0	2.552	29.752	0	0	0	0	0	0	97.5	100	16.916	21.451	2.552	29.752	Autoinhibited
Q8NQJ3	2kb3	15.315	16.916	21.451	0	0	0	0	2.552	29.752	0	0	0	0	0	0	97.5	100	16.916	21.451	2.552	29.752	Autoinhibited
Q8NQJ3	2kb3	15.315	16.916	21.451	0	0	0	0	2.552	29.752	0	0	0	0	0	0	97.5	100	16.916	21.451	2.552	29.752	Autoinhibited
Q8NQJ3	2kb3	15.315	16.916	21.451	0	0	0	0	2.552	29.752	0	0	0	0	0	0	97.5	100	16.916	21.451	2.552	29.752	Autoinhibited
Q8NQJ3	2kb3	15.315	16.916	21.451	0	0	0	0	2.552	29.752	0	0	0	0	0	0	97.5	100	16.916	21.451	2.552	29.752	Autoinhibited
Q8NQJ3	2kb3	15.315	16.916	21.451	0	0	0	0	2.552	29.752	0	0	0	0	0	0	97.5	100	16.916	21.451	2.552	29.752	Autoinhibited
Q8NQJ3	2kb3	15.315	16.916	21.451	0	0	0	0	2.552	29.752	0	0	0	0	0	0	97.5	100	16.916	21.451	2.552	29.752	Autoinhibited
Q8NQJ3	2kb3	15.315	16.916	21.451	0	0	0	0	2.552	29.752	0	0	0	0	0	0	97.5	100	16.916	21.451	2.552	29.752	Autoinhibited
Q8NQJ3	2kb3	15.315	16.916	21.451	0	0	0	0	2.552	29.752	0	0	0	0	0	0	97.5	100	16.916	21.451	2.552	29.752	Autoinhibited
Q8NQJ3	2kb3	15.315	16.916	21.451	0	0	0	0	2.552	29.752	0	0	0	0	0	0	97.5	100	16.916	21.451	2.552	29.752	Autoinhibited
Q8NQJ3	2kb3	15.315	16.916	21.451	0	0	0	0	2.552	29.752	0	0	0	0	0	0	97.5	100	16.916	21.451	2.552	29.752	Autoinhibited
Q8NQJ3	2kb3	15.315	16.916	21.451	0	0	0	0	2.552	29.752	0	0	0	0	0	0	97.5	100	16.916	21.451	2.552	29.752	Autoinhibited
Q8NQJ3	2kb3	15.315	16.916	21.451	0	0	0	0	2.552	29.752	0	0	0	0	0	0	97.5	100	16.916	21.451	2.552	29.752	Autoinhibited
Q8NQJ3	2kb3	15.315	16.916	21.451	0	0	0	0	2.552	29.752	0	0	0	0	0	0	97.5	100	16.916	21.451	2.552	29.752	Autoinhibited
Q8NQJ3	2kb3	15.315	16.916	21.451	0	0	0	0	2.552	29.752	0	0	0	0	0	0	97.5	100	16.916	21.451	2.552	29.752	Autoinhibited
Q8NQJ3	2kb3	15.315	16.916	21.451	0	0	0	0	2.552	29.752	0	0	0	0	0	0	97.5	100	16.916	21.451	2.552	29.752	Autoinhibited
Q8NQJ3	2kb3	15.315	16.916	21.451	0	0	0	0	2.552	29.752	0	0	0	0	0	0	97.5	100	16.916	21.451	2.552	29.752	Autoinhibited
Q8NQJ3	2kb3	15.315	16.916	21.451	0	0	0	0	2.552	29.752	0	0	0	0	0	0	97.5	100	16.916	21.451	2.552	29.752	Autoinhibited
Q8NQJ3	2kb3	15.315	16.916	21.451	0	0	0	0	2.552	29.752	0	0	0	0	0	0	97.5	100	16.916	21.451	2.552	29.752	Autoinhibited
Q8NQJ3	2kb3	15.315	16.916	21.451	0	0	0	0	2.552	29.752	0	0	0	0	0	0	97.5	100	16.916	21.451	2.552	29.752	Autoinhibited
Q8NQJ3	2kb3	15.315	16.916	21.451	0	0	0	0	2.552	29.752	0	0	0	0	0	0	97.5	100	16.916	21.451	2.552	29.752	Autoinhibited
Q8NQJ3	2kb3	15.315	16.916	21.451	0	0	0	0	2.552	29.752	0	0	0	0	0	0	97.5	100	16.916	21.451	2.552	29.752	Autoinhibited
Q8NQJ3	2kb3	15.315	16.916	21.451	0	0	0	0	2.552	29.752	0	0	0	0	0	0	97.5	100	16.916	21.451	2.552	29.752	Autoinhibited
Q8NQJ3	2kb3	15.315	16.916	21.451	0	0	0	0	2.552	29.752	0	0	0	0	0	0	97.5	100	16.916	21.451	2.552	29.752	Autoinhibited
Q8NQJ3	2kb3	15.315	16.916	21.451	0	0	0	0	2.552	29.752	0	0	0	0	0	0	97.5	100	16.916	21.451	2.552	29.752	Autoinhibited
Q8NQJ3	2kb3	15.315	16.916	21.451	0	0	0	0	2.552	29.752	0	0	0	0	0	0	97.5	100	16.916	21.451	2.552	29.752	Autoinhibited
Q95PM0	7avm	1.546	3.887	2.176	0	0	0	0	0.798	4.33	0	0	0	0	0	0	100	100	3.887	2.176	0.798	4.33	Autoinhibited
Q9Y6K1	4u7p	15.705	7.673	30.752	0	0	0	0	1.385	47.33	0	0	0	0	0	0	100	95.3405017921147	7.673	30.752	1.385	47.33	Autoinhibited
P28482	8ao2	2.303	5.503	7.117	0	0	0	0	0	0	0.865	7.328	1.498	6.951	0	0	100	99.622641509434	5.503	7.117	1.1815	7.1395	Inactive
P28482	3sa0	3.34	5.204	5.179	0	0	0	0	0	0	1.124	7.093	1.448	6.424	0	0	100	98.8679245283019	5.204	5.179	1.286	6.7585	Inactive
P28482	6g9d	2.224	5.236	5.068	0	0	0	0	0	0	1.11	6.796	1.467	6.468	0	0	100	99.622641509434	5.236	5.068	1.2885	6.632	Inactive
Q96P20	6npy	20.993	2.546	26.556	0	0	0	0	15.766	77.935	0	0	0	0	0	0	100	98.1072555205047	2.546	26.556	15.766	77.935	Inactive
O00571	6cz5	5.177	3.13	12.018	0	0	0	0	4.414	9.44	0	0	0	0	0	0	82	97.8082191780822	3.13	12.018	4.414	9.44	Inhibited
P28482	4zxt	2.837	5.168	5.245	0	0	0	0	0	0	1.104	7.119	1.459	6.379	0	0	100	98.8679245283019	5.168	5.245	1.2815	6.749	Inhibited
P28482	8aod	2.348	5.216	5.045	0	0	0	0	0	0	1.474	6.833	1.439	6.407	0	0	100	98.1132075471698	5.216	5.045	1.4565	6.62	Inhibited
P28482	4fux	2.21	5.132	5.28	0	0	0	0	0	0	0.979	6.725	1.448	6.36	0	0	100	99.622641509434	5.132	5.28	1.2135	6.5425	Inhibited
O08967	6bbq	24.786	0	0	7.735	42.859	1.507	68.779	0.926	54.034	0	0	0	0	0	0	100	100	4.621	55.819	0.926	54.034	Active
O08967	6bbp	24.061	0	0	5.949	26.741	1.507	68.188	0.925	51.878	0	0	0	0	0	0	100	100	3.728	47.4645	0.925	51.878	Active
O95267	4l9m	1.809	1.879	1.695	0	0	0	0	1.404	2.011	0	0	0	0	0	0	88.7323943661972	100	1.879	1.695	1.404	2.011	Autoinhibited
P00519	2fo0	2.016	0	0	0.768	2.649	1.169	2.26	2.009	1.143	0	0	0	0	0	0	99.2753623188406	100	0.9685	2.4545	2.009	1.143	Autoinhibited
P00519	5mo4	1.719	0	0	0.682	2.321	0.729	2.319	2.084	0.996	0	0	0	0	0	0	88.4057971014493	92.0634920634921	0.7055	2.32	2.084	0.996	Inhibited
P00579	6pst	0	0	0	0	0	0	0	0	0	0	0	0	0	0	0	82.2784810126582	100	0	0	0	0	Active
P00579	7khi	0	0	0	0	0	0	0	0	0	0	0	0	0	0	0	94.9367088607595	100	0	0	0	0	Inactive
P06213	4xlv	6.662	6.77	34.127	0	0	0	0	4.885	20.658	0	0	0	0	0	0	100	93.4782608695652	6.77	34.127	4.885	20.658	Active
P06213	1ir3	4.979	3.592	29.641	0	0	0	0	4.972	8.604	0	0	0	0	0	0	97.3684210526316	93.4782608695652	3.592	29.641	4.972	8.604	Active
P06213	1gag	4.982	3.65	29.258	0	0	0	0	4.984	8.442	0	0	0	0	0	0	97.3684210526316	93.4782608695652	3.65	29.258	4.984	8.442	Inhibited
P06213	1irk	2.799	4.048	4.072	0	0	0	0	2.6	7.97	0	0	0	0	0	0	97.3684210526316	94.5652173913043	4.048	4.072	2.6	7.97	Autoinhibited
P06213	1p14	2.002	4.437	10.202	0	0	0	0	1.564	6.322	0	0	0	0	0	0	100	87.6811594202899	4.437	10.202	1.564	6.322	Autoinhibited
P06213	3ekk	1.779	3.774	2.949	0	0	0	0	1.619	4.794	0	0	0	0	0	0	100	87.6811594202899	3.774	2.949	1.619	4.794	Inhibited
P06213	1i44	1.662	3.259	4.44	0	0	0	0	1.569	4.381	0	0	0	0	0	0	84.2105263157895	88.768115942029	3.259	4.44	1.569	4.381	Active
P06213	2auh	4.83	1.201	6.633	0	0	0	0	5.015	2.571	0	0	0	0	0	0	89.4736842105263	93.4782608695652	1.201	6.633	5.015	2.571	Inhibited
P06213	5e1s	1.688	1.21	2.216	0	0	0	0	1.732	2.542	0	0	0	0	0	0	92.1052631578947	88.4057971014493	1.21	2.216	1.732	2.542	Inhibited
P06213	3ekn	3.531	1.064	3.987	0	0	0	0	3.641	2.083	0	0	0	0	0	0	89.4736842105263	93.4782608695652	1.064	3.987	3.641	2.083	Inhibited
P06213	2z8c	4.709	1.014	9.087	0	0	0	0	4.89	1.699	0	0	0	0	0	0	89.4736842105263	93.4782608695652	1.014	9.087	4.89	1.699	Inhibited
P06213	3bu6	4.659	0.872	6.742	0	0	0	0	4.823	1.449	0	0	0	0	0	0	81.5789473684211	93.4782608695652	0.872	6.742	4.823	1.449	Inhibited
P06213	3bu3	4.407	0.818	6.93	0	0	0	0	4.56	1.301	0	0	0	0	0	0	81.5789473684211	93.4782608695652	0.818	6.93	4.56	1.301	Inhibited
P07038	7nxf	4.914	5.41	10.04	0	0	0	0	1.812	12.107	0	0	0	0	0	0	100	100	5.41	10.04	1.812	12.107	Autoinhibited
P07333	3bea	3.363	5.088	14.378	0	0	0	0	1.97	9.145	0	0	0	0	0	0	84.8484848484848	80.2431610942249	5.088	14.378	1.97	9.145	Inhibited
P07333	2ogv	4.093	6.325	14.525	0	0	0	0	2.853	9.115	0	0	0	0	0	0	96.969696969697	82.0668693009118	6.325	14.525	2.853	9.115	Autoinhibited
P07949	6vhg	2.084	4.96	29.962	0	0	0	0	0	0	1.137	7.995	1.801	8.216	0	0	90	90.1060070671378	4.96	29.962	1.469	8.1055	Inhibited
P07949	2ivu	2.651	3.822	9.862	0	0	0	0	0	0	1.436	7.592	1.659	8.213	0	0	90	90.4593639575972	3.822	9.862	1.5475	7.9025	Inhibited
P07949	2ivv	2.689	3.771	9.792	0	0	0	0	0	0	1.331	7.66	1.952	8.144	0	0	90	89.3992932862191	3.771	9.792	1.6415	7.902	Inhibited
P07949	2x2k	2.815	3.79	10.569	0	0	0	0	0	0	1.83	7.537	1.978	8.178	0	0	90	91.5194346289753	3.79	10.569	1.904	7.8575	Inhibited
P07949	2ivt	2.852	4.167	12.202	0	0	0	0	0	0	1.754	7.461	2.112	7.891	0	0	90	91.1660777385159	4.167	12.202	1.933	7.676	Active
P07949	2x2l	2.833	3.941	9.147	0	0	0	0	0	0	1.949	7.392	1.963	7.893	0	0	90	90.4593639575972	3.941	9.147	1.956	7.6425	Inhibited
P07949	4ckj	2.949	3.771	11.729	0	0	0	0	0	0	2.288	7.245	1.969	7.863	0	0	90	91.5194346289753	3.771	11.729	2.1285	7.554	Active
P07949	6i83	3.061	4.097	14.167	0	0	0	0	0	0	2.103	7.212	2.311	7.805	0	0	90	91.1660777385159	4.097	14.167	2.207	7.5085	Inhibited
P08631	3nhn	5.532	0	0	1.141	12.22	1.164	14.041	0	0	1.674	22.079	-1	-1	0	0	88.9830508474576	86.8852459016393	1.1525	13.1305	0.337	10.5395	Active
P08631	5h0e	2.213	0	0	0.895	2.595	0.805	1.535	0	0	1.714	2.046	1.09	1.457	0	0	100	85.2459016393443	0.85	2.065	1.402	1.7515	Autoinhibited
P08631	5h0g	2.233	0	0	0.861	2.554	0.815	1.413	0	0	1.495	1.691	1.124	1.43	0	0	100	85.2459016393443	0.838	1.9835	1.3095	1.5605	Autoinhibited
P08631	5h09	2.299	0	0	0.95	2.668	1.032	1.811	0	0	2.434	1.474	1.107	1.462	0	0	100	85.2459016393443	0.991	2.2395	1.7705	1.468	Autoinhibited
P08631	5h0h	2.242	0	0	0.947	2.394	0.711	1.68	0	0	1.871	1.375	1.144	1.277	0	0	100	85.2459016393443	0.829	2.037	1.5075	1.326	Autoinhibited
P08631	5h0b	2.212	0	0	0.923	2.394	0.967	1.527	0	0	1.694	1.244	1.136	1.341	0	0	100	85.2459016393443	0.945	1.9605	1.415	1.2925	Autoinhibited
P0CE12	3g06	0.982	0.807	1.245	0	0	0	0	1.003	1.33	0	0	0	0	0	0	100	95.6228956228956	0.807	1.245	1.003	1.33	Autoinhibited
P10721	3g0e	3.512	3.918	4.796	0	0	0	0	3.071	5.883	0	0	0	0	0	0	100	81.6618911174785	3.918	4.796	3.071	5.883	Autoinhibited
P10721	1t45	3.386	3.225	3.935	0	0	0	0	3.296	4.276	0	0	0	0	0	0	92.5	82.8080229226361	3.225	3.935	3.296	4.276	Autoinhibited
P10721	4hvs	2.9	3.625	2.859	0	0	0	0	2.81	3.732	0	0	0	0	0	0	90	81.6618911174785	3.625	2.859	2.81	3.732	Autoinhibited
P10721	7khg	2.911	3.626	2.864	0	0	0	0	2.822	3.726	0	0	0	0	0	0	92.5	81.6618911174785	3.626	2.864	2.822	3.726	Autoinhibited
P11142	4h5t	2.923	1.006	1.401	0	0	0	0	1.153	1.261	0	0	0	0	0	0	100	100	1.006	1.401	1.153	1.261	Active
P11142	3fzm	3.835	1.247	1.432	0	0	0	0	1.414	1.224	0	0	0	0	0	0	100	100	1.247	1.432	1.414	1.224	Active
P11142	3ldq	4.156	1.216	1.442	0	0	0	0	1.43	1.201	0	0	0	0	0	0	100	100	1.216	1.442	1.43	1.201	Active
P11142	3fzk	4.058	1.196	1.422	0	0	0	0	1.404	1.175	0	0	0	0	0	0	100	100	1.196	1.422	1.404	1.175	Active
P11142	5aqt	3.932	1.155	1.385	0	0	0	0	1.381	1.159	0	0	0	0	0	0	100	100	1.155	1.385	1.381	1.159	Active
P11142	3fzl	4.011	1.166	1.429	0	0	0	0	1.418	1.143	0	0	0	0	0	0	100	100	1.166	1.429	1.418	1.143	Active
P11142	4h5v	3.318	1.113	1.455	0	0	0	0	1.441	1.131	0	0	0	0	0	0	100	100	1.113	1.455	1.441	1.131	Active
P11142	5aqk	4.054	1.103	1.45	0	0	0	0	1.436	1.129	0	0	0	0	0	0	100	100	1.103	1.45	1.436	1.129	Active
P11142	5aqu	3.897	1.131	1.361	0	0	0	0	1.353	1.128	0	0	0	0	0	0	100	100	1.131	1.361	1.353	1.128	Active
P11142	5aqv	3.762	1.113	1.407	0	0	0	0	1.398	1.108	0	0	0	0	0	0	100	100	1.113	1.407	1.398	1.108	Active
P11142	5aqh	3.915	1.112	1.378	0	0	0	0	1.384	1.107	0	0	0	0	0	0	100	100	1.112	1.378	1.384	1.107	Active
P11142	3fzh	4.075	1.093	1.363	0	0	0	0	1.375	1.103	0	0	0	0	0	0	100	100	1.093	1.363	1.375	1.103	Active
P11142	3fzf	4.175	1.045	1.469	0	0	0	0	1.451	1.088	0	0	0	0	0	0	100	100	1.045	1.469	1.451	1.088	Active
P11142	3m3z	3.999	1.07	1.466	0	0	0	0	1.449	1.082	0	0	0	0	0	0	100	100	1.07	1.466	1.449	1.082	Active
P11142	4hwi	3.588	1.035	1.459	0	0	0	0	1.446	1.055	0	0	0	0	0	0	100	100	1.035	1.459	1.446	1.055	Active
P12931	1fmk	1.857	1.08	3.287	0	0	0	0	0	0	1.988	1.301	5.43	12.788	0	0	100	94.6666666666667	1.08	3.287	3.709	7.0445	Autoinhibited
P12931	1ksw	1.767	1.258	2.843	0	0	0	0	0	0	1.238	1.446	5.517	8.589	0	0	100	94.6666666666667	1.258	2.843	3.3775	5.0175	Autoinhibited
P12931	2h8h	1.346	1.104	1.793	0	0	0	0	0	0	0.967	2.524	2.073	2.876	0	0	100	88	1.104	1.793	1.52	2.7	Autoinhibited
P12931	4k11	1.254	0.976	1.551	0	0	0	0	0	0	0.926	1.77	2.415	2.378	0	0	100	92	0.976	1.551	1.6705	2.074	Autoinhibited
P15498	6nf1	3.322	2.824	5.22	0	0	0	0	1.239	7.783	0	0	0	0	0	0	83.3333333333333	100	2.824	5.22	1.239	7.783	Autoinhibited
P16298	4or9	3.088	0	0	4.395	36.009	2.035	1.027	0.919	9.016	0	0	0	0	0	0	83.3333333333333	100	3.215	18.518	0.919	9.016	Autoinhibited
P18206	6fuy	7.251	3.503	38.239	0	0	0	0	23.521	27.568	0	0	0	0	0	0	84.6153846153846	96.4912280701754	3.503	38.239	23.521	27.568	
P22681	2k4d	16.721	13.683	50.686	0	0	0	0	1.96	30.187	0	0	0	0	0	0	92.8571428571429	100	13.683	50.686	1.96	30.187	
P22681	2k4d	16.721	13.683	50.686	0	0	0	0	1.96	30.187	0	0	0	0	0	0	92.8571428571429	100	13.683	50.686	1.96	30.187	
P22681	2k4d	16.721	13.683	50.686	0	0	0	0	1.96	30.187	0	0	0	0	0	0	92.8571428571429	100	13.683	50.686	1.96	30.187	
P22681	2k4d	16.721	13.683	50.686	0	0	0	0	1.96	30.187	0	0	0	0	0	0	92.8571428571429	100	13.683	50.686	1.96	30.187	
P22681	2k4d	16.721	13.683	50.686	0	0	0	0	1.96	30.187	0	0	0	0	0	0	92.8571428571429	100	13.683	50.686	1.96	30.187	
P22681	2k4d	16.721	13.683	50.686	0	0	0	0	1.96	30.187	0	0	0	0	0	0	92.8571428571429	100	13.683	50.686	1.96	30.187	
P22681	2k4d	16.721	13.683	50.686	0	0	0	0	1.96	30.187	0	0	0	0	0	0	92.8571428571429	100	13.683	50.686	1.96	30.187	
P22681	2k4d	16.721	13.683	50.686	0	0	0	0	1.96	30.187	0	0	0	0	0	0	92.8571428571429	100	13.683	50.686	1.96	30.187	
P22681	2k4d	16.721	13.683	50.686	0	0	0	0	1.96	30.187	0	0	0	0	0	0	92.8571428571429	100	13.683	50.686	1.96	30.187	
P22681	2k4d	16.721	13.683	50.686	0	0	0	0	1.96	30.187	0	0	0	0	0	0	92.8571428571429	100	13.683	50.686	1.96	30.187	
P22681	2k4d	16.721	13.683	50.686	0	0	0	0	1.96	30.187	0	0	0	0	0	0	92.8571428571429	100	13.683	50.686	1.96	30.187	
P22681	2k4d	16.721	13.683	50.686	0	0	0	0	1.96	30.187	0	0	0	0	0	0	92.8571428571429	100	13.683	50.686	1.96	30.187	
P22681	2k4d	16.721	13.683	50.686	0	0	0	0	1.96	30.187	0	0	0	0	0	0	92.8571428571429	100	13.683	50.686	1.96	30.187	
P22681	2k4d	16.721	13.683	50.686	0	0	0	0	1.96	30.187	0	0	0	0	0	0	92.8571428571429	100	13.683	50.686	1.96	30.187	
P22681	2k4d	16.721	13.683	50.686	0	0	0	0	1.96	30.187	0	0	0	0	0	0	92.8571428571429	100	13.683	50.686	1.96	30.187	
P22681	2k4d	16.721	13.683	50.686	0	0	0	0	1.96	30.187	0	0	0	0	0	0	92.8571428571429	100	13.683	50.686	1.96	30.187	
P22681	2k4d	16.721	13.683	50.686	0	0	0	0	1.96	30.187	0	0	0	0	0	0	92.8571428571429	100	13.683	50.686	1.96	30.187	
P22681	2k4d	16.721	13.683	50.686	0	0	0	0	1.96	30.187	0	0	0	0	0	0	92.8571428571429	100	13.683	50.686	1.96	30.187	
P22681	2k4d	16.721	13.683	50.686	0	0	0	0	1.96	30.187	0	0	0	0	0	0	92.8571428571429	100	13.683	50.686	1.96	30.187	
P22681	2k4d	16.721	13.683	50.686	0	0	0	0	1.96	30.187	0	0	0	0	0	0	92.8571428571429	100	13.683	50.686	1.96	30.187	
P22681	4a4c	1.37	2.149	1.471	0	0	0	0	1.157	2.208	0	0	0	0	0	0	96.4285714285714	100	2.149	1.471	1.157	2.208	
P26358	3pta	7.897	9.079	23.202	0	0	0	0	1.626	28.409	0	0	0	0	0	0	100	98.7041036717063	9.079	23.202	1.626	28.409	
P26358	3swr	7.184	8.203	24.024	0	0	0	0	1.007	27.137	0	0	0	0	0	0	100	99.5680345572354	8.203	24.024	1.007	27.137	
P27577	1r36	3.941	0	0	2.012	3.957	3.617	4.15	2.394	4.394	0	0	0	0	0	0	96.969696969697	100	2.8145	4.0535	2.394	4.394	
P27577	1r36	3.941	0	0	2.012	3.957	3.617	4.15	2.394	4.394	0	0	0	0	0	0	96.969696969697	100	2.8145	4.0535	2.394	4.394	
P27577	1r36	3.941	0	0	2.012	3.957	3.617	4.15	2.394	4.394	0	0	0	0	0	0	96.969696969697	100	2.8145	4.0535	2.394	4.394	
P27577	1r36	3.941	0	0	2.012	3.957	3.617	4.15	2.394	4.394	0	0	0	0	0	0	96.969696969697	100	2.8145	4.0535	2.394	4.394	
P27577	1r36	3.941	0	0	2.012	3.957	3.617	4.15	2.394	4.394	0	0	0	0	0	0	96.969696969697	100	2.8145	4.0535	2.394	4.394	
P27577	1r36	3.941	0	0	2.012	3.957	3.617	4.15	2.394	4.394	0	0	0	0	0	0	96.969696969697	100	2.8145	4.0535	2.394	4.394	
P27577	1r36	3.941	0	0	2.012	3.957	3.617	4.15	2.394	4.394	0	0	0	0	0	0	96.969696969697	100	2.8145	4.0535	2.394	4.394	
P27577	1r36	3.941	0	0	2.012	3.957	3.617	4.15	2.394	4.394	0	0	0	0	0	0	96.969696969697	100	2.8145	4.0535	2.394	4.394	
P27577	1r36	3.941	0	0	2.012	3.957	3.617	4.15	2.394	4.394	0	0	0	0	0	0	96.969696969697	100	2.8145	4.0535	2.394	4.394	
P27577	1r36	3.941	0	0	2.012	3.957	3.617	4.15	2.394	4.394	0	0	0	0	0	0	96.969696969697	100	2.8145	4.0535	2.394	4.394	
P27577	1r36	3.941	0	0	2.012	3.957	3.617	4.15	2.394	4.394	0	0	0	0	0	0	96.969696969697	100	2.8145	4.0535	2.394	4.394	
P27577	1r36	3.941	0	0	2.012	3.957	3.617	4.15	2.394	4.394	0	0	0	0	0	0	96.969696969697	100	2.8145	4.0535	2.394	4.394	
P27577	1r36	3.941	0	0	2.012	3.957	3.617	4.15	2.394	4.394	0	0	0	0	0	0	96.969696969697	100	2.8145	4.0535	2.394	4.394	
P27577	1r36	3.941	0	0	2.012	3.957	3.617	4.15	2.394	4.394	0	0	0	0	0	0	96.969696969697	100	2.8145	4.0535	2.394	4.394	
P27577	1r36	3.941	0	0	2.012	3.957	3.617	4.15	2.394	4.394	0	0	0	0	0	0	96.969696969697	100	2.8145	4.0535	2.394	4.394	
P27577	1r36	3.941	0	0	2.012	3.957	3.617	4.15	2.394	4.394	0	0	0	0	0	0	96.969696969697	100	2.8145	4.0535	2.394	4.394	
P27577	1r36	3.941	0	0	2.012	3.957	3.617	4.15	2.394	4.394	0	0	0	0	0	0	96.969696969697	100	2.8145	4.0535	2.394	4.394	
P27577	1r36	3.941	0	0	2.012	3.957	3.617	4.15	2.394	4.394	0	0	0	0	0	0	96.969696969697	100	2.8145	4.0535	2.394	4.394	
P27577	1r36	3.941	0	0	2.012	3.957	3.617	4.15	2.394	4.394	0	0	0	0	0	0	96.969696969697	100	2.8145	4.0535	2.394	4.394	
P27577	1r36	3.941	0	0	2.012	3.957	3.617	4.15	2.394	4.394	0	0	0	0	0	0	96.969696969697	100	2.8145	4.0535	2.394	4.394	
P27577	1r36	3.941	0	0	2.012	3.957	3.617	4.15	2.394	4.394	0	0	0	0	0	0	96.969696969697	100	2.8145	4.0535	2.394	4.394	
P27577	1r36	3.941	0	0	2.012	3.957	3.617	4.15	2.394	4.394	0	0	0	0	0	0	96.969696969697	100	2.8145	4.0535	2.394	4.394	
P27577	1r36	3.941	0	0	2.012	3.957	3.617	4.15	2.394	4.394	0	0	0	0	0	0	96.969696969697	100	2.8145	4.0535	2.394	4.394	
P27577	1r36	3.941	0	0	2.012	3.957	3.617	4.15	2.394	4.394	0	0	0	0	0	0	96.969696969697	100	2.8145	4.0535	2.394	4.394	
P27577	1r36	3.941	0	0	2.012	3.957	3.617	4.15	2.394	4.394	0	0	0	0	0	0	96.969696969697	100	2.8145	4.0535	2.394	4.394	
P28482	6qal	2.318	5.398	8.034	0	0	0	0	0	0	0.885	7.429	1.518	7.019	0	0	100	98.4905660377359	5.398	8.034	1.2015	7.224	
P28482	6g9n	2.373	5.392	7.8	0	0	0	0	0	0	1.189	7.302	1.511	7.02	0	0	100	99.622641509434	5.392	7.8	1.35	7.161	
P28482	7nr5	2.354	5.396	7.963	0	0	0	0	0	0	1.201	7.291	1.497	7.003	0	0	100	99.622641509434	5.396	7.963	1.349	7.147	
P28482	6g8x	2.302	5.352	7.951	0	0	0	0	0	0	1.114	7.261	1.505	6.994	0	0	100	99.622641509434	5.352	7.951	1.3095	7.1275	
P28482	6qa4	2.282	5.473	6.779	0	0	0	0	0	0	0.938	7.294	1.489	6.959	0	0	100	98.8679245283019	5.473	6.779	1.2135	7.1265	
P28482	4zzm	2.25	5.335	6.167	0	0	0	0	0	0	0.93	7.224	1.41	6.753	0	0	100	99.622641509434	5.335	6.167	1.17	6.9885	
P28482	4zzo	2.162	5.315	6.274	0	0	0	0	0	0	0.808	7.202	1.436	6.775	0	0	100	99.622641509434	5.315	6.274	1.122	6.9885	
P28482	5wp1	2.434	5.195	5.073	0	0	0	0	0	0	1.092	7.482	1.424	6.293	0	0	100	98.8679245283019	5.195	5.073	1.258	6.8875	
P28482	8aoh	2.41	5.227	5.306	0	0	0	0	0	0	1.525	7.225	1.477	6.449	0	0	100	98.1132075471698	5.227	5.306	1.501	6.837	
P28482	4zzn	2.157	5.154	5.557	0	0	0	0	0	0	0.884	7.063	1.383	6.505	0	0	100	99.622641509434	5.154	5.557	1.1335	6.784	
P28482	6qa1	2.28	5.241	5.325	0	0	0	0	0	0	1.09	7.127	1.494	6.423	0	0	100	99.622641509434	5.241	5.325	1.292	6.775	
P28482	8aoa	2.316	5.253	5.11	0	0	0	0	0	0	0.893	7.016	1.47	6.479	0	0	100	99.622641509434	5.253	5.11	1.1815	6.7475	
P28482	8ao7	2.354	5.244	5.326	0	0	0	0	0	0	1.091	6.992	1.484	6.483	0	0	100	99.622641509434	5.244	5.326	1.2875	6.7375	
P28482	8aoc	2.324	5.264	5.16	0	0	0	0	0	0	0.954	6.974	1.5	6.49	0	0	100	99.2452830188679	5.264	5.16	1.227	6.732	
P28482	6qaw	2.202	5.259	5.04	0	0	0	0	0	0	0.889	6.97	1.508	6.486	0	0	100	99.2452830188679	5.259	5.04	1.1985	6.728	
P28482	4n0s	2.866	5.164	5.253	0	0	0	0	0	0	1.006	7.015	1.475	6.415	0	0	100	98.4905660377359	5.164	5.253	1.2405	6.715	
P28482	7nqq	2.305	5.299	5.059	0	0	0	0	0	0	1.207	6.9	1.473	6.528	0	0	100	99.622641509434	5.299	5.059	1.34	6.714	
P28482	8aog	2.307	5.244	5.191	0	0	0	0	0	0	1.303	6.951	1.455	6.474	0	0	100	97.3584905660377	5.244	5.191	1.379	6.7125	
P28482	6nbs	2.219	5.198	5.5	0	0	0	0	0	0	0.988	6.964	1.497	6.454	0	0	100	100	5.198	5.5	1.2425	6.709	
P28482	6q7s	2.219	5.192	5.061	0	0	0	0	0	0	0.934	6.984	1.454	6.403	0	0	100	99.62264151	5.192	5.061	1.194	6.6935	
P28482	6g92	2.188	5.141	5.393	0	0	0	0	0	0	0.932	6.933	1.448	6.431	0	0	100	99.62264151	5.141	5.393	1.19	6.682	
P28482	7E+073	2.352	5.187	5.468	0	0	0	0	0	0	1.102	6.916	1.444	6.443	0	0	100	100	5.187	5.468	1.273	6.6795	
P28482	4fv0	2.225	5.134	4.971	0	0	0	0	0	0	0.916	7.038	1.405	6.319	0	0	100	98.86792453	5.134	4.971	1.1605	6.6785	
P28482	5lck	2.295	5.259	5.121	0	0	0	0	0	0	0.888	6.886	1.441	6.469	0	0	100	99.24528302	5.259	5.121	1.1645	6.6775	
P28482	8ao3	2.172	5.223	5.095	0	0	0	0	0	0	0.853	6.857	1.491	6.493	0	0	100	99.24528302	5.223	5.095	1.172	6.675	
P28482	8aof	2.434	5.238	5.16	0	0	0	0	0	0	1.472	6.865	1.48	6.481	0	0	100	97.73584906	5.238	5.16	1.476	6.673	
P28482	7nr9	2.259	5.147	5.085	0	0	0	0	0	0	1.263	6.815	1.485	6.52	0	0	100	99.62264151	5.147	5.085	1.374	6.6675	
P28482	8aob	2.19	5.241	5.055	0	0	0	0	0	0	0.844	6.885	1.45	6.445	0	0	100	96.22641509	5.241	5.055	1.147	6.665	
P28482	6qa3	2.224	5.21	5.009	0	0	0	0	0	0	1.153	6.894	1.444	6.436	0	0	100	99.62264151	5.21	5.009	1.2985	6.665	
P28482	8aoi	2.673	5.252	5.283	0	0	0	0	0	0	2.24	6.88	1.486	6.445	0	0	100	99.62264151	5.252	5.283	1.863	6.6625	
P28482	8ao6	2.173	5.238	5.261	0	0	0	0	0	0	0.884	6.818	1.468	6.506	0	0	100	99.24528302	5.238	5.261	1.176	6.662	
P28482	8ao4	2.16	5.187	5.012	0	0	0	0	0	0	0.85	6.844	1.495	6.47	0	0	100	99.24528302	5.187	5.012	1.1725	6.657	
P28482	6g9k	2.242	5.228	5.117	0	0	0	0	0	0	1.207	6.852	1.474	6.462	0	0	100	99.24528302	5.228	5.117	1.3405	6.657	
P28482	8ao9	2.236	5.249	5.049	0	0	0	0	0	0	1.092	6.862	1.474	6.452	0	0	100	98.86792453	5.249	5.049	1.283	6.657	
P28482	6g91	2.138	5.245	5.099	0	0	0	0	0	0	0.886	6.805	1.419	6.508	0	0	100	99.62264151	5.245	5.099	1.1525	6.6565	
P28482	6gjb	2.2	5.235	5.14	0	0	0	0	0	0	0.995	6.846	1.4	6.459	0	0	100	99.62264151	5.235	5.14	1.1975	6.6525	
P28482	7nr3	2.165	5.265	4.95	0	0	0	0	0	0	1.006	6.802	1.452	6.489	0	0	100	99.62264151	5.265	4.95	1.229	6.6455	
P28482	7nr8	2.409	5.272	5.259	0	0	0	0	0	0	1.374	6.784	1.493	6.505	0	0	100	99.62264151	5.272	5.259	1.4335	6.6445	
P28482	8aoe	2.427	5.257	5.092	0	0	0	0	0	0	1.441	6.836	1.483	6.453	0	0	100	96.22641509	5.257	5.092	1.462	6.6445	
P28482	7auv	2.351	5.169	5.541	0	0	0	0	0	0	1.23	6.747	1.507	6.537	0	0	100	99.62264151	5.169	5.541	1.3685	6.642	
P28482	5lcj	2.226	5.133	5.523	0	0	0	0	0	0	0.845	6.855	1.42	6.428	0	0	100	99.62264151	5.133	5.523	1.1325	6.6415	
P28482	1pme	2.422	5.24	5.03	0	0	0	0	0	0	0.975	6.88	1.465	6.398	0	0	100	98.49056604	5.24	5.03	1.22	6.639	
P28482	6g9j	2.292	5.279	4.935	0	0	0	0	0	0	1.198	6.79	1.471	6.48	0	0	100	98.86792453	5.279	4.935	1.3345	6.635	
P28482	1tvo	2.497	5.318	5.455	0	0	0	0	0	0	1.254	6.763	1.792	6.503	0	0	100	100	5.318	5.455	1.523	6.633	
P28482	6q7t	2.169	5.213	5.179	0	0	0	0	0	0	0.995	6.815	1.425	6.449	0	0	100	99.622641509434	5.213	5.179	1.21	6.632	
P28482	4g6n	2.175	5.164	4.982	0	0	0	0	0	0	0.813	6.903	1.449	6.36	0	0	100	99.622641509434	5.164	4.982	1.131	6.6315	
P28482	6gjd	2.159	5.244	4.991	0	0	0	0	0	0	1.009	6.799	1.421	6.458	0	0	100	99.622641509434	5.244	4.991	1.215	6.6285	
P28482	4fuy	2.274	5.138	5.316	0	0	0	0	0	0	1.003	6.831	1.416	6.418	0	0	100	96.6037735849057	5.138	5.316	1.2095	6.6245	
P28482	5nhf	2.169	5.192	5.188	0	0	0	0	0	0	0.848	6.874	1.373	6.373	0	0	100	99.622641509434	5.192	5.188	1.1105	6.6235	
P28482	6g9m	2.218	5.269	5.081	0	0	0	0	0	0	1.227	6.77	1.457	6.468	0	0	100	99.622641509434	5.269	5.081	1.342	6.619	
P28482	7E+075	2.375	5.211	5.196	0	0	0	0	0	0	1.131	6.875	1.504	6.357	0	0	100	100	5.211	5.196	1.3175	6.616	
P28482	6ge0	2.251	5.246	4.959	0	0	0	0	0	0	1.148	6.729	1.435	6.465	0	0	100	99.2452830188679	5.246	4.959	1.2915	6.597	
P28482	4fv2	2.205	5.138	5.686	0	0	0	0	0	0	0.971	6.747	1.404	6.443	0	0	100	99.622641509434	5.138	5.686	1.1875	6.595	
P28482	6gdm	2.3	5.094	5.243	0	0	0	0	0	0	1.129	6.803	1.479	6.384	0	0	100	98.4905660377359	5.094	5.243	1.304	6.5935	
P28482	2ojg	2.265	5.141	5.148	0	0	0	0	0	0	1.275	6.748	1.455	6.413	0	0	100	100	5.141	5.148	1.365	6.5805	
P28482	7nqw	2.307	5.258	4.894	0	0	0	0	0	0	1.186	6.665	1.445	6.489	0	0	100	99.622641509434	5.258	4.894	1.3155	6.577	
P28482	8ao5	2.226	5.254	4.88	0	0	0	0	0	0	0.944	6.651	1.472	6.465	0	0	100	98.4905660377359	5.254	4.88	1.208	6.558	
P28482	6g9h	2.22	5.264	4.94	0	0	0	0	0	0	1.163	6.656	1.462	6.459	0	0	100	99.622641509434	5.264	4.94	1.3125	6.5575	
P28482	8ao8	2.154	5.116	5.217	0	0	0	0	0	0	0.931	6.676	1.47	6.438	0	0	100	99.622641509434	5.116	5.217	1.2005	6.557	
P28482	6q7k	2.263	5.194	4.846	0	0	0	0	0	0	1.176	6.809	1.467	6.3	0	0	100	99.622641509434	5.194	4.846	1.3215	6.5545	
P28482	6qaq	2.252	5.191	4.842	0	0	0	0	0	0	1.199	6.747	1.473	6.345	0	0	100	99.622641509434	5.191	4.842	1.336	6.546	
P28482	5ngu	2.161	5.158	5.011	0	0	0	0	0	0	1.06	6.687	1.399	6.393	0	0	100	99.622641509434	5.158	5.011	1.2295	6.54	
P28482	6qah	2.187	5.196	5.073	0	0	0	0	0	0	1.089	6.724	1.434	6.349	0	0	100	99.2452830188679	5.196	5.073	1.2615	6.5365	
P28482	4fv1	2.132	5.063	5.754	0	0	0	0	0	0	1.008	6.679	1.405	6.381	0	0	100	99.622641509434	5.063	5.754	1.2065	6.53	
P28482	4g6o	2.112	5.164	4.899	0	0	0	0	0	0	0.856	6.637	1.394	6.422	0	0	100	98.4905660377359	5.164	4.899	1.125	6.5295	
P28482	6rq4	2.148	5.262	4.818	0	0	0	0	0	0	1.075	6.601	1.426	6.451	0	0	100	99.622641509434	5.262	4.818	1.2505	6.526	
P28482	6gdq	2.107	5.271	4.972	0	0	0	0	0	0	0.977	6.531	1.446	6.516	0	0	100	99.622641509434	5.271	4.972	1.2115	6.5235	
P28482	5nhv	2.159	5.206	5.101	0	0	0	0	0	0	0.973	6.581	1.417	6.465	0	0	100	100	5.206	5.101	1.195	6.523	
P28482	2oji	2.249	5.107	5.145	0	0	0	0	0	0	1.018	6.716	1.474	6.302	0	0	100	100	5.107	5.145	1.246	6.509	
P28482	8aoj	2.175	5.254	4.746	0	0	0	0	0	0	1.147	6.557	1.508	6.454	0	0	100	99.62264151	5.254	4.746	1.3275	6.5055	
P28482	2ojj	2.274	5.126	5.252	0	0	0	0	0	0	1.085	6.644	1.498	6.364	0	0	100	100	5.126	5.252	1.2915	6.504	
P28482	4fv3	2.19	5.175	4.787	0	0	0	0	0	0	1.027	6.575	1.397	6.397	0	0	100	99.62264151	5.175	4.787	1.212	6.486	
P28482	6g93	2.111	5.251	4.786	0	0	0	0	0	0	1.038	6.477	1.438	6.48	0	0	100	99.62264151	5.251	4.786	1.238	6.4785	
P28482	6dmg	2.186	5.153	4.863	0	0	0	0	0	0	1.028	6.559	1.389	6.391	0	0	100	99.62264151	5.153	4.863	1.2085	6.475	
P28482	6qag	2.186	5.131	4.847	0	0	0	0	0	0	1.218	6.64	1.447	6.305	0	0	100	99.62264151	5.131	4.847	1.3325	6.4725	
P28482	6g9a	2.144	5.263	4.543	0	0	0	0	0	0	1.18	6.362	1.439	6.48	0	0	100	99.62264151	5.263	4.543	1.3095	6.421	
P28482	5nhp	2.06	5.199	4.934	0	0	0	0	0	0	0.905	6.382	1.392	6.438	0	0	100	100	5.199	4.934	1.1485	6.41	
P28482	4fv7	2.176	5.172	4.631	0	0	0	0	0	0	1.181	6.267	1.375	6.398	0	0	100	99.24528302	5.172	4.631	1.278	6.3325	
P28482	5nhh	2.155	5.158	5.115	0	0	0	0	0	0	1	6.175	1.456	6.484	0	0	100	100	5.158	5.115	1.228	6.3295	
P28482	5nhj	2.193	5.186	4.725	0	0	0	0	0	0	1.129	6.155	1.376	6.484	0	0	100	100	5.186	4.725	1.2525	6.3195	
P28482	1wzy	2.515	5.285	5.371	0	0	0	0	0	0	1.547	6.303	1.988	6.31	0	0	100	100	5.285	5.371	1.7675	6.3065	
P28482	6g54	2.21	5.111	4.511	0	0	0	0	0	0	1.011	6.273	1.562	6.336	0	0	100	100	5.111	4.511	1.2865	6.3045	
P28482	6slg	2.065	4.98	4.712	0	0	0	0	0	0	0.941	6.459	1.398	6.128	0	0	100	100	4.98	4.712	1.1695	6.2935	
P28482	5nho	2.144	5.217	4.554	0	0	0	0	0	0	1.113	6.164	1.385	6.404	0	0	100	100	5.217	4.554	1.249	6.284	
P28482	6g97	2.152	5.274	4.209	0	0	0	0	0	0	1.181	6.066	1.434	6.469	0	0	100	99.62264151	5.274	4.209	1.3075	6.2675	
P28482	5nhl	2.087	4.99	5.285	0	0	0	0	0	0	0.967	6.218	1.386	6.253	0	0	100	100	4.99	5.285	1.1765	6.2355	
P28482	6oph	2.135	4.135	6.136	0	0	0	0	0	0	1.267	6.084	1.197	6.285	0	0	91.66666667	100	4.135	6.136	1.232	6.1845	
P28482	6opg	2.188	4.126	6.057	0	0	0	0	0	0	1.299	5.981	1.274	6.204	0	0	91.66666667	100	4.126	6.057	1.2865	6.0925	
P28482	5v60	2.003	4.1	5.904	0	0	0	0	0	0	1.077	5.963	1.22	6.222	0	0	91.66666667	100	4.1	5.904	1.1485	6.0925	
P28482	5v62	2.103	4.103	5.906	0	0	0	0	0	0	1.317	5.753	1.242	6.351	0	0	91.66666667	100	4.103	5.906	1.2795	6.052	
P28482	5v61	2.604	4.08	5.969	0	0	0	0	0	0	1.224	5.753	1.193	6.287	0	0	91.66666667	100	4.08	5.969	1.2085	6.02	
P28482	7opm	2.765	4.112	6.051	0	0	0	0	0	0	1.166	5.808	1.186	6.222	0	0	91.66666667	100	4.112	6.051	1.176	6.015	
P28482	4qte	2.196	5.063	4.207	0	0	0	0	0	0	1.095	5.779	1.561	6.164	0	0	100	100	5.063	4.207	1.328	5.9715	
P28482	4h3q	1.929	4.414	2.883	0	0	0	0	0	0	1.051	5.002	1.292	4.991	0	0	100	100	4.414	2.883	1.1715	4.9965	
P28482	4fmq	2.001	4	2.549	0	0	0	0	0	0	1.164	4.64	1.593	4.401	0	0	100	100	4	2.549	1.3785	4.5205	
P28482	2y9q	1.967	3.951	2.498	0	0	0	0	0	0	1.093	4.614	1.43	4.248	0	0	100	100	3.951	2.498	1.2615	4.431	
P28482	5ax3	2.147	3.572	3.628	0	0	0	0	0	0	1.287	3.868	3.786	4.622	0	0	83.3333333333333	94.3396226415094	3.572	3.628	2.5365	4.245	
P31016	1kjw	2.554	2.852	3.638	0	0	0	0	1.224	3.761	0	0	0	0	0	0	97.1830985915493	100	2.852	3.638	1.224	3.761	
P31016	5ypr	1.735	1.776	2.893	0	0	0	0	1.54	2.441	0	0	0	0	0	0	90.1408450704225	100	1.776	2.893	1.54	2.441	
P31749	6hhf	10.314	2.607	23.621	0	0	0	0	2.996	20.857	0	0	0	0	0	0	92.3076923076923	87.6447876447876	2.607	23.621	2.996	20.857	
P31749	4ejn	10.9	2.988	24.469	0	0	0	0	3.865	20.485	0	0	0	0	0	0	93.2692307692308	93.0501930501931	2.988	24.469	3.865	20.485	
P31749	5kcv	10.541	2.958	24.398	0	0	0	0	2.215	20.433	0	0	0	0	0	0	87.5	87.2586872586873	2.958	24.398	2.215	20.433	
P31749	6hhi	10.426	3.554	23.68	0	0	0	0	5.685	20.244	0	0	0	0	0	0	97.1153846153846	92.6640926640927	3.554	23.68	5.685	20.244	
P31749	6hhg	10.14	3.41	23.471	0	0	0	0	5.724	20.114	0	0	0	0	0	0	96.1538461538462	91.8918918918919	3.41	23.471	5.724	20.114	
P31749	6s9x	9.927	3.292	23.411	0	0	0	0	4.842	20.095	0	0	0	0	0	0	96.1538461538462	91.1196911196911	3.292	23.411	4.842	20.095	
P31749	7nh4	9.385	3.382	23.173	0	0	0	0	4.46	20.053	0	0	0	0	0	0	97.1153846153846	90.7335907335907	3.382	23.173	4.46	20.053	
P31749	3o96	10.469	3.143	23.954	0	0	0	0	3.31	20.039	0	0	0	0	0	0	94.2307692307692	90.7335907335907	3.143	23.954	3.31	20.039	
P31749	6hhh	10.021	3.159	23.928	0	0	0	0	3.879	19.995	0	0	0	0	0	0	97.1153846153846	90.3474903474904	3.159	23.928	3.879	19.995	
P31749	6hhj	10.233	3.734	23.763	0	0	0	0	7.485	19.946	0	0	0	0	0	0	98.0769230769231	100	3.734	23.763	7.485	19.946	
P31749	6s9w	9.942	3.879	23.853	0	0	0	0	6.98	19.899	0	0	0	0	0	0	100	99.2277992277992	3.879	23.853	6.98	19.899	
P31749	7nh5	9.627	3.442	23.374	0	0	0	0	4.526	19.893	0	0	0	0	0	0	96.1538461538462	90.7335907335907	3.442	23.374	4.526	19.893	
P32527	2lwx	1.45	1.77	1.533	0	0	0	0	1.347	1.799	0	0	0	0	0	0	100	100	1.77	1.533	1.347	1.799	
P32527	2lwx	1.45	1.77	1.533	0	0	0	0	1.347	1.799	0	0	0	0	0	0	100	100	1.77	1.533	1.347	1.799	
P32527	2lwx	1.45	1.77	1.533	0	0	0	0	1.347	1.799	0	0	0	0	0	0	100	100	1.77	1.533	1.347	1.799	
P32527	2lwx	1.45	1.77	1.533	0	0	0	0	1.347	1.799	0	0	0	0	0	0	100	100	1.77	1.533	1.347	1.799	
P32527	2lwx	1.45	1.77	1.533	0	0	0	0	1.347	1.799	0	0	0	0	0	0	100	100	1.77	1.533	1.347	1.799	
P32527	2lwx	1.45	1.77	1.533	0	0	0	0	1.347	1.799	0	0	0	0	0	0	100	100	1.77	1.533	1.347	1.799	
P32527	2lwx	1.45	1.77	1.533	0	0	0	0	1.347	1.799	0	0	0	0	0	0	100	100	1.77	1.533	1.347	1.799	
P32527	2lwx	1.45	1.77	1.533	0	0	0	0	1.347	1.799	0	0	0	0	0	0	100	100	1.77	1.533	1.347	1.799	
P32527	2lwx	1.45	1.77	1.533	0	0	0	0	1.347	1.799	0	0	0	0	0	0	100	100	1.77	1.533	1.347	1.799	
P32527	2lwx	1.45	1.77	1.533	0	0	0	0	1.347	1.799	0	0	0	0	0	0	100	100	1.77	1.533	1.347	1.799	
P32527	2lwx	1.45	1.77	1.533	0	0	0	0	1.347	1.799	0	0	0	0	0	0	100	100	1.77	1.533	1.347	1.799	
P32527	2lwx	1.45	1.77	1.533	0	0	0	0	1.347	1.799	0	0	0	0	0	0	100	100	1.77	1.533	1.347	1.799	
P32527	2lwx	1.45	1.77	1.533	0	0	0	0	1.347	1.799	0	0	0	0	0	0	100	100	1.77	1.533	1.347	1.799	
P32527	2lwx	1.45	1.77	1.533	0	0	0	0	1.347	1.799	0	0	0	0	0	0	100	100	1.77	1.533	1.347	1.799	
P32527	2lwx	1.45	1.77	1.533	0	0	0	0	1.347	1.799	0	0	0	0	0	0	100	100	1.77	1.533	1.347	1.799	
P32527	2lwx	1.45	1.77	1.533	0	0	0	0	1.347	1.799	0	0	0	0	0	0	100	100	1.77	1.533	1.347	1.799	
P32527	2lwx	1.45	1.77	1.533	0	0	0	0	1.347	1.799	0	0	0	0	0	0	100	100	1.77	1.533	1.347	1.799	
P32527	2lwx	1.45	1.77	1.533	0	0	0	0	1.347	1.799	0	0	0	0	0	0	100	100	1.77	1.533	1.347	1.799	
P32527	2lwx	1.45	1.77	1.533	0	0	0	0	1.347	1.799	0	0	0	0	0	0	100	100	1.77	1.533	1.347	1.799	
P32527	2lwx	1.45	1.77	1.533	0	0	0	0	1.347	1.799	0	0	0	0	0	0	100	100	1.77	1.533	1.347	1.799	
P35609	4d1e	113.774	3.48	232.052	0	0	0	0	4.342	220.629	0	0	0	0	0	0	100	100	3.48	232.052	4.342	220.629	
P45985	3alo	5.721	0.889	6.326	0	0	0	0	0	0	0.69	0.958	6.384	1.258	0	0	100	97.4789916	0.889	6.326	3.537	1.108	
P46108	2eyz	22.296	2.86	38.771	0	0	0	0	2.479	28.031	0	0	0	0	0	0	100	100	2.86	38.771	2.479	28.031	
P46109	2lqn	25.935	2.506	29.628	0	0	0	0	1.782	47.604	0	0	0	0	0	0	100	100	2.506	29.628	1.782	47.604	
P46109	2lqn	25.935	2.506	29.628	0	0	0	0	1.782	47.604	0	0	0	0	0	0	100	100	2.506	29.628	1.782	47.604	
P46109	2lqn	25.935	2.506	29.628	0	0	0	0	1.782	47.604	0	0	0	0	0	0	100	100	2.506	29.628	1.782	47.604	
P46109	2lqn	25.935	2.506	29.628	0	0	0	0	1.782	47.604	0	0	0	0	0	0	100	100	2.506	29.628	1.782	47.604	
P46109	2lqn	25.935	2.506	29.628	0	0	0	0	1.782	47.604	0	0	0	0	0	0	100	100	2.506	29.628	1.782	47.604	
P46109	2lqn	25.935	2.506	29.628	0	0	0	0	1.782	47.604	0	0	0	0	0	0	100	100	2.506	29.628	1.782	47.604	
P46109	2lqn	25.935	2.506	29.628	0	0	0	0	1.782	47.604	0	0	0	0	0	0	100	100	2.506	29.628	1.782	47.604	
P46109	2lqn	25.935	2.506	29.628	0	0	0	0	1.782	47.604	0	0	0	0	0	0	100	100	2.506	29.628	1.782	47.604	
P46109	2lqn	25.935	2.506	29.628	0	0	0	0	1.782	47.604	0	0	0	0	0	0	100	100	2.506	29.628	1.782	47.604	
P46109	2lqn	25.935	2.506	29.628	0	0	0	0	1.782	47.604	0	0	0	0	0	0	100	100	2.506	29.628	1.782	47.604	
P46109	2lqn	25.935	2.506	29.628	0	0	0	0	1.782	47.604	0	0	0	0	0	0	100	100	2.506	29.628	1.782	47.604	
P46109	2lqn	25.935	2.506	29.628	0	0	0	0	1.782	47.604	0	0	0	0	0	0	100	100	2.506	29.628	1.782	47.604	
P46109	2lqn	25.935	2.506	29.628	0	0	0	0	1.782	47.604	0	0	0	0	0	0	100	100	2.506	29.628	1.782	47.604	
P46109	2lqn	25.935	2.506	29.628	0	0	0	0	1.782	47.604	0	0	0	0	0	0	100	100	2.506	29.628	1.782	47.604	
P46109	2lqn	25.935	2.506	29.628	0	0	0	0	1.782	47.604	0	0	0	0	0	0	100	100	2.506	29.628	1.782	47.604	
P46109	2lqn	25.935	2.506	29.628	0	0	0	0	1.782	47.604	0	0	0	0	0	0	100	100	2.506	29.628	1.782	47.604	
P46109	2lqn	25.935	2.506	29.628	0	0	0	0	1.782	47.604	0	0	0	0	0	0	100	100	2.506	29.628	1.782	47.604	
P46109	2lqn	25.935	2.506	29.628	0	0	0	0	1.782	47.604	0	0	0	0	0	0	100	100	2.506	29.628	1.782	47.604	
P46109	2lqn	25.935	2.506	29.628	0	0	0	0	1.782	47.604	0	0	0	0	0	0	100	100	2.506	29.628	1.782	47.604	
P46109	2lqn	25.935	2.506	29.628	0	0	0	0	1.782	47.604	0	0	0	0	0	0	100	100	2.506	29.628	1.782	47.604	
P46109	2lqw	25.161	2.35	29.947	0	0	0	0	2.549	46.938	0	0	0	0	0	0	100	100	2.35	29.947	2.549	46.938	
P46109	2lqw	25.161	2.35	29.947	0	0	0	0	2.549	46.938	0	0	0	0	0	0	100	100	2.35	29.947	2.549	46.938	
P46109	2lqw	25.161	2.35	29.947	0	0	0	0	2.549	46.938	0	0	0	0	0	0	100	100	2.35	29.947	2.549	46.938	
P46109	2lqw	25.161	2.35	29.947	0	0	0	0	2.549	46.938	0	0	0	0	0	0	100	100	2.35	29.947	2.549	46.938	
P46109	2lqw	25.161	2.35	29.947	0	0	0	0	2.549	46.938	0	0	0	0	0	0	100	100	2.35	29.947	2.549	46.938	
P46109	2lqw	25.161	2.35	29.947	0	0	0	0	2.549	46.938	0	0	0	0	0	0	100	100	2.35	29.947	2.549	46.938	
P46109	2lqw	25.161	2.35	29.947	0	0	0	0	2.549	46.938	0	0	0	0	0	0	100	100	2.35	29.947	2.549	46.938	
P46109	2lqw	25.161	2.35	29.947	0	0	0	0	2.549	46.938	0	0	0	0	0	0	100	100	2.35	29.947	2.549	46.938	
P46109	2lqw	25.161	2.35	29.947	0	0	0	0	2.549	46.938	0	0	0	0	0	0	100	100	2.35	29.947	2.549	46.938	
P46109	2lqw	25.161	2.35	29.947	0	0	0	0	2.549	46.938	0	0	0	0	0	0	100	100	2.35	29.947	2.549	46.938	
P46109	2lqw	25.161	2.35	29.947	0	0	0	0	2.549	46.938	0	0	0	0	0	0	100	100	2.35	29.947	2.549	46.938	
P46109	2lqw	25.161	2.35	29.947	0	0	0	0	2.549	46.938	0	0	0	0	0	0	100	100	2.35	29.947	2.549	46.938	
P46109	2lqw	25.161	2.35	29.947	0	0	0	0	2.549	46.938	0	0	0	0	0	0	100	100	2.35	29.947	2.549	46.938	
P46109	2lqw	25.161	2.35	29.947	0	0	0	0	2.549	46.938	0	0	0	0	0	0	100	100	2.35	29.947	2.549	46.938	
P46109	2lqw	25.161	2.35	29.947	0	0	0	0	2.549	46.938	0	0	0	0	0	0	100	100	2.35	29.947	2.549	46.938	
P46109	2lqw	25.161	2.35	29.947	0	0	0	0	2.549	46.938	0	0	0	0	0	0	100	100	2.35	29.947	2.549	46.938	
P46109	2lqw	25.161	2.35	29.947	0	0	0	0	2.549	46.938	0	0	0	0	0	0	100	100	2.35	29.947	2.549	46.938	
P46109	2lqw	25.161	2.35	29.947	0	0	0	0	2.549	46.938	0	0	0	0	0	0	100	100	2.35	29.947	2.549	46.938	
P46109	2lqw	25.161	2.35	29.947	0	0	0	0	2.549	46.938	0	0	0	0	0	0	100	100	2.35	29.947	2.549	46.938	
P46109	2lqw	25.161	2.35	29.947	0	0	0	0	2.549	46.938	0	0	0	0	0	0	100	100	2.35	29.947	2.549	46.938	
P49137	2oza	4.214	1.321	4.769	0	0	0	0	4.833	1.352	0	0	0	0	0	0	100	96.94656489	1.321	4.769	4.833	1.352	
P49137	3m42	3.329	1.311	3.634	0	0	0	0	3.619	1.306	0	0	0	0	0	0	100	89.3129771	1.311	3.634	3.619	1.306	
P49137	3kga	3.274	1.274	3.581	0	0	0	0	3.552	1.267	0	0	0	0	0	0	100	89.3129771	1.274	3.581	3.552	1.267	
P49137	4tyh	3.957	1.228	4.52	0	0	0	0	4.581	1.257	0	0	0	0	0	0	100	95.80152672	1.228	4.52	4.581	1.257	
P49137	3m2w	3.311	1.23	3.671	0	0	0	0	3.612	1.229	0	0	0	0	0	0	100	89.3129771	1.23	3.671	3.612	1.229	
P49137	3ka0	2.111	1.178	2.277	0	0	0	0	2.257	1.227	0	0	0	0	0	0	100	85.11450382	1.178	2.277	2.257	1.227	
P52293	3ve6	1.203	-1	-1	0	0	0	0	0	0	0.552	0.552	0.688	0.688	0	0	100	100	-1	-1	0.62	0.62	
P52564	3vn9	3.212	2.953	4.944	0	0	0	0	0	0	3.284	3.749	1.021	3.549	0	0	100	89.6946564885496	2.953	4.944	2.1525	3.649	
P52564	3fme	2.567	2.989	4.262	0	0	0	0	0	0	2.661	3.733	0.947	3.485	0	0	100	82.0610687022901	2.989	4.262	1.804	3.609	
P52564	8a8m	0	0	0	0	0	0	0	0	0	0	0	0	0	0	0	100	84.7328244274809	0	0	0	0	
P54578	2ayo	2.54	0	0	3.131	3.504	1.646	4.485	0	0	2.13	3.227	2.785	3.183	1.339	3.231	100	84.1688654353562	2.3885	3.9945	2.08466666666667	3.21366666666667	
P55957	2bid	9.619	6.369	9.638	0	0	0	0	7.368	9.332	0	0	0	0	0	0	100	100	6.369	9.638	7.368	9.332	
P55957	2bid	9.619	6.369	9.638	0	0	0	0	7.368	9.332	0	0	0	0	0	0	100	100	6.369	9.638	7.368	9.332	
P55957	2bid	9.619	6.369	9.638	0	0	0	0	7.368	9.332	0	0	0	0	0	0	100	100	6.369	9.638	7.368	9.332	
P55957	2bid	9.619	6.369	9.638	0	0	0	0	7.368	9.332	0	0	0	0	0	0	100	100	6.369	9.638	7.368	9.332	
P55957	2bid	9.619	6.369	9.638	0	0	0	0	7.368	9.332	0	0	0	0	0	0	100	100	6.369	9.638	7.368	9.332	
P55957	2bid	9.619	6.369	9.638	0	0	0	0	7.368	9.332	0	0	0	0	0	0	100	100	6.369	9.638	7.368	9.332	
P55957	2bid	9.619	6.369	9.638	0	0	0	0	7.368	9.332	0	0	0	0	0	0	100	100	6.369	9.638	7.368	9.332	
P55957	2bid	9.619	6.369	9.638	0	0	0	0	7.368	9.332	0	0	0	0	0	0	100	100	6.369	9.638	7.368	9.332	
P55957	2bid	9.619	6.369	9.638	0	0	0	0	7.368	9.332	0	0	0	0	0	0	100	100	6.369	9.638	7.368	9.332	
P55957	2bid	9.619	6.369	9.638	0	0	0	0	7.368	9.332	0	0	0	0	0	0	100	100	6.369	9.638	7.368	9.332	
P55957	2bid	9.619	6.369	9.638	0	0	0	0	7.368	9.332	0	0	0	0	0	0	100	100	6.369	9.638	7.368	9.332	
P55957	2bid	9.619	6.369	9.638	0	0	0	0	7.368	9.332	0	0	0	0	0	0	100	100	6.369	9.638	7.368	9.332	
P55957	2bid	9.619	6.369	9.638	0	0	0	0	7.368	9.332	0	0	0	0	0	0	100	100	6.369	9.638	7.368	9.332	
P55957	2bid	9.619	6.369	9.638	0	0	0	0	7.368	9.332	0	0	0	0	0	0	100	100	6.369	9.638	7.368	9.332	
P55957	2bid	9.619	6.369	9.638	0	0	0	0	7.368	9.332	0	0	0	0	0	0	100	100	6.369	9.638	7.368	9.332	
P60240	7m8e	0	0	0	0	0	0	0	0	0	0	0	0	0	0	0	99.09090909	100	0	0	0	0	
P62826	2n1b	28.801	9.072	50.644	0	0	0	0	5.17	69.52	0	0	0	0	0	0	100	100	9.072	50.644	5.17	69.52	
P62826	2n1b	28.801	9.072	50.644	0	0	0	0	5.17	69.52	0	0	0	0	0	0	100	100	9.072	50.644	5.17	69.52	
P62826	2n1b	28.801	9.072	50.644	0	0	0	0	5.17	69.52	0	0	0	0	0	0	100	100	9.072	50.644	5.17	69.52	
P62826	2n1b	28.801	9.072	50.644	0	0	0	0	5.17	69.52	0	0	0	0	0	0	100	100	9.072	50.644	5.17	69.52	
P62826	2n1b	28.801	9.072	50.644	0	0	0	0	5.17	69.52	0	0	0	0	0	0	100	100	9.072	50.644	5.17	69.52	
P62826	2n1b	28.801	9.072	50.644	0	0	0	0	5.17	69.52	0	0	0	0	0	0	100	100	9.072	50.644	5.17	69.52	
P62826	2n1b	28.801	9.072	50.644	0	0	0	0	5.17	69.52	0	0	0	0	0	0	100	100	9.072	50.644	5.17	69.52	
P62826	2n1b	28.801	9.072	50.644	0	0	0	0	5.17	69.52	0	0	0	0	0	0	100	100	9.072	50.644	5.17	69.52	
P62826	2n1b	28.801	9.072	50.644	0	0	0	0	5.17	69.52	0	0	0	0	0	0	100	100	9.072	50.644	5.17	69.52	
P62826	2n1b	28.801	9.072	50.644	0	0	0	0	5.17	69.52	0	0	0	0	0	0	100	100	9.072	50.644	5.17	69.52	
P62826	2mmc	28.198	11.833	52.131	0	0	0	0	4.801	68.008	0	0	0	0	0	0	100	100	11.833	52.131	4.801	68.008	
P62826	2mmc	28.198	11.833	52.131	0	0	0	0	4.801	68.008	0	0	0	0	0	0	100	100	11.833	52.131	4.801	68.008	
P62826	2mmc	28.198	11.833	52.131	0	0	0	0	4.801	68.008	0	0	0	0	0	0	100	100	11.833	52.131	4.801	68.008	
P62826	2mmc	28.198	11.833	52.131	0	0	0	0	4.801	68.008	0	0	0	0	0	0	100	100	11.833	52.131	4.801	68.008	
P62826	2mmc	28.198	11.833	52.131	0	0	0	0	4.801	68.008	0	0	0	0	0	0	100	100	11.833	52.131	4.801	68.008	
P62826	2mmc	28.198	11.833	52.131	0	0	0	0	4.801	68.008	0	0	0	0	0	0	100	100	11.833	52.131	4.801	68.008	
P62826	2mmc	28.198	11.833	52.131	0	0	0	0	4.801	68.008	0	0	0	0	0	0	100	100	11.833	52.131	4.801	68.008	
P62826	2mmc	28.198	11.833	52.131	0	0	0	0	4.801	68.008	0	0	0	0	0	0	100	100	11.833	52.131	4.801	68.008	
P62826	2mmc	28.198	11.833	52.131	0	0	0	0	4.801	68.008	0	0	0	0	0	0	100	100	11.833	52.131	4.801	68.008	
P62826	2mmc	28.198	11.833	52.131	0	0	0	0	4.801	68.008	0	0	0	0	0	0	100	100	11.833	52.131	4.801	68.008	
P62826	2mmg	18.736	12.085	76.339	0	0	0	0	2.388	45.46	0	0	0	0	0	0	100	100	12.085	76.339	2.388	45.46	
P62826	2mmg	18.736	12.085	76.339	0	0	0	0	2.388	45.46	0	0	0	0	0	0	100	100	12.085	76.339	2.388	45.46	
P62826	2mmg	18.736	12.085	76.339	0	0	0	0	2.388	45.46	0	0	0	0	0	0	100	100	12.085	76.339	2.388	45.46	
P62826	2mmg	18.736	12.085	76.339	0	0	0	0	2.388	45.46	0	0	0	0	0	0	100	100	12.085	76.339	2.388	45.46	
P62826	2mmg	18.736	12.085	76.339	0	0	0	0	2.388	45.46	0	0	0	0	0	0	100	100	12.085	76.339	2.388	45.46	
P62826	2mmg	18.736	12.085	76.339	0	0	0	0	2.388	45.46	0	0	0	0	0	0	100	100	12.085	76.339	2.388	45.46	
P62826	2mmg	18.736	12.085	76.339	0	0	0	0	2.388	45.46	0	0	0	0	0	0	100	100	12.085	76.339	2.388	45.46	
P62826	2mmg	18.736	12.085	76.339	0	0	0	0	2.388	45.46	0	0	0	0	0	0	100	100	12.085	76.339	2.388	45.46	
P62826	2mmg	18.736	12.085	76.339	0	0	0	0	2.388	45.46	0	0	0	0	0	0	100	100	12.085	76.339	2.388	45.46	
P62826	2mmg	18.736	12.085	76.339	0	0	0	0	2.388	45.46	0	0	0	0	0	0	100	100	12.085	76.339	2.388	45.46	
P62826	5zpu	16.203	13.147	70.651	0	0	0	0	1.035	42.482	0	0	0	0	0	0	84.21052632	100	13.147	70.651	1.035	42.482	
P62826	6x2v	15.814	12.174	65.176	0	0	0	0	1.032	41.956	0	0	0	0	0	0	84.21052632	100	12.174	65.176	1.032	41.956	
P62826	7l5e	15.772	12.534	66.874	0	0	0	0	1.018	41.726	0	0	0	0	0	0	81.57894737	100	12.534	66.874	1.018	41.726	
P62826	4haz	15.985	11.622	60.354	0	0	0	0	1.086	41.294	0	0	0	0	0	0	84.21052632	100	11.622	60.354	1.086	41.294	
P62826	4hb3	15.962	11.434	59.164	0	0	0	0	1.077	41.223	0	0	0	0	0	0	84.21052632	100	11.434	59.164	1.077	41.223	
P62826	5jlj	15.919	11.801	63.549	0	0	0	0	0.999	41.108	0	0	0	0	0	0	84.21052632	100	11.801	63.549	0.999	41.108	
P62826	6x2s	16.212	12.92	71.157	0	0	0	0	1.04	40.628	0	0	0	0	0	0	92.10526316	100	12.92	71.157	1.04	40.628	
P62826	5uwh	15.898	11.793	63.837	0	0	0	0	0.995	40.559	0	0	0	0	0	0	86.84210526	100	11.793	63.837	0.995	40.559	
P62826	6x2w	16.202	12.615	70.442	0	0	0	0	1.028	40.484	0	0	0	0	0	0	92.10526316	100	12.615	70.442	1.028	40.484	
P62826	6x2u	16.188	12.604	70.053	0	0	0	0	1.037	40.476	0	0	0	0	0	0	92.10526316	100	12.604	70.053	1.037	40.476	
P62826	6x2x	16.189	12.982	71.85	0	0	0	0	1.032	40.474	0	0	0	0	0	0	92.10526316	100	12.982	71.85	1.032	40.474	
P62826	6x2p	16.192	13.095	72.096	0	0	0	0	1.017	40.462	0	0	0	0	0	0	92.10526316	100	13.095	72.096	1.017	40.462	
P62826	5uwr	15.971	11.687	64.145	0	0	0	0	1.009	40.435	0	0	0	0	0	0	89.47368421	100	11.687	64.145	1.009	40.435	
P62826	5dh9	16.121	13.094	72.15	0	0	0	0	1.03	40.294	0	0	0	0	0	0	92.10526316	100	13.094	72.15	1.03	40.294	
P62826	5uwo	16.114	13.207	72.398	0	0	0	0	1.014	40.265	0	0	0	0	0	0	92.10526316	100	13.207	72.398	1.014	40.265	
P62826	6x2y	16.114	13.479	73.612	0	0	0	0	0.987	40.265	0	0	0	0	0	0	92.10526316	100	13.479	73.612	0.987	40.265	
P62826	6x2r	16.089	13.056	71.956	0	0	0	0	1.107	40.205	0	0	0	0	0	0	92.10526316	100	13.056	71.956	1.107	40.205	
P62826	4hb0	16.074	11.613	63.535	0	0	0	0	1.108	40.171	0	0	0	0	0	0	92.10526316	100	11.613	63.535	1.108	40.171	
P62826	5dhf	15.996	11.852	66.272	0	0	0	0	0.98	40.048	0	0	0	0	0	0	92.10526316	100	11.852	66.272	0.98	40.048	
P62826	4gmx	15.797	11.785	60.698	0	0	0	0	1.066	39.883	0	0	0	0	0	0	89.47368421	100	11.785	60.698	1.066	39.883	
P62826	6cit	16.15	12.411	69.15	0	0	0	0	0.96	39.878	0	0	0	0	0	0	94.73684211	100	12.411	69.15	0.96	39.878	
P62826	7dbg	16.33	11.71	69.922	0	0	0	0	1.033	39.838	0	0	0	0	0	0	100	100	11.71	69.922	1.033	39.838	
P62826	5uwq	16.1	12.17	68.572	0	0	0	0	0.989	39.806	0	0	0	0	0	0	94.73684211	100	12.17	68.572	0.989	39.806	
P62826	5yro	16.275	11.31	67.022	0	0	0	0	1.107	39.791	0	0	0	0	0	0	100	100	11.31	67.022	1.107	39.791	
P62826	5uww	16.096	12.29	68.761	0	0	0	0	0.965	39.791	0	0	0	0	0	0	94.73684211	100	12.29	68.761	0.965	39.791	
P62826	4hb2	15.774	11.68	61.411	0	0	0	0	1.058	39.788	0	0	0	0	0	0	89.47368421	100	11.68	61.411	1.058	39.788	
P62826	5uws	16.098	12.42	69.434	0	0	0	0	0.99	39.781	0	0	0	0	0	0	94.73684211	100	12.42	69.434	0.99	39.781	
P62826	5uwj	16.079	12.264	68.774	0	0	0	0	0.975	39.773	0	0	0	0	0	0	94.73684211	100	12.264	68.774	0.975	39.773	
P62826	5dha	16.11	12.31	69.488	0	0	0	0	0.994	39.767	0	0	0	0	0	0	94.73684211	100	12.31	69.488	0.994	39.767	
P62826	7cnd	16.33	11.761	69.218	0	0	0	0	1.058	39.763	0	0	0	0	0	0	100	100	11.761	69.218	1.058	39.763	
P62826	6xjr	16.075	12.113	67.283	0	0	0	0	1.079	39.718	0	0	0	0	0	0	94.73684211	100	12.113	67.283	1.079	39.718	
P62826	6m6x	16.223	11.556	68.669	0	0	0	0	1.052	39.681	0	0	0	0	0	0	100	100	11.556	68.669	1.052	39.681	
P62826	5yst	16.239	11.359	56.832	0	0	0	0	1.008	39.663	0	0	0	0	0	0	100	100	11.359	56.832	1.008	39.663	
P62826	6a3b	16.059	11.661	66.163	0	0	0	0	1.023	39.642	0	0	0	0	0	0	100	100	11.661	66.163	1.023	39.642	
P62826	6kft	16.059	11.661	66.163	0	0	0	0	1.023	39.642	0	0	0	0	0	0	100	100	11.661	66.163	1.023	39.642	
P62826	6a3e	16.048	11.68	66.537	0	0	0	0	1.01	39.638	0	0	0	0	0	0	100	100	11.68	66.537	1.01	39.638	
P62826	6m60	16.238	11.822	69.633	0	0	0	0	1.038	39.628	0	0	0	0	0	0	100	100	11.822	69.633	1.038	39.628	
P62826	5ytb	16.091	11.4	64.949	0	0	0	0	1.15	39.61	0	0	0	0	0	0	100	100	11.4	64.949	1.15	39.61	
P62826	6a3c	16.032	11.734	66.547	0	0	0	0	1.003	39.585	0	0	0	0	0	0	100	100	11.734	66.547	1.003	39.585	
P62826	5ysu	16.207	11.319	56.351	0	0	0	0	1.017	39.566	0	0	0	0	0	0	100	100	11.319	56.351	1.017	39.566	
P62826	6a3a	16.015	11.708	66.259	0	0	0	0	1.003	39.554	0	0	0	0	0	0	100	100	11.708	66.259	1.003	39.554	
P62826	6a38	16.014	11.792	67.024	0	0	0	0	1.026	39.531	0	0	0	0	0	0	100	100	11.792	67.024	1.026	39.531	
P62826	4hb4	16.171	11.557	66.185	0	0	0	0	1.108	39.135	0	0	0	0	0	0	100	100	11.557	66.185	1.108	39.135	
P62826	4wvf	16.163	11.763	66.611	0	0	0	0	1.107	39.113	0	0	0	0	0	0	100	100	11.763	66.611	1.107	39.113	
P62826	4gpt	16.189	11.759	66.685	0	0	0	0	1.076	39.074	0	0	0	0	0	0	100	100	11.759	66.685	1.076	39.074	
P62826	6xjs	16.16	11.46	65.443	0	0	0	0	1.069	39.069	0	0	0	0	0	0	100	100	11.46	65.443	1.069	39.069	
P62826	6xju	16.153	11.461	65.452	0	0	0	0	1.077	39.052	0	0	0	0	0	0	100	100	11.461	65.452	1.077	39.052	
P62826	6xjp	16.155	11.198	64.32	0	0	0	0	1.063	39.045	0	0	0	0	0	0	100	100	11.198	64.32	1.063	39.045	
P62826	5uwu	16.142	11.887	68.323	0	0	0	0	0.963	39.033	0	0	0	0	0	0	100	100	11.887	68.323	0.963	39.033	
P62826	6xjt	16.134	11.446	65.609	0	0	0	0	1.088	39.006	0	0	0	0	0	0	100	100	11.446	65.609	1.088	39.006	
P62826	5uwp	16.079	11.727	67.884	0	0	0	0	0.991	38.993	0	0	0	0	0	0	100	100	11.727	67.884	0.991	38.993	
P62826	5di9	16.124	11.806	67.961	0	0	0	0	1.01	38.969	0	0	0	0	0	0	100	100	11.806	67.961	1.01	38.969	
P62826	5uwt	16.116	11.826	68.157	0	0	0	0	0.993	38.961	0	0	0	0	0	0	100	100	11.826	68.157	0.993	38.961	
P62826	5uwi	16.114	11.787	67.816	0	0	0	0	0.989	38.937	0	0	0	0	0	0	100	100	11.787	67.816	0.989	38.937	
P62826	6x2o	16.081	11.417	64.486	0	0	0	0	1.051	38.918	0	0	0	0	0	0	100	100	11.417	64.486	1.051	38.918	
P62826	6x2m	16.074	11.388	64.201	0	0	0	0	1.063	38.9	0	0	0	0	0	0	100	100	11.388	64.201	1.063	38.9	
P62826	5dif	16.034	11.727	67.597	0	0	0	0	0.975	38.867	0	0	0	0	0	0	100	100	11.727	67.597	0.975	38.867	
P62826	6lq9	16.048	10.955	60.639	0	0	0	0	1.009	38.741	0	0	0	0	0	0	100	100	10.955	60.639	1.009	38.741	
P62826	1qbk	0	0	0	0	0	0	0	0	0	0	0	0	0	0	0	97.36842105	98.125	0	0	0	0	
P62826	7b51	0	0	0	0	0	0	0	0	0	0	0	0	0	0	0	100	100	0	0	0	0	
P62826	3nc1	0	0	0	0	0	0	0	0	0	0	0	0	0	0	0	100	100	0	0	0	0	
P62826	6tvo	0	0	0	0	0	0	0	0	0	0	0	0	0	0	0	100	100	0	0	0	0	
Q00944	2j0j	2.641	1.46	4.238	0	0	0	0	3.342	1.906	0	0	0	0	0	0	100	96.1389961389961	1.46	4.238	3.342	1.906	
Q02750	3w8q	6.403	1.586	7.214	0	0	0	0	0	0	0.943	1.614	7.276	2.116	0	0	100	90.2255639097744	1.586	7.214	4.1095	1.865	
Q02750	5bx0	1.605	1.647	2.327	0	0	0	0	0	0	0.63	1.801	1.355	1.803	0	0	100	89.0977443609023	1.647	2.327	0.9925	1.802	
Q02750	3os3	1.899	1.353	2.879	0	0	0	0	0	0	0.827	1.422	1.955	1.917	0	0	100	83.0827067669173	1.353	2.879	1.391	1.6695	
Q02750	4an2	1.72	1.248	1.939	0	0	0	0	0	0	0.952	1.95	1.807	1.387	0	0	100	84.2105263157895	1.248	1.939	1.3795	1.6685	
Q02750	7pqv	1.503	1.432	1.767	0	0	0	0	0	0	1.191	1.589	1.23	1.651	0	0	100	87.218045112782	1.432	1.767	1.2105	1.62	
Q02750	3zls	1.607	1.461	2.274	0	0	0	0	0	0	1.11	1.537	1.394	1.673	0	0	100	89.0977443609023	1.461	2.274	1.252	1.605	
Q02750	3zm4	1.243	1.286	2.552	0	0	0	0	0	0	0.959	1.394	1.172	1.578	0	0	100	87.218045112782	1.286	2.552	1.0655	1.486	
Q02750	5hze	1.564	1.357	1.943	0	0	0	0	0	0	1.723	1.397	1.606	1.428	0	0	100	86.8421052631579	1.357	1.943	1.6645	1.4125	
Q02750	4lmn	1.898	1.307	2.322	0	0	0	0	0	0	0.981	1.362	2.012	1.433	0	0	100	88.7218045112782	1.307	2.322	1.4965	1.3975	
Q02750	4an3	1.639	1.191	2.364	0	0	0	0	0	0	1.021	1.403	1.728	1.307	0	0	100	83.4586466165414	1.191	2.364	1.3745	1.355	
Q02750	1s9j	1.634	1.193	2.135	0	0	0	0	0	0	1.154	1.21	1.696	1.42	0	0	100	87.593984962406	1.193	2.135	1.425	1.315	
Q02750	4an9	1.645	1.074	2.536	0	0	0	0	0	0	0.973	1.326	1.73	1.295	0	0	100	83.8345864661654	1.074	2.536	1.3515	1.3105	
Q02750	3orn	1.84	1.03	2.513	0	0	0	0	0	0	0.739	1.107	1.984	1.464	0	0	100	84.9624060150376	1.03	2.513	1.3615	1.2855	
Q02750	3v01	1.625	1.048	2.118	0	0	0	0	0	0	1.142	1.149	1.7	1.321	0	0	100	87.593984962406	1.048	2.118	1.421	1.235	
Q02750	3zlx	1.466	1.022	2.185	0	0	0	0	0	0	1.028	1.165	1.216	1.299	0	0	100	87.9699248120301	1.022	2.185	1.122	1.232	
Q02750	4anb	1.689	0.886	2.08	0	0	0	0	0	0	0.943	1.376	1.801	1.085	0	0	100	84.2105263157895	0.886	2.08	1.372	1.2305	
Q02750	3eqf	1.678	1.043	2.721	0	0	0	0	0	0	0.755	1.189	1.534	1.269	0	0	100	89.0977443609023	1.043	2.721	1.1445	1.229	
Q02750	3eqg	1.579	1.137	1.969	0	0	0	0	0	0	0.76	1.153	1.417	1.266	0	0	100	89.0977443609023	1.137	1.969	1.0885	1.2095	
Q02750	3wig	2.149	0.911	2.495	0	0	0	0	0	0	0.897	1.148	2.252	1.202	0	0	89.2857142857143	85.7142857142857	0.911	2.495	1.5745	1.175	
Q02750	3zlw	1.448	0.94	2.117	0	0	0	0	0	0	1.014	1.12	1.228	1.228	0	0	100	87.9699248120301	0.94	2.117	1.121	1.174	
Q02750	3mbl	1.619	1.035	2.068	0	0	0	0	0	0	0.912	1.062	1.71	1.285	0	0	100	88.3458646616541	1.035	2.068	1.311	1.1735	
Q02750	6u2g	1.979	1	2.407	0	0	0	0	0	0	0.842	1.047	2.034	1.245	0	0	100	87.9699248120301	1	2.407	1.438	1.146	
Q02750	4u80	1.586	0.866	2.226	0	0	0	0	0	0	1.041	0.989	1.672	1.276	0	0	100	87.593984962406	0.866	2.226	1.3565	1.1325	
Q02750	3eqi	1.593	0.928	2.201	0	0	0	0	0	0	0.882	1.111	1.435	1.052	0	0	100	89.0977443609023	0.928	2.201	1.1585	1.0815	
Q02750	4u7z	1.615	0.862	2.211	0	0	0	0	0	0	0.915	0.922	1.708	1.207	0	0	100	88.3458646616541	0.862	2.211	1.3115	1.0645	
Q02750	3eqb	1.644	0.917	2.106	0	0	0	0	0	0	1.092	0.948	1.719	1.171	0	0	100	87.593984962406	0.917	2.106	1.4055	1.0595	
Q02750	4u81	1.566	0.888	2.027	0	0	0	0	0	0	0.91	0.934	1.638	1.177	0	0	100	87.593984962406	0.888	2.027	1.274	1.0555	
Q02750	3e8n	1.605	0.942	2.031	0	0	0	0	0	0	0.976	0.989	1.69	1.119	0	0	100	88.3458646616541	0.942	2.031	1.333	1.054	
Q02750	3v04	1.599	0.922	2.062	0	0	0	0	0	0	1.075	0.948	1.682	1.152	0	0	100	87.593984962406	0.922	2.062	1.3785	1.05	
Q02750	3zly	1.211	0.765	2.309	0	0	0	0	0	0	0.968	1.071	1.2	0.998	0	0	96.4285714285714	87.9699248120301	0.765	2.309	1.084	1.0345	
Q02750	3dv3	1.588	0.912	2.113	0	0	0	0	0	0	0.884	0.945	1.674	1.11	0	0	100	87.218045112782	0.912	2.113	1.279	1.0275	
Q02750	3pp1	1.536	0.912	1.88	0	0	0	0	0	0	0.947	0.963	1.641	1.08	0	0	100	88.3458646616541	0.912	1.88	1.294	1.0215	
Q02750	2p55	1.627	0.887	1.999	0	0	0	0	0	0	1.096	0.906	1.71	1.104	0	0	100	87.593984962406	0.887	1.999	1.403	1.005	
Q02750	3eqc	1.371	0.944	1.789	0	0	0	0	0	0	1.121	0.943	1.092	1.062	0	0	100	87.9699248120301	0.944	1.789	1.1065	1.0025	
Q02750	4ark	1.868	0.865	2.208	0	0	0	0	0	0	0.743	0.955	2.012	1.037	0	0	100	88.3458646616541	0.865	2.208	1.3775	0.996	
Q02750	3dy7	1.68	0.881	1.974	0	0	0	0	0	0	0.78	0.92	1.743	1.057	0	0	100	83.8345864661654	0.881	1.974	1.2615	0.9885	
Q02750	3eqd	1.561	0.847	2.096	0	0	0	0	0	0	0.677	0.926	1.427	1.037	0	0	100	89.0977443609023	0.847	2.096	1.052	0.9815	
Q02750	3eqh	1.522	0.862	2.128	0	0	0	0	0	0	0.737	0.926	1.363	0.982	0	0	100	89.0977443609023	0.862	2.128	1.05	0.954	
Q02750	7m0y	0	0	0	0	0	0	0	0	0	0	0	0	0	0	0	100	87.9699248120301	0	0	0	0	
Q02750	6v2w	0	0	0	0	0	0	0	0	0	0	0	0	0	0	0	100	87.9699248120301	0	0	0	0	
Q02750	7m0u	0	0	0	0	0	0	0	0	0	0	0	0	0	0	0	100	87.9699248120301	0	0	0	0	
Q02750	7mfd	0	0	0	0	0	0	0	0	0	0	0	0	0	0	0	100	85.3383458646617	0	0	0	0	
Q02750	6nyb	0	0	0	0	0	0	0	0	0	0	0	0	0	0	0	100	85.3383458646617	0	0	0	0	
Q02750	7m0v	0	0	0	0	0	0	0	0	0	0	0	0	0	0	0	100	87.9699248120301	0	0	0	0	
Q02750	7m0x	0	0	0	0	0	0	0	0	0	0	0	0	0	0	0	100	87.9699248120301	0	0	0	0	
Q02750	7m0z	0	0	0	0	0	0	0	0	0	0	0	0	0	0	0	100	87.9699248120301	0	0	0	0	
Q02750	6q0t	0	0	0	0	0	0	0	0	0	0	0	0	0	0	0	100	88.3458646616541	0	0	0	0	
Q02750	6pp9	0	0	0	0	0	0	0	0	0	0	0	0	0	0	0	100	87.9699248120301	0	0	0	0	
Q04929	2l3s	17.597	4.357	35.806	0	0	0	0	2.499	22.709	0	0	0	0	0	0	100	96.7213114754098	4.357	35.806	2.499	22.709	
Q04929	2l3s	17.597	4.357	35.806	0	0	0	0	2.499	22.709	0	0	0	0	0	0	100	96.7213114754098	4.357	35.806	2.499	22.709	
Q04929	2l3s	17.597	4.357	35.806	0	0	0	0	2.499	22.709	0	0	0	0	0	0	100	96.7213114754098	4.357	35.806	2.499	22.709	
Q04929	2l3s	17.597	4.357	35.806	0	0	0	0	2.499	22.709	0	0	0	0	0	0	100	96.7213114754098	4.357	35.806	2.499	22.709	
Q04929	2l3s	17.597	4.357	35.806	0	0	0	0	2.499	22.709	0	0	0	0	0	0	100	96.7213114754098	4.357	35.806	2.499	22.709	
Q04929	2l3s	17.597	4.357	35.806	0	0	0	0	2.499	22.709	0	0	0	0	0	0	100	96.7213114754098	4.357	35.806	2.499	22.709	
Q04929	2l3s	17.597	4.357	35.806	0	0	0	0	2.499	22.709	0	0	0	0	0	0	100	96.7213114754098	4.357	35.806	2.499	22.709	
Q04929	2l3s	17.597	4.357	35.806	0	0	0	0	2.499	22.709	0	0	0	0	0	0	100	96.7213114754098	4.357	35.806	2.499	22.709	
Q04929	2l3s	17.597	4.357	35.806	0	0	0	0	2.499	22.709	0	0	0	0	0	0	100	96.7213114754098	4.357	35.806	2.499	22.709	
Q04929	2l3s	17.597	4.357	35.806	0	0	0	0	2.499	22.709	0	0	0	0	0	0	100	96.7213114754098	4.357	35.806	2.499	22.709	
Q04929	2l3s	17.597	4.357	35.806	0	0	0	0	2.499	22.709	0	0	0	0	0	0	100	96.7213114754098	4.357	35.806	2.499	22.709	
Q04929	2l3s	17.597	4.357	35.806	0	0	0	0	2.499	22.709	0	0	0	0	0	0	100	96.7213114754098	4.357	35.806	2.499	22.709	
Q04929	2l3s	17.597	4.357	35.806	0	0	0	0	2.499	22.709	0	0	0	0	0	0	100	96.7213114754098	4.357	35.806	2.499	22.709	
Q04929	2l3s	17.597	4.357	35.806	0	0	0	0	2.499	22.709	0	0	0	0	0	0	100	96.7213114754098	4.357	35.806	2.499	22.709	
Q04929	2l3s	17.597	4.357	35.806	0	0	0	0	2.499	22.709	0	0	0	0	0	0	100	96.7213114754098	4.357	35.806	2.499	22.709	
Q04929	2l3s	17.597	4.357	35.806	0	0	0	0	2.499	22.709	0	0	0	0	0	0	100	96.7213114754098	4.357	35.806	2.499	22.709	
Q04929	2l3s	17.597	4.357	35.806	0	0	0	0	2.499	22.709	0	0	0	0	0	0	100	96.7213114754098	4.357	35.806	2.499	22.709	
Q04929	2l3s	17.597	4.357	35.806	0	0	0	0	2.499	22.709	0	0	0	0	0	0	100	96.7213114754098	4.357	35.806	2.499	22.709	
Q04929	2l3s	17.597	4.357	35.806	0	0	0	0	2.499	22.709	0	0	0	0	0	0	100	96.7213114754098	4.357	35.806	2.499	22.709	
Q04929	2l3s	17.597	4.357	35.806	0	0	0	0	2.499	22.709	0	0	0	0	0	0	100	96.7213114754098	4.357	35.806	2.499	22.709	
Q06124	5bk8	2.165	1.987	2.477	0	0	0	0	1.541	3.222	0	0	0	0	0	0	100	95.9409594095941	1.987	2.477	1.541	3.222	
Q06124	4ohe	1.634	1.344	2.043	0	0	0	0	1.225	2.718	0	0	0	0	0	0	100	93.7269372693727	1.344	2.043	1.225	2.718	
Q06124	4ohd	2.179	1.97	1.98	0	0	0	0	1.837	2.555	0	0	0	0	0	0	100	94.4649446494465	1.97	1.98	1.837	2.555	
Q06124	4h34	1.914	1.486	1.956	0	0	0	0	1.352	2.391	0	0	0	0	0	0	92.156862745098	92.619926199262	1.486	1.956	1.352	2.391	
Q06124	7r75	1.846	1.695	1.835	0	0	0	0	1.332	1.925	0	0	0	0	0	0	98.0392156862745	93.7269372693727	1.695	1.835	1.332	1.925	
Q06124	4h1o	1.827	1.877	1.576	0	0	0	0	1.342	1.9	0	0	0	0	0	0	96.078431372549	94.0959409594096	1.877	1.576	1.342	1.9	
Q06124	6cms	1.763	1.546	2.005	0	0	0	0	1.046	1.853	0	0	0	0	0	0	97.0588235294118	93.3579335793358	1.546	2.005	1.046	1.853	
Q06124	4dgp	1.844	1.22	1.734	0	0	0	0	1.095	1.402	0	0	0	0	0	0	100	93.7269372693727	1.22	1.734	1.095	1.402	
Q06124	4ohi	2.06	1.351	1.535	0	0	0	0	1.121	1.392	0	0	0	0	0	0	100	93.7269372693727	1.351	1.535	1.121	1.392	
Q06124	6cmr	1.429	0.975	1.84	0	0	0	0	0.886	1.389	0	0	0	0	0	0	97.0588235294118	93.3579335793358	0.975	1.84	0.886	1.389	
Q06124	5xzr	1.777	1.189	1.742	0	0	0	0	1.306	1.377	0	0	0	0	0	0	100	95.5719557195572	1.189	1.742	1.306	1.377	
Q06124	4dgx	1.827	1.164	1.611	0	0	0	0	1.253	1.279	0	0	0	0	0	0	100	94.4649446494465	1.164	1.611	1.253	1.279	
Q06124	4ohh	1.643	1.204	1.491	0	0	0	0	1.083	1.27	0	0	0	0	0	0	100	93.7269372693727	1.204	1.491	1.083	1.27	
Q07889	3ksy	2.442	1.561	2.961	0	0	0	0	1.697	2.046	0	0	0	0	0	0	88.8888888888889	96.195652173913	1.561	2.961	1.697	2.046	
Q13490	3t6p	1.088	0.768	0.863	0	0	0	0	0.76	0.936	0	0	0	0	0	0	100	100	0.768	0.863	0.76	0.936	
Q13555	2v7o	1.637	0.661	1.95	0	0	0	0	1.367	0.784	0	0	0	0	0	0	100	99.6138996138996	0.661	1.95	1.367	0.784	
Q14012	4fgb	2.734	0.765	3.181	0	0	0	0	2.78	0.947	0	0	0	0	0	0	93.3333333333333	96.8871595330739	0.765	3.181	2.78	0.947	
Q16566	2w4o	1.569	1.184	1.845	0	0	0	0	1.574	1.198	0	0	0	0	0	0	100	89.8039215686275	1.184	1.845	1.574	1.198	
Q16644	3r1n	1.925	1.414	1.047	0	0	0	0	1.036	1.435	0	0	0	0	0	0	100	83.9080459770115	1.414	1.047	1.036	1.435	
Q16644	3she	1.925	1.128	1.066	0	0	0	0	1.045	1.157	0	0	0	0	0	0	100	82.3754789272031	1.128	1.066	1.045	1.157	
Q16644	3fhr	2.13	0.975	1.034	0	0	0	0	0.994	1.039	0	0	0	0	0	0	100	83.1417624521073	0.975	1.034	0.994	1.039	
Q16644	3fxw	2.151	0.952	1.053	0	0	0	0	1.028	0.991	0	0	0	0	0	0	100	82.3754789272031	0.952	1.053	1.028	0.991	
Q16644	7nrb	2.117	0.888	1.004	0	0	0	0	0.962	0.941	0	0	0	0	0	0	100	83.1417624521073	0.888	1.004	0.962	0.941	
Q58719	3av0	10.69	9.38	15.24	0	0	0	0	1.302	14.063	0	0	0	0	0	0	100	100	9.38	15.24	1.302	14.063	
Q5EGY4	3kyq	1.299	1.153	1.546	0	0	0	0	1.458	1.334	0	0	0	0	0	0	100	90.1639344262295	1.153	1.546	1.458	1.334	
Q5Y4Y6	5b5r	3.835	4.06	7.562	0	0	0	0	2.875	5.555	0	0	0	0	0	0	88	85.3556485355649	4.06	7.562	2.875	5.555	
Q63450	1a06	2.489	3.375	2.554	0	0	0	0	2.359	3.587	0	0	0	0	0	0	100	89.1050583657588	3.375	2.554	2.359	3.587	
Q83RJ4	3cvr	3.201	1.279	9.3	0	0	0	0	1.874	7.121	0	0	0	0	0	0	94.0886699507389	81.5699658703072	1.279	9.3	1.874	7.121	
Q86WJ1	7epu	0	0	0	0	0	0	0	0	0	0	0	0	0	0	0	82.9896907216495	85.2760736196319	0	0	0	0	
Q8IXJ6	5y5n	10.653	0.704	3.152	0	0	0	0	2.538	1.472	0	0	0	0	0	0	100	86.2745098039216	0.704	3.152	2.538	1.472	
Q8IXJ6	5dy5	2.304	0.771	2.489	0	0	0	0	2.42	0.982	0	0	0	0	0	0	100	98.4313725490196	0.771	2.489	2.42	0.982	
Q8IXJ6	4rmi	1.642	0.927	1.709	0	0	0	0	1.631	0.959	0	0	0	0	0	0	100	91.3725490196078	0.927	1.709	1.631	0.959	
Q8IXJ6	4rmg	2.278	0.733	2.499	0	0	0	0	2.385	0.942	0	0	0	0	0	0	100	97.6470588235294	0.733	2.499	2.385	0.942	
Q8IXJ6	7bot	1.614	0.757	2.008	0	0	0	0	1.725	0.939	0	0	0	0	0	0	100	90.9803921568628	0.757	2.008	1.725	0.939	
Q8IXJ6	4rmh	2.263	0.818	2.657	0	0	0	0	2.297	0.923	0	0	0	0	0	0	100	96.4705882352941	0.818	2.657	2.297	0.923	
Q8IXJ6	5dy4	2.44	0.702	2.692	0	0	0	0	2.562	0.903	0	0	0	0	0	0	100	98.8235294117647	0.702	2.692	2.562	0.903	
Q8IXJ6	5yqn	1.737	0.836	1.819	0	0	0	0	1.634	0.894	0	0	0	0	0	0	100	92.9411764705882	0.836	1.819	1.634	0.894	
Q8IXJ6	5yqo	1.704	0.83	1.804	0	0	0	0	1.602	0.879	0	0	0	0	0	0	100	92.9411764705882	0.83	1.804	1.602	0.879	
Q8IXJ6	5yql	1.937	0.812	2.038	0	0	0	0	1.909	0.879	0	0	0	0	0	0	100	96.078431372549	0.812	2.038	1.909	0.879	
Q8IXJ6	4x3o	1.269	0.725	1.415	0	0	0	0	1.309	0.878	0	0	0	0	0	0	100	97.6470588235294	0.725	1.415	1.309	0.878	
Q8IXJ6	7bos	1.674	0.681	2.124	0	0	0	0	1.784	0.877	0	0	0	0	0	0	100	92.5490196078431	0.681	2.124	1.784	0.877	
Q8IXJ6	4x3p	1.378	0.746	1.536	0	0	0	0	1.428	0.873	0	0	0	0	0	0	100	97.2549019607843	0.746	1.536	1.428	0.873	
Q8IXJ6	6l66	1.392	0.715	1.611	0	0	0	0	1.43	0.867	0	0	0	0	0	0	100	97.6470588235294	0.715	1.611	1.43	0.867	
Q8IXJ6	5yqm	1.852	0.811	2.003	0	0	0	0	1.799	0.856	0	0	0	0	0	0	100	95.6862745098039	0.811	2.003	1.799	0.856	
Q8IXJ6	6l72	1.391	0.706	1.473	0	0	0	0	1.417	0.846	0	0	0	0	0	0	100	97.6470588235294	0.706	1.473	1.417	0.846	
Q8IXJ6	6l65	1.996	0.837	2.142	0	0	0	0	2.112	0.84	0	0	0	0	0	0	100	94.9019607843137	0.837	2.142	2.112	0.84	
Q8IXJ6	6l71	1.324	0.684	1.523	0	0	0	0	1.383	0.825	0	0	0	0	0	0	100	97.2549019607843	0.684	1.523	1.383	0.825	
Q8NB16	6zle	3.438	3.057	7.079	0	0	0	0	2.986	3.876	0	0	0	0	0	0	100	100	3.057	7.079	2.986	3.876	
Q8NB16	6zle	3.438	3.057	7.079	0	0	0	0	2.986	3.876	0	0	0	0	0	0	100	100	3.057	7.079	2.986	3.876	
Q8NB16	6zle	3.438	3.057	7.079	0	0	0	0	2.986	3.876	0	0	0	0	0	0	100	100	3.057	7.079	2.986	3.876	
Q8NB16	6zle	3.438	3.057	7.079	0	0	0	0	2.986	3.876	0	0	0	0	0	0	100	100	3.057	7.079	2.986	3.876	
Q8NB16	6zle	3.438	3.057	7.079	0	0	0	0	2.986	3.876	0	0	0	0	0	0	100	100	3.057	7.079	2.986	3.876	
Q8NB16	6zle	3.438	3.057	7.079	0	0	0	0	2.986	3.876	0	0	0	0	0	0	100	100	3.057	7.079	2.986	3.876	
Q8NB16	6zle	3.438	3.057	7.079	0	0	0	0	2.986	3.876	0	0	0	0	0	0	100	100	3.057	7.079	2.986	3.876	
Q8NB16	6zle	3.438	3.057	7.079	0	0	0	0	2.986	3.876	0	0	0	0	0	0	100	100	3.057	7.079	2.986	3.876	
Q8NB16	6zle	3.438	3.057	7.079	0	0	0	0	2.986	3.876	0	0	0	0	0	0	100	100	3.057	7.079	2.986	3.876	
Q8NB16	6zle	3.438	3.057	7.079	0	0	0	0	2.986	3.876	0	0	0	0	0	0	100	100	3.057	7.079	2.986	3.876	
Q8NB16	6zle	3.438	3.057	7.079	0	0	0	0	2.986	3.876	0	0	0	0	0	0	100	100	3.057	7.079	2.986	3.876	
Q8NB16	6zle	3.438	3.057	7.079	0	0	0	0	2.986	3.876	0	0	0	0	0	0	100	100	3.057	7.079	2.986	3.876	
Q8NB16	6zle	3.438	3.057	7.079	0	0	0	0	2.986	3.876	0	0	0	0	0	0	100	100	3.057	7.079	2.986	3.876	
Q8NB16	6zle	3.438	3.057	7.079	0	0	0	0	2.986	3.876	0	0	0	0	0	0	100	100	3.057	7.079	2.986	3.876	
Q8NB16	6zle	3.438	3.057	7.079	0	0	0	0	2.986	3.876	0	0	0	0	0	0	100	100	3.057	7.079	2.986	3.876	
Q8NB16	6zle	3.438	3.057	7.079	0	0	0	0	2.986	3.876	0	0	0	0	0	0	100	100	3.057	7.079	2.986	3.876	
Q8NB16	6zle	3.438	3.057	7.079	0	0	0	0	2.986	3.876	0	0	0	0	0	0	100	100	3.057	7.079	2.986	3.876	
Q8NB16	6zle	3.438	3.057	7.079	0	0	0	0	2.986	3.876	0	0	0	0	0	0	100	100	3.057	7.079	2.986	3.876	
Q8NB16	6zle	3.438	3.057	7.079	0	0	0	0	2.986	3.876	0	0	0	0	0	0	100	100	3.057	7.079	2.986	3.876	
Q8NB16	6zle	3.438	3.057	7.079	0	0	0	0	2.986	3.876	0	0	0	0	0	0	100	100	3.057	7.079	2.986	3.876	
Q8NB16	2msv	3.879	2.414	5.924	0	0	0	0	2.973	3.511	0	0	0	0	0	0	100	100	2.414	5.924	2.973	3.511	
Q8NB16	2msv	3.879	2.414	5.924	0	0	0	0	2.973	3.511	0	0	0	0	0	0	100	100	2.414	5.924	2.973	3.511	
Q8NB16	2msv	3.879	2.414	5.924	0	0	0	0	2.973	3.511	0	0	0	0	0	0	100	100	2.414	5.924	2.973	3.511	
Q8NB16	2msv	3.879	2.414	5.924	0	0	0	0	2.973	3.511	0	0	0	0	0	0	100	100	2.414	5.924	2.973	3.511	
Q8NB16	2msv	3.879	2.414	5.924	0	0	0	0	2.973	3.511	0	0	0	0	0	0	100	100	2.414	5.924	2.973	3.511	
Q8NB16	2msv	3.879	2.414	5.924	0	0	0	0	2.973	3.511	0	0	0	0	0	0	100	100	2.414	5.924	2.973	3.511	
Q8NB16	2msv	3.879	2.414	5.924	0	0	0	0	2.973	3.511	0	0	0	0	0	0	100	100	2.414	5.924	2.973	3.511	
Q8NB16	2msv	3.879	2.414	5.924	0	0	0	0	2.973	3.511	0	0	0	0	0	0	100	100	2.414	5.924	2.973	3.511	
Q8NB16	2msv	3.879	2.414	5.924	0	0	0	0	2.973	3.511	0	0	0	0	0	0	100	100	2.414	5.924	2.973	3.511	
Q8NB16	2msv	3.879	2.414	5.924	0	0	0	0	2.973	3.511	0	0	0	0	0	0	100	100	2.414	5.924	2.973	3.511	
Q8NB16	2msv	3.879	2.414	5.924	0	0	0	0	2.973	3.511	0	0	0	0	0	0	100	100	2.414	5.924	2.973	3.511	
Q8NB16	2msv	3.879	2.414	5.924	0	0	0	0	2.973	3.511	0	0	0	0	0	0	100	100	2.414	5.924	2.973	3.511	
Q8NB16	2msv	3.879	2.414	5.924	0	0	0	0	2.973	3.511	0	0	0	0	0	0	100	100	2.414	5.924	2.973	3.511	
Q8NB16	2msv	3.879	2.414	5.924	0	0	0	0	2.973	3.511	0	0	0	0	0	0	100	100	2.414	5.924	2.973	3.511	
Q8NB16	2msv	3.879	2.414	5.924	0	0	0	0	2.973	3.511	0	0	0	0	0	0	100	100	2.414	5.924	2.973	3.511	
Q8NB16	2msv	3.879	2.414	5.924	0	0	0	0	2.973	3.511	0	0	0	0	0	0	100	100	2.414	5.924	2.973	3.511	
Q8NB16	2msv	3.879	2.414	5.924	0	0	0	0	2.973	3.511	0	0	0	0	0	0	100	100	2.414	5.924	2.973	3.511	
Q8NB16	2msv	3.879	2.414	5.924	0	0	0	0	2.973	3.511	0	0	0	0	0	0	100	100	2.414	5.924	2.973	3.511	
Q8NB16	2msv	3.879	2.414	5.924	0	0	0	0	2.973	3.511	0	0	0	0	0	0	100	100	2.414	5.924	2.973	3.511	
Q8NB16	2msv	3.879	2.414	5.924	0	0	0	0	2.973	3.511	0	0	0	0	0	0	100	100	2.414	5.924	2.973	3.511	
Q8NB16	7nm4	3.385	2.405	3.923	0	0	0	0	3.086	3.397	0	0	0	0	0	0	100	100	2.405	3.923	3.086	3.397	
Q8NB16	7nm4	3.385	2.405	3.923	0	0	0	0	3.086	3.397	0	0	0	0	0	0	100	100	2.405	3.923	3.086	3.397	
Q8NB16	7nm4	3.385	2.405	3.923	0	0	0	0	3.086	3.397	0	0	0	0	0	0	100	100	2.405	3.923	3.086	3.397	
Q8NB16	7nm4	3.385	2.405	3.923	0	0	0	0	3.086	3.397	0	0	0	0	0	0	100	100	2.405	3.923	3.086	3.397	
Q8NB16	7nm4	3.385	2.405	3.923	0	0	0	0	3.086	3.397	0	0	0	0	0	0	100	100	2.405	3.923	3.086	3.397	
Q8NB16	7nm4	3.385	2.405	3.923	0	0	0	0	3.086	3.397	0	0	0	0	0	0	100	100	2.405	3.923	3.086	3.397	
Q8NB16	7nm4	3.385	2.405	3.923	0	0	0	0	3.086	3.397	0	0	0	0	0	0	100	100	2.405	3.923	3.086	3.397	
Q8NB16	7nm4	3.385	2.405	3.923	0	0	0	0	3.086	3.397	0	0	0	0	0	0	100	100	2.405	3.923	3.086	3.397	
Q8NB16	7nm4	3.385	2.405	3.923	0	0	0	0	3.086	3.397	0	0	0	0	0	0	100	100	2.405	3.923	3.086	3.397	
Q8NB16	7nm4	3.385	2.405	3.923	0	0	0	0	3.086	3.397	0	0	0	0	0	0	100	100	2.405	3.923	3.086	3.397	
Q8NB16	7nm4	3.385	2.405	3.923	0	0	0	0	3.086	3.397	0	0	0	0	0	0	100	100	2.405	3.923	3.086	3.397	
Q8NB16	7nm4	3.385	2.405	3.923	0	0	0	0	3.086	3.397	0	0	0	0	0	0	100	100	2.405	3.923	3.086	3.397	
Q8NB16	7nm4	3.385	2.405	3.923	0	0	0	0	3.086	3.397	0	0	0	0	0	0	100	100	2.405	3.923	3.086	3.397	
Q8NB16	7nm4	3.385	2.405	3.923	0	0	0	0	3.086	3.397	0	0	0	0	0	0	100	100	2.405	3.923	3.086	3.397	
Q8NB16	7nm4	3.385	2.405	3.923	0	0	0	0	3.086	3.397	0	0	0	0	0	0	100	100	2.405	3.923	3.086	3.397	
Q8NB16	7nm4	3.385	2.405	3.923	0	0	0	0	3.086	3.397	0	0	0	0	0	0	100	100	2.405	3.923	3.086	3.397	
Q8NB16	7nm4	3.385	2.405	3.923	0	0	0	0	3.086	3.397	0	0	0	0	0	0	100	100	2.405	3.923	3.086	3.397	
Q8NB16	7nm4	3.385	2.405	3.923	0	0	0	0	3.086	3.397	0	0	0	0	0	0	100	100	2.405	3.923	3.086	3.397	
Q8NB16	7nm4	3.385	2.405	3.923	0	0	0	0	3.086	3.397	0	0	0	0	0	0	100	100	2.405	3.923	3.086	3.397	
Q8NB16	7nm4	3.385	2.405	3.923	0	0	0	0	3.086	3.397	0	0	0	0	0	0	100	100	2.405	3.923	3.086	3.397	
Q8NB16	7nm5	3.182	2.662	4.269	0	0	0	0	2.817	3.31	0	0	0	0	0	0	100	100	2.662	4.269	2.817	3.31	
Q8NB16	7nm5	3.182	2.662	4.269	0	0	0	0	2.817	3.31	0	0	0	0	0	0	100	100	2.662	4.269	2.817	3.31	
Q8NB16	7nm5	3.182	2.662	4.269	0	0	0	0	2.817	3.31	0	0	0	0	0	0	100	100	2.662	4.269	2.817	3.31	
Q8NB16	7nm5	3.182	2.662	4.269	0	0	0	0	2.817	3.31	0	0	0	0	0	0	100	100	2.662	4.269	2.817	3.31	
Q8NB16	7nm5	3.182	2.662	4.269	0	0	0	0	2.817	3.31	0	0	0	0	0	0	100	100	2.662	4.269	2.817	3.31	
Q8NB16	7nm5	3.182	2.662	4.269	0	0	0	0	2.817	3.31	0	0	0	0	0	0	100	100	2.662	4.269	2.817	3.31	
Q8NB16	7nm5	3.182	2.662	4.269	0	0	0	0	2.817	3.31	0	0	0	0	0	0	100	100	2.662	4.269	2.817	3.31	
Q8NB16	7nm5	3.182	2.662	4.269	0	0	0	0	2.817	3.31	0	0	0	0	0	0	100	100	2.662	4.269	2.817	3.31	
Q8NB16	7nm5	3.182	2.662	4.269	0	0	0	0	2.817	3.31	0	0	0	0	0	0	100	100	2.662	4.269	2.817	3.31	
Q8NB16	7nm5	3.182	2.662	4.269	0	0	0	0	2.817	3.31	0	0	0	0	0	0	100	100	2.662	4.269	2.817	3.31	
Q8NB16	7nm5	3.182	2.662	4.269	0	0	0	0	2.817	3.31	0	0	0	0	0	0	100	100	2.662	4.269	2.817	3.31	
Q8NB16	7nm5	3.182	2.662	4.269	0	0	0	0	2.817	3.31	0	0	0	0	0	0	100	100	2.662	4.269	2.817	3.31	
Q8NB16	7nm5	3.182	2.662	4.269	0	0	0	0	2.817	3.31	0	0	0	0	0	0	100	100	2.662	4.269	2.817	3.31	
Q8NB16	7nm5	3.182	2.662	4.269	0	0	0	0	2.817	3.31	0	0	0	0	0	0	100	100	2.662	4.269	2.817	3.31	
Q8NB16	7nm5	3.182	2.662	4.269	0	0	0	0	2.817	3.31	0	0	0	0	0	0	100	100	2.662	4.269	2.817	3.31	
Q8NB16	7nm5	3.182	2.662	4.269	0	0	0	0	2.817	3.31	0	0	0	0	0	0	100	100	2.662	4.269	2.817	3.31	
Q8NB16	7nm5	3.182	2.662	4.269	0	0	0	0	2.817	3.31	0	0	0	0	0	0	100	100	2.662	4.269	2.817	3.31	
Q8NB16	7nm5	3.182	2.662	4.269	0	0	0	0	2.817	3.31	0	0	0	0	0	0	100	100	2.662	4.269	2.817	3.31	
Q8NB16	7nm5	3.182	2.662	4.269	0	0	0	0	2.817	3.31	0	0	0	0	0	0	100	100	2.662	4.269	2.817	3.31	
Q8NB16	7nm5	3.182	2.662	4.269	0	0	0	0	2.817	3.31	0	0	0	0	0	0	100	100	2.662	4.269	2.817	3.31	
Q8NB16	7nm2	3.668	2.164	5.201	0	0	0	0	2.963	2.734	0	0	0	0	0	0	100	100	2.164	5.201	2.963	2.734	
Q8NB16	7nm2	3.668	2.164	5.201	0	0	0	0	2.963	2.734	0	0	0	0	0	0	100	100	2.164	5.201	2.963	2.734	
Q8NB16	7nm2	3.668	2.164	5.201	0	0	0	0	2.963	2.734	0	0	0	0	0	0	100	100	2.164	5.201	2.963	2.734	
Q8NB16	7nm2	3.668	2.164	5.201	0	0	0	0	2.963	2.734	0	0	0	0	0	0	100	100	2.164	5.201	2.963	2.734	
Q8NB16	7nm2	3.668	2.164	5.201	0	0	0	0	2.963	2.734	0	0	0	0	0	0	100	100	2.164	5.201	2.963	2.734	
Q8NB16	7nm2	3.668	2.164	5.201	0	0	0	0	2.963	2.734	0	0	0	0	0	0	100	100	2.164	5.201	2.963	2.734	
Q8NB16	7nm2	3.668	2.164	5.201	0	0	0	0	2.963	2.734	0	0	0	0	0	0	100	100	2.164	5.201	2.963	2.734	
Q8NB16	7nm2	3.668	2.164	5.201	0	0	0	0	2.963	2.734	0	0	0	0	0	0	100	100	2.164	5.201	2.963	2.734	
Q8NB16	7nm2	3.668	2.164	5.201	0	0	0	0	2.963	2.734	0	0	0	0	0	0	100	100	2.164	5.201	2.963	2.734	
Q8NB16	7nm2	3.668	2.164	5.201	0	0	0	0	2.963	2.734	0	0	0	0	0	0	100	100	2.164	5.201	2.963	2.734	
Q8NB16	7nm2	3.668	2.164	5.201	0	0	0	0	2.963	2.734	0	0	0	0	0	0	100	100	2.164	5.201	2.963	2.734	
Q8NB16	7nm2	3.668	2.164	5.201	0	0	0	0	2.963	2.734	0	0	0	0	0	0	100	100	2.164	5.201	2.963	2.734	
Q8NB16	7nm2	3.668	2.164	5.201	0	0	0	0	2.963	2.734	0	0	0	0	0	0	100	100	2.164	5.201	2.963	2.734	
Q8NB16	7nm2	3.668	2.164	5.201	0	0	0	0	2.963	2.734	0	0	0	0	0	0	100	100	2.164	5.201	2.963	2.734	
Q8NB16	7nm2	3.668	2.164	5.201	0	0	0	0	2.963	2.734	0	0	0	0	0	0	100	100	2.164	5.201	2.963	2.734	
Q8NB16	7nm2	3.668	2.164	5.201	0	0	0	0	2.963	2.734	0	0	0	0	0	0	100	100	2.164	5.201	2.963	2.734	
Q8NB16	7nm2	3.668	2.164	5.201	0	0	0	0	2.963	2.734	0	0	0	0	0	0	100	100	2.164	5.201	2.963	2.734	
Q8NB16	7nm2	3.668	2.164	5.201	0	0	0	0	2.963	2.734	0	0	0	0	0	0	100	100	2.164	5.201	2.963	2.734	
Q8NB16	7nm2	3.668	2.164	5.201	0	0	0	0	2.963	2.734	0	0	0	0	0	0	100	100	2.164	5.201	2.963	2.734	
Q8NB16	7nm2	3.668	2.164	5.201	0	0	0	0	2.963	2.734	0	0	0	0	0	0	100	100	2.164	5.201	2.963	2.734	
Q8NI60	4ped	2.99	0.329	4.167	0	0	0	0	2.299	2.189	0	0	0	0	0	0	100	96.8421052631579	0.329	4.167	2.299	2.189	
Q8NI60	5i35	2.731	0.698	3.777	0	0	0	0	2.231	1.889	0	0	0	0	0	0	100	96.8421052631579	0.698	3.777	2.231	1.889	
Q8RT31	4d7q	2.695	5.799	5.41	0	0	0	0	1.469	6.208	0	0	0	0	0	0	94.8051948051948	100	5.799	5.41	1.469	6.208	
Q8RT31	4c7p	1.401	1.683	1.318	0	0	0	0	1.127	1.762	0	0	0	0	0	0	95.4545454545454	100	1.683	1.318	1.127	1.762	
Q8TCU6	7syf	39.011	1.557	33.557	0	0	0	0	0	0	2.016	75.031	1.87	26.031	0	0	95.6043956043956	92.0382165605096	1.557	33.557	1.943	50.531	
Q8Y842	3fi7	14.373	0.748	45.886	0	0	0	0	0.76	39.673	0	0	0	0	0	0	84.6153846153846	100	0.748	45.886	0.76	39.673	
Q96BN8	3znz	2.695	2.103	3.059	0	0	0	0	0	0	1.2	2.552	0.173	2.776	0	0	100	91.0798122065728	2.103	3.059	0.6865	2.664	
Q96BN8	5oe7	2.113	2.12	2.896	0	0	0	0	0	0	1.175	2.539	0.228	2.774	0	0	100	91.5492957746479	2.12	2.896	0.7015	2.6565	
Q96BN8	3znx	1.06	1.653	1.185	0	0	0	0	0	0	0.828	1.615	1.071	1.728	0	0	100	91.0798122065728	1.653	1.185	0.9495	1.6715	
Q96BN8	6i9c	1.236	1.415	2.099	0	0	0	0	0	0	1.113	1.477	1.083	1.447	0	0	100	91.0798122065728	1.415	2.099	1.098	1.462	
Q96BN8	3znv	1.666	1.162	1.859	0	0	0	0	0	0	1.688	1.168	1.074	1.388	0	0	100	94.8356807511737	1.162	1.859	1.381	1.278	
Q96BN8	4ksj	1.224	1.054	1.415	0	0	0	0	0	0	0.869	1.18	0.086	1.25	0	0	100	88.2629107981221	1.054	1.415	0.4775	1.215	
Q96FI4	5itq	1.737	0.258	2.245	0	0	0	0	0	0	0.964	0.681	0.786	0.645	0	0	100	96.7213114754098	0.258	2.245	0.875	0.663	
Q96FI4	1tdh	1.587	0.256	2.336	0	0	0	0	0	0	0.722	0.654	0.787	0.516	0	0	100	96.7213114754098	0.256	2.336	0.7545	0.585	
Q96FI4	4nrv	1.423	0.166	2.699	0	0	0	0	0	0	0.874	0.574	0.734	0.404	0	0	100	96.7213114754098	0.166	2.699	0.804	0.489	
Q9BYP7	5o2c	10.005	0.939	32.454	0	0	0	0	2.379	23.154	0	0	0	0	0	0	100	100	0.939	32.454	2.379	23.154	
Q9BZ95	6cen	3.089	0.919	3.646	0	0	0	0	3.384	1.822	0	0	0	0	0	0	100	81.25	0.919	3.646	3.384	1.822	
Q9H7B4	5ex3	1.815	1.865	2.317	0	0	0	0	1.345	2.76	0	0	0	0	0	0	100	100	1.865	2.317	1.345	2.76	
Q9H7B4	5ex0	1.686	1.833	2.005	0	0	0	0	1.264	2.554	0	0	0	0	0	0	100	100	1.833	2.005	1.264	2.554	
Q9H7B4	3oxl	1.593	1.77	1.476	0	0	0	0	1.329	1.972	0	0	0	0	0	0	98.65771812	100	1.77	1.476	1.329	1.972	
Q9H7B4	3oxg	1.408	1.663	1.522	0	0	0	0	1.121	1.92	0	0	0	0	0	0	98.65771812	100	1.663	1.522	1.121	1.92	
Q9H7B4	6p6k	0.903	0.792	1.361	0	0	0	0	0.866	1.163	0	0	0	0	0	0	100	99.15611814	0.792	1.361	0.866	1.163	
Q9H7B4	5ccl	0.979	1.067	0.973	0	0	0	0	0.921	1.14	0	0	0	0	0	0	99.32885906	100	1.067	0.973	0.921	1.14	
Q9H7B4	5v37	0.918	0.934	1.014	0	0	0	0	0.947	0.966	0	0	0	0	0	0	98.65771812	100	0.934	1.014	0.947	0.966	
Q9H7B4	6yuh	0.889	0.879	0.91	0	0	0	0	0.908	0.884	0	0	0	0	0	0	99.32885906	100	0.879	0.91	0.908	0.884	
Q9H7B4	7bj1	0.823	0.851	0.849	0	0	0	0	0.831	0.866	0	0	0	0	0	0	100	100	0.851	0.849	0.831	0.866	
Q9H7B4	6ijl	0.878	0.814	0.98	0	0	0	0	0.898	0.857	0	0	0	0	0	0	97.98657718	100	0.814	0.98	0.898	0.857	
Q9H7B4	5xxg	0.822	0.814	0.899	0	0	0	0	0.838	0.838	0	0	0	0	0	0	97.98657718	100	0.814	0.899	0.838	0.838	
Q9H7B4	6p7z	0.807	0.785	0.92	0	0	0	0	0.82	0.828	0	0	0	0	0	0	100	99.57805907	0.785	0.92	0.82	0.828	
Q9H7B4	5xxd	0.884	0.767	1.065	0	0	0	0	0.936	0.821	0	0	0	0	0	0	97.98657718	100	0.767	1.065	0.936	0.821	
Q9H7B4	6zrb	0.823	0.827	0.862	0	0	0	0	0.855	0.821	0	0	0	0	0	0	99.32885906	100	0.827	0.862	0.855	0.821	
Q9H7B4	7o2a	0.818	0.692	0.975	0	0	0	0	0.85	0.821	0	0	0	0	0	0	100	100	0.692	0.975	0.85	0.821	
Q9H7B4	7o2b	0.852	0.706	1.049	0	0	0	0	0.902	0.815	0	0	0	0	0	0	100	100	0.706	1.049	0.902	0.815	
Q9H7B4	3qwp	0.769	0.793	0.762	0	0	0	0	0.754	0.812	0	0	0	0	0	0	99.32885906	100	0.793	0.762	0.754	0.812	
Q9H7B4	7o2c	0.819	0.696	1.056	0	0	0	0	0.841	0.79	0	0	0	0	0	0	100	100	0.696	1.056	0.841	0.79	
Q9H7B4	6paf	0.737	0.666	0.887	0	0	0	0	0.737	0.785	0	0	0	0	0	0	100	98.73417722	0.666	0.887	0.737	0.785	
Q9H7B4	6p6g	0.712	0.745	0.704	0	0	0	0	0.683	0.774	0	0	0	0	0	0	100	100	0.745	0.704	0.683	0.774	
Q9H7B4	6o9o	0.712	0.745	0.704	0	0	0	0	0.683	0.774	0	0	0	0	0	0	100	100	0.745	0.704	0.683	0.774	
Q9H7B4	5ccm	0.802	0.735	0.894	0	0	0	0	0.849	0.76	0	0	0	0	0	0	97.98657718	100	0.735	0.894	0.849	0.76	
Q9H7B4	5yjo	0.723	0.697	0.773	0	0	0	0	0.731	0.752	0	0	0	0	0	0	97.98657718	100	0.697	0.773	0.731	0.752	
Q9H7B4	3pdn	0.786	0.685	0.87	0	0	0	0	0.809	0.75	0	0	0	0	0	0	100	100	0.685	0.87	0.809	0.75	
Q9H7B4	5hi7	0.879	0.712	1.024	0	0	0	0	0.984	0.736	0	0	0	0	0	0	100	100	0.712	1.024	0.984	0.736	
Q9H7B4	3mek	0.756	0.707	0.806	0	0	0	0	0.783	0.721	0	0	0	0	0	0	93.2885906	97.89029536	0.707	0.806	0.783	0.721	
Q9H7B4	5xxj	0.73	0.601	0.844	0	0	0	0	0.787	0.64	0	0	0	0	0	0	97.98657718	100	0.601	0.844	0.787	0.64	
Q9NR80	2dx1	10.091	-1	-1	0	0	0	0	1.555	1.555	0	0	0	0	0	0	96.07843137	98.37837838	-1	-1	1.555	1.555	
Q9P246	2l5y	3.573	2.776	4.451	0	0	0	0	3.109	3.885	0	0	0	0	0	0	100	100	2.776	4.451	3.109	3.885	
Q9P246	2l5y	3.573	2.776	4.451	0	0	0	0	3.109	3.885	0	0	0	0	0	0	100	100	2.776	4.451	3.109	3.885	
Q9P246	2l5y	3.573	2.776	4.451	0	0	0	0	3.109	3.885	0	0	0	0	0	0	100	100	2.776	4.451	3.109	3.885	
Q9P246	2l5y	3.573	2.776	4.451	0	0	0	0	3.109	3.885	0	0	0	0	0	0	100	100	2.776	4.451	3.109	3.885	
Q9P246	2l5y	3.573	2.776	4.451	0	0	0	0	3.109	3.885	0	0	0	0	0	0	100	100	2.776	4.451	3.109	3.885	
Q9P246	2l5y	3.573	2.776	4.451	0	0	0	0	3.109	3.885	0	0	0	0	0	0	100	100	2.776	4.451	3.109	3.885	
Q9P246	2l5y	3.573	2.776	4.451	0	0	0	0	3.109	3.885	0	0	0	0	0	0	100	100	2.776	4.451	3.109	3.885	
Q9P246	2l5y	3.573	2.776	4.451	0	0	0	0	3.109	3.885	0	0	0	0	0	0	100	100	2.776	4.451	3.109	3.885	
Q9P246	2l5y	3.573	2.776	4.451	0	0	0	0	3.109	3.885	0	0	0	0	0	0	100	100	2.776	4.451	3.109	3.885	
Q9P246	2l5y	3.573	2.776	4.451	0	0	0	0	3.109	3.885	0	0	0	0	0	0	100	100	2.776	4.451	3.109	3.885	
Q9P246	2l5y	3.573	2.776	4.451	0	0	0	0	3.109	3.885	0	0	0	0	0	0	100	100	2.776	4.451	3.109	3.885	
Q9P246	2l5y	3.573	2.776	4.451	0	0	0	0	3.109	3.885	0	0	0	0	0	0	100	100	2.776	4.451	3.109	3.885	
Q9P246	2l5y	3.573	2.776	4.451	0	0	0	0	3.109	3.885	0	0	0	0	0	0	100	100	2.776	4.451	3.109	3.885	
Q9P246	2l5y	3.573	2.776	4.451	0	0	0	0	3.109	3.885	0	0	0	0	0	0	100	100	2.776	4.451	3.109	3.885	
Q9P246	2l5y	3.573	2.776	4.451	0	0	0	0	3.109	3.885	0	0	0	0	0	0	100	100	2.776	4.451	3.109	3.885	
Q9P246	2l5y	3.573	2.776	4.451	0	0	0	0	3.109	3.885	0	0	0	0	0	0	100	100	2.776	4.451	3.109	3.885	
Q9P246	2l5y	3.573	2.776	4.451	0	0	0	0	3.109	3.885	0	0	0	0	0	0	100	100	2.776	4.451	3.109	3.885	
Q9P246	2l5y	3.573	2.776	4.451	0	0	0	0	3.109	3.885	0	0	0	0	0	0	100	100	2.776	4.451	3.109	3.885	
Q9P246	2l5y	3.573	2.776	4.451	0	0	0	0	3.109	3.885	0	0	0	0	0	0	100	100	2.776	4.451	3.109	3.885	
Q9P246	2l5y	3.573	2.776	4.451	0	0	0	0	3.109	3.885	0	0	0	0	0	0	100	100	2.776	4.451	3.109	3.885	
Q9UGN5	7aeo	9.124	8.168	13.078	0	0	0	0	1.131	18.207	0	0	0	0	0	0	91.52542373	100	8.168	13.078	1.131	18.207	
Q9UGN5	4zzy	1.954	2.274	2.625	0	0	0	0	0.933	2.92	0	0	0	0	0	0	100	100	2.274	2.625	0.933	2.92	
Q9UM73	3lcs	3.069	0	0	5.926	15.006	1.097	3.069	0	0	4.298	7.411	2.463	7.049	1.039	7.173	100	100	3.5115	9.0375	2.6	7.211	
Q9UM73	4mkc	2.534	0	0	5.624	10.445	0.963	2.339	0	0	1.485	6.853	2.34	6.531	1.025	6.717	100	97.6095617529881	3.2935	6.392	1.61666666666667	6.70033333333333	
Q9UM73	3l9p	2.581	0	0	4.84	19.215	0.855	2.831	0	0	1.982	6.625	2.547	6.435	1.001	6.649	100	98.00796812749	2.8475	11.023	1.84333333333333	6.56966666666667	
Q9UM73	3lct	2.813	0	0	4.872	17.684	1.1	3.018	0	0	3.666	6.669	2.507	6.382	1.036	6.526	100	100	2.986	10.351	2.403	6.52566666666667	
Q9UM73	7btt	2.409	0	0	4.509	10.672	1.09	2.134	0	0	1.654	5.839	2.444	5.865	1.072	5.969	100	98.00796812749	2.7995	6.403	1.72333333333333	5.891	
Q9UM73	4tt7	2.29	0	0	4.795	29.092	0.969	3.365	0	0	1.023	6.014	2.415	5.804	1.094	5.777	92.3076923076923	94.4223107569721	2.882	16.2285	1.51066666666667	5.865	
Q9UM73	4z55	2.142	0	0	4.27	8.533	0.977	2.229	0	0	1.069	5.476	2.382	5.077	0.946	5.205	96.1538461538462	95.2191235059761	2.6235	5.381	1.46566666666667	5.25266666666667	
Q9UM73	5iui	2.152	0	0	3.53	18.923	0.9	2.867	0	0	2.826	3.956	2.419	3.993	1.065	4.294	80.7692307692308	98.406374501992	2.215	10.895	2.10333333333333	4.081	
Q9Y4X5	4kc9	2.636	1.464	1.311	0	0	0	0	1.111	1.539	0	0	0	0	0	0	93.3333333333333	96.2962962962963	1.464	1.311	1.111	1.539	
