uniprot	region	af_filename
P00734	44-89,108-186,213-291,364-618	AF-P00734-F1-model_v4.cif
P03372	311-547	AF-P03372-F1-model_v4.cif
P00742	41-85,86-122,125-165,235-467	AF-P00742-F1-model_v4.cif
P00533	712-979	AF-P00533-F1-model_v4.cif
Q9UIF8	739-810,1087-1152,2077-2147	AF-Q9UIF8-F1-model_v4.cif
P08709	61-105,106-142,147-188,213-452	AF-P08709-F1-model_v4.cif
P05067	28-189,291-341,374-565	AF-P05067-F1-model_v4.cif
P00749	27-63,70-151,179-424	AF-P00749-F1-model_v4.cif
P03069	225-281	AF-P03069-F1-model_v4.cif
Q00987	26-109	AF-Q00987-F1-model_v4.cif
P00974	40-90	AF-P00974-F1-model_v4.cif
Q92793	587-666,1103-1175,1323-1700	AF-Q92793-F1-model_v4.cif
P08581	27-515,563-655,657-739,742-836,1078-1345	AF-P08581-F1-model_v4.cif
P41182	32-99	AF-P41182-F1-model_v4.cif
P01024	693-728,1518-1661	AF-P01024-F1-model_v4.cif
P19793	227-458	AF-P19793-F1-model_v4.cif
P05106	30-76,135-377,436-498,499-548,549-585,586-629	AF-P05106-F1-model_v4.cif
Q8NBP7	77-149,155-461	AF-Q8NBP7-F1-model_v4.cif
P06213	624-726,757-842,853-947,1023-1298	AF-P06213-F1-model_v4.cif
P00740	47-92,93-129,130-171,227-459	AF-P00740-F1-model_v4.cif
P00735	44-90,109-187,214-292,367-621	AF-P00735-F1-model_v4.cif
P02751	50-90,95-138,139-182,184-228,229-273,306-345,355-403,415-463,468-511,516-558,559-602,610-702,722-812,813-904,909-998,999-1088,1089-1175,1176-1270,1271-1359,1360-1452,1453-1540,1541-1634,1635-1726,1727-1814,1815-1908,1909-1995,1996-2086,2194-2288,2295-2339,2340-2382,2384-2427	AF-P02751-F1-model_v4.cif
Q9UIF9	546-617,848-913,1810-1880	AF-Q9UIF9-F1-model_v4.cif
Q9UGL1	32-73,97-187,453-619	AF-Q9UGL1-F1-model_v4.cif
Q09472	566-645,1067-1139,1287-1663	AF-Q09472-F1-model_v4.cif
Q03181	211-439	AF-Q03181-F1-model_v4.cif
P04150	524-758	AF-P04150-F1-model_v4.cif
P11473	127-423	AF-P11473-F1-model_v4.cif
Q05769	18-55	AF-Q05769-F1-model_v4.cif
P62694	477-513	AF-P62694-F1-model_v4.cif
P00747	20-98,103-181,184-262,275-352,377-454,481-560,581-808	AF-P00747-F1-model_v4.cif
P08603	19-82,83-143,144-207,208-264,265-322,324-386,387-444,446-507,515-566,567-625,628-686,689-746,751-805,809-866,868-928,929-986,987-1045,1046-1104,1107-1165,1170-1230	AF-P08603-F1-model_v4.cif
P29375	19-60,84-174,437-603	AF-P29375-F1-model_v4.cif
P00268	1-54	AF-P00268-F1-model_v4.cif
P04626	720-987	AF-P04626-F1-model_v4.cif
P08069	491-609,610-708,735-828,834-927,999-1274	AF-P08069-F1-model_v4.cif
P01031	698-732,1532-1676	AF-P01031-F1-model_v4.cif
P84131	2-115,240-274	AF-P84131-F1-model_v4.cif
P04049	56-131,349-609	AF-P04049-F1-model_v4.cif
P68390	1-63,64-128,131-185	AF-P68390-F1-model_v4.cif
O15151	25-108	AF-O15151-F1-model_v4.cif
P14210	37-123,128-206,211-288,305-383,391-469,495-721	AF-P14210-F1-model_v4.cif
Q96T88	1-78,419-582	AF-Q96T88-F1-model_v4.cif
P29083	14-104	AF-P29083-F1-model_v4.cif
Q13888	60-236	AF-Q13888-F1-model_v4.cif
P05979	32-70	AF-P05979-F1-model_v4.cif
P01130	25-65,66-106,107-145,146-186,195-233,234-272,274-313,314-353,354-393,663-712	AF-P01130-F1-model_v4.cif
P22681	47-351,856-895	AF-P22681-F1-model_v4.cif
P38398	1642-1736,1756-1855	AF-P38398-F1-model_v4.cif
P10828	217-461	AF-P10828-F1-model_v4.cif
P08174	35-96,96-160,161-222,223-285	AF-P08174-F1-model_v4.cif
P24297	2-52	AF-P24297-F1-model_v4.cif
P46531	20-58,59-99,102-139,140-176,178-216,218-255,257-293,295-333,335-371,372-410,412-450,452-488,490-526,528-564,566-601,603-639,641-676,678-714,716-751,753-789,791-827,829-867,869-905,907-943,945-981,983-1019,1021-1057,1059-1095,1097-1143,1145-1181,1183-1219,1221-1265,1267-1305,1307-1346,1348-1384,1387-1426	AF-P46531-F1-model_v4.cif
Q96EP0	71-142,564-615	AF-Q96EP0-F1-model_v4.cif
P45481	586-665,1104-1176,1324-1701	AF-P45481-F1-model_v4.cif
Q13490	453-543	AF-Q13490-F1-model_v4.cif
P51948	142-161	AF-P51948-F1-model_v4.cif
P0A6H1	2-56	AF-P0A6H1-F1-model_v4.cif
P14780	225-273,283-331,342-390	AF-P14780-F1-model_v4.cif
O00482	300-539	AF-O00482-F1-model_v4.cif
P05107	24-74,124-363,449-496,497-540,541-581,582-617	AF-P05107-F1-model_v4.cif
P00959	575-677	AF-P00959-F1-model_v4.cif
P00751	35-100,101-160,163-220,270-469,477-757	AF-P00751-F1-model_v4.cif
Q14587	81-152	AF-Q14587-F1-model_v4.cif
P06536	542-776	AF-P06536-F1-model_v4.cif
P26358	16-109,755-880,972-1100,1139-1599	AF-P26358-F1-model_v4.cif
P21860	709-966	AF-P21860-F1-model_v4.cif
Q12046	135-228	AF-Q12046-F1-model_v4.cif
Q13105	1-104	AF-Q13105-F1-model_v4.cif
P30403	194-391,397-478	AF-P30403-F1-model_v4.cif
P32523	1-71	AF-P32523-F1-model_v4.cif
P04233	210-271	AF-P04233-F1-model_v4.cif
Q9UMS4	2-73	AF-Q9UMS4-F1-model_v4.cif
P22736	360-595	AF-P22736-F1-model_v4.cif
Q92794	1-77,95-171,504-778	AF-Q92794-F1-model_v4.cif
P00748	42-90,94-131,133-173,174-210,217-295,373-614	AF-P00748-F1-model_v4.cif
Q9NZL3	8-78	AF-Q9NZL3-F1-model_v4.cif
P06612	3-142	AF-P06612-F1-model_v4.cif
P13987	26-108	AF-P13987-F1-model_v4.cif
Q96SE7	8-79	AF-Q96SE7-F1-model_v4.cif
P37173	244-544	AF-P37173-F1-model_v4.cif
P23193	3-80,140-256	AF-P23193-F1-model_v4.cif
P02749	21-81,82-139,140-202,203-262	AF-P02749-F1-model_v4.cif
Q8VDF2	1-78,424-586	AF-Q8VDF2-F1-model_v4.cif
P08253	228-276,286-334,344-392	AF-P08253-F1-model_v4.cif
P48059	10-62,71-121,135-184,193-243,252-303	AF-P48059-F1-model_v4.cif
Q8WTR7	6-75	AF-Q8WTR7-F1-model_v4.cif
Q9UKV5	456-498	AF-Q9UKV5-F1-model_v4.cif
P07204	31-169,241-281,284-324,325-363,365-405,404-440,441-481	AF-P07204-F1-model_v4.cif
O14763	339-422	AF-O14763-F1-model_v4.cif
Q8NHY6	103-174,232-299	AF-Q8NHY6-F1-model_v4.cif
Q62768	1-97,672-796,1106-1249,1358-1525,1558-1685	AF-Q62768-F1-model_v4.cif
Q5JVG2	8-78	AF-Q5JVG2-F1-model_v4.cif
P04070	43-88,97-132,136-176,212-450	AF-P04070-F1-model_v4.cif
P01133	314-355,356-396,397-437,435-477,741-781,831-869,870-911,912-952,972-1013	AF-P01133-F1-model_v4.cif
Q46877	254-393,423-474	AF-Q46877-F1-model_v4.cif
Q14839	494-594,622-697,738-922,1054-1203	AF-Q14839-F1-model_v4.cif
Q01705	20-58,59-99,102-139,140-176,178-216,218-255,257-293,295-333,335-371,372-410,412-450,452-488,490-526,528-564,566-601,603-639,641-676,678-714,716-751,753-789,791-827,829-867,869-905,907-943,945-981,983-1019,1021-1057,1059-1095,1097-1143,1145-1181,1183-1219,1221-1265,1267-1305,1307-1346,1348-1384,1387-1426	AF-Q01705-F1-model_v4.cif
P48740	20-138,139-182,185-297,299-364,365-434,449-696	AF-P48740-F1-model_v4.cif
P00736	18-141,142-190,193-305,307-373,374-449,464-702	AF-P00736-F1-model_v4.cif
P00750	39-81,82-120,127-208,215-296,311-561	AF-P00750-F1-model_v4.cif
P10276	183-417	AF-P10276-F1-model_v4.cif
P45974	326-856,654-695,722-762	AF-P45974-F1-model_v4.cif
P09871	16-130,131-172,175-290,292-356,357-423,438-680	AF-P09871-F1-model_v4.cif
O95149	11-73	AF-O95149-F1-model_v4.cif
P13864	16-109,758-884,976-1103,1142-1601	AF-P13864-F1-model_v4.cif
P45697	21-83	AF-P45697-F1-model_v4.cif
P02760	231-281,287-337	AF-P02760-F1-model_v4.cif
P07996	65-270,316-373,379-429,435-490,492-547,547-587,646-690,958-1170	AF-P07996-F1-model_v4.cif
P01135	43-83	AF-P01135-F1-model_v4.cif
P02458	32-90,1253-1487	AF-P02458-F1-model_v4.cif
Q03405	23-114,115-213,214-305	AF-Q03405-F1-model_v4.cif
Q99728	560-653,667-777	AF-Q99728-F1-model_v4.cif
Q2MKA7	147-207	AF-Q2MKA7-F1-model_v4.cif
P36894	204-233,234-525	AF-P36894-F1-model_v4.cif
P47709	40-157,382-504,540-673	AF-P47709-F1-model_v4.cif
A1BBA0	73-186	AF-A1BBA0-F1-model_v4.cif
Q15303	718-985	AF-Q15303-F1-model_v4.cif
P29187	3-35	AF-P29187-F1-model_v4.cif
P24931	1-146,153-191	AF-P24931-F1-model_v4.cif
Q0PF16	283-497	AF-Q0PF16-F1-model_v4.cif
P10826	183-417	AF-P10826-F1-model_v4.cif
Q66GI4	338-565	AF-Q66GI4-F1-model_v4.cif
P14768	27-128,183-212,281-607	AF-P14768-F1-model_v4.cif
O00187	16-137,138-181,184-296,298-363,364-432,445-684	AF-O00187-F1-model_v4.cif
P04004	20-63	AF-P04004-F1-model_v4.cif
Q06455	120-215	AF-Q06455-F1-model_v4.cif
P01589	22-84,123-186	AF-P01589-F1-model_v4.cif
Q96PU4	1-78,448-612	AF-Q96PU4-F1-model_v4.cif
Q9Y2L8	51-132,218-291	AF-Q9Y2L8-F1-model_v4.cif
O75151	197-353	AF-O75151-F1-model_v4.cif
P19438	356-441	AF-P19438-F1-model_v4.cif
P43354	360-595	AF-P43354-F1-model_v4.cif
Q9UJ41	232-375	AF-Q9UJ41-F1-model_v4.cif
O14944	64-104	AF-O14944-F1-model_v4.cif
P15207	651-882	AF-P15207-F1-model_v4.cif
P70662	336-375	AF-P70662-F1-model_v4.cif
P07174	354-419	AF-P07174-F1-model_v4.cif
P01132	327-361,362-402,403-443,441-483,747-787,838-876,877-918,919-959,978-1019	AF-P01132-F1-model_v4.cif
P28867	1-106,347-601,602-673	AF-P28867-F1-model_v4.cif
Q04759	1-107,380-634,635-706	AF-Q04759-F1-model_v4.cif
P49916	933-1009	AF-P49916-F1-model_v4.cif
Q13263	697-801	AF-Q13263-F1-model_v4.cif
P10646	54-104,125-175,217-267	AF-P10646-F1-model_v4.cif
P16581	22-139,140-175,178-239,240-301,303-364,366-427,429-490,491-549	AF-P16581-F1-model_v4.cif
O46162	20-54,57-92	AF-O46162-F1-model_v4.cif
Q13705	190-480	AF-Q13705-F1-model_v4.cif
O43278	57-140,250-300,334-370,391-441	AF-O43278-F1-model_v4.cif
Q02297	37-128,178-222	AF-Q02297-F1-model_v4.cif
P00743	41-85,86-122,125-165,234-466	AF-P00743-F1-model_v4.cif
P40343	18-149,258-277,301-320	AF-P40343-F1-model_v4.cif
Q5M7L6	144-204	AF-Q5M7L6-F1-model_v4.cif
P17927	42-101,102-163,164-234,236-295,295-355,356-418,419-489,491-551,552-613,614-684,686-745,745-805,806-868,869-939,941-1001,1002-1063,1064-1134,1136-1195,1195-1255,1256-1318,1319-1389,1394-1454,1455-1516,1517-1587,1589-1648,1648-1708,1709-1771,1772-1842,1846-1906,1907-1967	AF-P17927-F1-model_v4.cif
Q8TDZ2	508-612,695-757,918-1067	AF-Q8TDZ2-F1-model_v4.cif
P20023	21-84,89-148,152-212,213-273,274-344,349-408,409-468,469-524,525-595,600-659,660-716,717-781,786-845,849-909,910-970	AF-P20023-F1-model_v4.cif
P19474	268-465	AF-P19474-F1-model_v4.cif
Q3E840	3-59	AF-Q3E840-F1-model_v4.cif
P80424	1-42	AF-P80424-F1-model_v4.cif
P41235	147-377	AF-P41235-F1-model_v4.cif
P10968	27-68,69-111,112-154,155-197	AF-P10968-F1-model_v4.cif
Q9NQ38	28-66,91-153,155-216,219-285,291-352,361-423,431-489,490-551,561-622,626-688,701-757,768-830,843-905,910-971,987-1048	AF-Q9NQ38-F1-model_v4.cif
P15529	35-96,97-159,160-225,226-285	AF-P15529-F1-model_v4.cif
Q13489	439-529	AF-Q13489-F1-model_v4.cif
P32664	125-248	AF-P32664-F1-model_v4.cif
P06134	85-183	AF-P06134-F1-model_v4.cif
P16109	58-158,159-195,198-259,260-321,322-383,384-445,446-507,508-569,570-631,640-701,702-763	AF-P16109-F1-model_v4.cif
P31713	3-53	AF-P31713-F1-model_v4.cif
P27037	192-485	AF-P27037-F1-model_v4.cif
P01484	21-83	AF-P01484-F1-model_v4.cif
P80060	20-54,57-92	AF-P80060-F1-model_v4.cif
O14964	15-143,258-277	AF-O14964-F1-model_v4.cif
Q01974	55-145,169-303,316-394,473-746	AF-Q01974-F1-model_v4.cif
Q01973	42-147,165-299,312-391,473-746	AF-Q01973-F1-model_v4.cif
P20393	284-614	AF-P20393-F1-model_v4.cif
P0C1X2	33-83	AF-P0C1X2-F1-model_v4.cif
A0A0A9P802	38-80,81-123,124-166,168-208	AF-A0A0A9P802-F1-model_v4.cif
P00995	26-79	AF-P00995-F1-model_v4.cif
Q9NS91	248-282	AF-Q9NS91-F1-model_v4.cif
Q9WUD1	227-301	AF-Q9WUD1-F1-model_v4.cif
Q9HBE1	41-130	AF-Q9HBE1-F1-model_v4.cif
P10969	1-42,43-85,86-128,129-171	AF-P10969-F1-model_v4.cif
P08622	3-72	AF-P08622-F1-model_v4.cif
P00269	1-52	AF-P00269-F1-model_v4.cif
P02468	44-283,284-339,340-395,396-442,443-492,493-502,512-687,688-721,722-770,771-825,826-881,882-932,933-980,981-1028	AF-P02468-F1-model_v4.cif
P15336	352-415	AF-P15336-F1-model_v4.cif
P17728	21-83	AF-P17728-F1-model_v4.cif
P22692	23-103,171-249	AF-P22692-F1-model_v4.cif
P02877	18-60,68-189	AF-P02877-F1-model_v4.cif
Q9UWP7	2-132,137-170	AF-Q9UWP7-F1-model_v4.cif
Q9X4D0	262-342	AF-Q9X4D0-F1-model_v4.cif
O15344	320-379,381-484,482-659	AF-O15344-F1-model_v4.cif
P67954	6-56	AF-P67954-F1-model_v4.cif
P27275	29-53	AF-P27275-F1-model_v4.cif
O95155	1227-1300	AF-O95155-F1-model_v4.cif
Q14192	40-92,101-153,162-212,221-275	AF-Q14192-F1-model_v4.cif
P01495	17-82	AF-P01495-F1-model_v4.cif
Q8IYH5	647-707	AF-Q8IYH5-F1-model_v4.cif
Q7T1K6	37-165,201-234	AF-Q7T1K6-F1-model_v4.cif
P19398	5-60	AF-P19398-F1-model_v4.cif
P98155	31-69,70-110,111-151,152-190,191-231,237-275,276-314,316-355,356-395,396-435,702-750	AF-P98155-F1-model_v4.cif
Q90WA1	31-81	AF-Q90WA1-F1-model_v4.cif
P16293	1-47,48-84,85-126,183-409	AF-P16293-F1-model_v4.cif
O43918	1-105,181-280	AF-O43918-F1-model_v4.cif
P25801	30-89,94-153	AF-P25801-F1-model_v4.cif
P21674	30-103,94-117,112-166,167-190,186-241,244-268,264-318	AF-P21674-F1-model_v4.cif
Q05158	10-61,120-171	AF-Q05158-F1-model_v4.cif
Q06696	7-96,255-288	AF-Q06696-F1-model_v4.cif
Q9JJS8	20-137,138-181,184-296,298-363,364-431,444-683	AF-Q9JJS8-F1-model_v4.cif
P00270	1-52	AF-P00270-F1-model_v4.cif
P01359	27-71,77-120	AF-P01359-F1-model_v4.cif
O60711	150-208,209-267,268-326,327-386	AF-O60711-F1-model_v4.cif
P17726	5-59	AF-P17726-F1-model_v4.cif
Q13261	31-95	AF-Q13261-F1-model_v4.cif
P09486	71-93,89-151,261-296	AF-P09486-F1-model_v4.cif
Q7ZZM2	27-110	AF-Q7ZZM2-F1-model_v4.cif
Q13642	40-92,101-153,162-212	AF-Q13642-F1-model_v4.cif
P17252	158-275,339-597,598-668	AF-P17252-F1-model_v4.cif
P14151	55-155,156-192,195-256,257-318	AF-P14151-F1-model_v4.cif
Q9HCM9	319-514	AF-Q9HCM9-F1-model_v4.cif
P04170	1-45	AF-P04170-F1-model_v4.cif
P27038	192-485	AF-P27038-F1-model_v4.cif
Q07654	30-73	AF-Q07654-F1-model_v4.cif
P04155	29-72	AF-P04155-F1-model_v4.cif
Q9P868	21-60,71-106,118-153	AF-Q9P868-F1-model_v4.cif
P24593	23-103,189-263	AF-P24593-F1-model_v4.cif
P25491	4-72	AF-P25491-F1-model_v4.cif
P30820	23-168,169-202	AF-P30820-F1-model_v4.cif
P83790	1-42,43-82	AF-P83790-F1-model_v4.cif
Q07008	20-58,59-99,102-139,140-176,178-216,218-255,257-293,295-333,335-371,372-410,412-450,452-488,490-526,528-564,566-601,603-639,641-676,678-714,716-751,753-789,791-827,829-867,869-905,907-943,945-981,983-1019,1021-1057,1059-1095,1097-1143,1145-1181,1183-1219,1221-1265,1267-1305,1307-1346,1348-1384,1387-1426	AF-Q07008-F1-model_v4.cif
P58779	1-59	AF-P58779-F1-model_v4.cif
P20153	239-498	AF-P20153-F1-model_v4.cif
P11218	24-64,69-111	AF-P11218-F1-model_v4.cif
Q8TDY4	302-394,426-551	AF-Q8TDY4-F1-model_v4.cif
O95718	208-432	AF-O95718-F1-model_v4.cif
Q6H8Q1	22-81,81-141,151-210,210-270,543-611	AF-Q6H8Q1-F1-model_v4.cif
Q13342	22-138,580-661,796-829	AF-Q13342-F1-model_v4.cif
P08833	26-107,173-251	AF-P08833-F1-model_v4.cif
Q61097	563-833	AF-Q61097-F1-model_v4.cif
P19957	69-117	AF-P19957-F1-model_v4.cif
Q9UJV3	340-399,398-531,516-709	AF-Q9UJV3-F1-model_v4.cif
Q9V099	1-52	AF-Q9V099-F1-model_v4.cif
P06681	22-86,87-146,149-206,254-452,464-744	AF-P06681-F1-model_v4.cif
Q08048	38-124,129-207,212-289,306-384,392-470,496-724	AF-Q08048-F1-model_v4.cif
P70375	42-86,87-123,128-169,194-433	AF-P70375-F1-model_v4.cif
Q8BFU0	144-204	AF-Q8BFU0-F1-model_v4.cif
P34021	419-654	AF-P34021-F1-model_v4.cif
P38445	190-481	AF-P38445-F1-model_v4.cif
P82107	28-54	AF-P82107-F1-model_v4.cif
O75398	193-273	AF-O75398-F1-model_v4.cif
P10493	106-268,384-424,428-665,666-707,708-749,756-799,800-838,844-917,1206-1242	AF-P10493-F1-model_v4.cif
P56678	2-66	AF-P56678-F1-model_v4.cif
P80302	24-50	AF-P80302-F1-model_v4.cif
P81658	7-57	AF-P81658-F1-model_v4.cif
Q13643	40-92,101-153,162-212,221-275	AF-Q13643-F1-model_v4.cif
G9I929	31-82	AF-G9I929-F1-model_v4.cif
Q2LAE1	974-1024,1026-1143,1151-1167	AF-Q2LAE1-F1-model_v4.cif
Q969Q1	267-325	AF-Q969Q1-F1-model_v4.cif
O00151	3-85,258-317	AF-O00151-F1-model_v4.cif
Q1H9T6	26-89	AF-Q1H9T6-F1-model_v4.cif
P15226	21-82	AF-P15226-F1-model_v4.cif
Q7KTX7	30-99	AF-Q7KTX7-F1-model_v4.cif
P35070	65-105	AF-P35070-F1-model_v4.cif
Q2I743	142-261	AF-Q2I743-F1-model_v4.cif
Q2I742	119-239	AF-Q2I742-F1-model_v4.cif
P50461	10-61,120-171	AF-P50461-F1-model_v4.cif
P27040	214-504	AF-P27040-F1-model_v4.cif
P22829	359-594	AF-P22829-F1-model_v4.cif
O70209	1-84,244-303	AF-O70209-F1-model_v4.cif
Q92995	336-861,652-693,727-767	AF-Q92995-F1-model_v4.cif
P60277	2-64	AF-P60277-F1-model_v4.cif
Q8AVA3	38-164,200-233	AF-Q8AVA3-F1-model_v4.cif
P19880	64-127	AF-P19880-F1-model_v4.cif
P63319	157-275,351-614,615-685	AF-P63319-F1-model_v4.cif
P15412	1-52	AF-P15412-F1-model_v4.cif
P83597	4-41	AF-P83597-F1-model_v4.cif
P24592	28-107,160-234	AF-P24592-F1-model_v4.cif
P01493	20-85	AF-P01493-F1-model_v4.cif
P01492	20-85	AF-P01492-F1-model_v4.cif
P01491	20-84	AF-P01491-F1-model_v4.cif
Q96T51	139-271	AF-Q96T51-F1-model_v4.cif
P01003	1-64,65-129,132-186	AF-P01003-F1-model_v4.cif
P01001	24-80	AF-P01001-F1-model_v4.cif
P08900	1-66	AF-P08900-F1-model_v4.cif
Q9UIG0	20-126,604-668,1356-1426	AF-Q9UIG0-F1-model_v4.cif
P20155	30-84	AF-P20155-F1-model_v4.cif
Q9GQW3	21-83	AF-Q9GQW3-F1-model_v4.cif
P35456	24-117,117-212,213-298	AF-P35456-F1-model_v4.cif
P02784	44-88,89-134	AF-P02784-F1-model_v4.cif
Q9H0M4	317-383	AF-Q9H0M4-F1-model_v4.cif
P98162	28-71	AF-P98162-F1-model_v4.cif
Q9GV76	120-239	AF-Q9GV76-F1-model_v4.cif
P06494	722-989	AF-P06494-F1-model_v4.cif
P41229	14-55,79-169,468-634	AF-P41229-F1-model_v4.cif
Q9Z0U4	29-95,97-158	AF-Q9Z0U4-F1-model_v4.cif
P00741	47-92,93-129,130-171,228-460	AF-P00741-F1-model_v4.cif
P00979	7-57	AF-P00979-F1-model_v4.cif
O18973	233-376	AF-O18973-F1-model_v4.cif
Q92854	22-500,502-551,554-636	AF-Q92854-F1-model_v4.cif
P05129	157-275,351-614,615-685	AF-P05129-F1-model_v4.cif
Q96NZ8	26-79,108-159,186-279,299-351,359-409,409-540	AF-Q96NZ8-F1-model_v4.cif
Q9NJC7	21-83	AF-Q9NJC7-F1-model_v4.cif
Q9ES54	226-363	AF-Q9ES54-F1-model_v4.cif
Q06684	1-50,51-103	AF-Q06684-F1-model_v4.cif
P34909	137-228	AF-P34909-F1-model_v4.cif
O00253	87-129	AF-O00253-F1-model_v4.cif
Q08605	34-99	AF-Q08605-F1-model_v4.cif
Q6L4L4	12-46	AF-Q6L4L4-F1-model_v4.cif
C4B7M5	5-146,170-421	AF-C4B7M5-F1-model_v4.cif
P46066	2-61	AF-P46066-F1-model_v4.cif
Q9V011	622-722	AF-Q9V011-F1-model_v4.cif
Q96HC4	2-85,418-477,477-536,536-596	AF-Q96HC4-F1-model_v4.cif
Q15654	279-316,339-398,399-467	AF-Q15654-F1-model_v4.cif
Q16760	53-146,317-451,1145-1208	AF-Q16760-F1-model_v4.cif
O94929	21-80,80-140,149-208,208-268,615-683	AF-O94929-F1-model_v4.cif
Q04721	26-63,64-102,105-143,144-180,182-219,221-258,260-296,298-336,338-374,375-413,415-454,456-492,494-530,532-568,570-605,607-643,645-680,682-718,720-755,757-793,795-831,833-871,873-909,911-947,949-985,987-1023,1025-1061,1063-1099,1101-1147,1149-1185,1187-1223,1225-1262,1264-1302,1304-1343,1374-1412	AF-Q04721-F1-model_v4.cif
P02876	28-69,70-112,113-155,156-198	AF-P02876-F1-model_v4.cif
P68436	6-56	AF-P68436-F1-model_v4.cif
P03973	28-76,82-130	AF-P03973-F1-model_v4.cif
G3V801	85-157,166-267,273-373,386-487,517-760	AF-G3V801-F1-model_v4.cif
P56637	20-88	AF-P56637-F1-model_v4.cif
P17028	52-134	AF-P17028-F1-model_v4.cif
Q8JI39	39-166,202-235	AF-Q8JI39-F1-model_v4.cif
Q99075	104-144	AF-Q99075-F1-model_v4.cif
P17497	2-83	AF-P17497-F1-model_v4.cif
Q05655	1-106,349-603,604-675	AF-Q05655-F1-model_v4.cif
O95628	109-189	AF-O95628-F1-model_v4.cif
P67966	10-61,118-169	AF-P67966-F1-model_v4.cif
P02820	52-98	AF-P02820-F1-model_v4.cif
Q9HTK8	1-54	AF-Q9HTK8-F1-model_v4.cif
P16589	1-55	AF-P16589-F1-model_v4.cif
Q8K0W9	4-60	AF-Q8K0W9-F1-model_v4.cif
Q922H1	214-528	AF-Q922H1-F1-model_v4.cif
A0A1S6EK91	21-63	AF-A0A1S6EK91-F1-model_v4.cif
P07851	5-60	AF-P07851-F1-model_v4.cif
I6YFL7	4-55	AF-I6YFL7-F1-model_v4.cif
O77091	20-83	AF-O77091-F1-model_v4.cif
P86405	21-85	AF-P86405-F1-model_v4.cif
P86408	21-83	AF-P86408-F1-model_v4.cif
I4E596	2-117,241-275	AF-I4E596-F1-model_v4.cif
O43298	33-97	AF-O43298-F1-model_v4.cif
Q5TD97	39-100,101-160,161-220,223-283	AF-Q5TD97-F1-model_v4.cif
Q8AVA4	38-164,200-233	AF-Q8AVA4-F1-model_v4.cif
Q9NP10	28-86	AF-Q9NP10-F1-model_v4.cif
O61705	21-83	AF-O61705-F1-model_v4.cif
O43291	38-88,133-183	AF-O43291-F1-model_v4.cif
Q8WV44	413-630	AF-Q8WV44-F1-model_v4.cif
P48307	36-86,96-149,158-208	AF-P48307-F1-model_v4.cif
P01494	20-85	AF-P01494-F1-model_v4.cif
P01487	2-64	AF-P01487-F1-model_v4.cif
Q90999	234-537	AF-Q90999-F1-model_v4.cif
Q80TJ7	195-351	AF-Q80TJ7-F1-model_v4.cif
C0HK69	1-66	AF-C0HK69-F1-model_v4.cif
Q7SIG6	308-400,424-546,896-958	AF-Q7SIG6-F1-model_v4.cif
P84875	4-54,56-106,115-165	AF-P84875-F1-model_v4.cif
P85966	35-77	AF-P85966-F1-model_v4.cif
Q800Y1	53-93	AF-Q800Y1-F1-model_v4.cif
P08045	1-58	AF-P08045-F1-model_v4.cif
Q9XG40	61-112	AF-Q9XG40-F1-model_v4.cif
P60623	31-159,195-228	AF-P60623-F1-model_v4.cif
Q9BYV2	271-329	AF-Q9BYV2-F1-model_v4.cif
P18065	38-134,224-306	AF-P18065-F1-model_v4.cif
P10589	184-410	AF-P10589-F1-model_v4.cif
P58328	2-64	AF-P58328-F1-model_v4.cif
P45663	20-85	AF-P45663-F1-model_v4.cif
P54135	2-64	AF-P54135-F1-model_v4.cif
Q805F6	198-394,402-483	AF-Q805F6-F1-model_v4.cif
Q805F7	47-111	AF-Q805F7-F1-model_v4.cif
P25660	7-57	AF-P25660-F1-model_v4.cif
P0C6B5	1-63	AF-P0C6B5-F1-model_v4.cif
P0C6B4	1-62	AF-P0C6B4-F1-model_v4.cif
P59854	2-64	AF-P59854-F1-model_v4.cif
Q9H4T2	41-123	AF-Q9H4T2-F1-model_v4.cif
Q8R3P2	7-97,98-174	AF-Q8R3P2-F1-model_v4.cif
P00989	31-81	AF-P00989-F1-model_v4.cif
P00981	27-77	AF-P00981-F1-model_v4.cif
P00980	7-57	AF-P00980-F1-model_v4.cif
P29186	2-37	AF-P29186-F1-model_v4.cif
Q5ZPJ7	29-79	AF-Q5ZPJ7-F1-model_v4.cif
P63255	2-63	AF-P63255-F1-model_v4.cif
Q8VZ40	247-321	AF-Q8VZ40-F1-model_v4.cif
P63019	1-66	AF-P63019-F1-model_v4.cif
P58910	2-62	AF-P58910-F1-model_v4.cif
Q90WC0	32-228,236-317	AF-Q90WC0-F1-model_v4.cif
P00998	3-56	AF-P00998-F1-model_v4.cif
Q9HLD9	9-68,75-133,141-178	AF-Q9HLD9-F1-model_v4.cif
P17789	33-98	AF-P17789-F1-model_v4.cif
P0DJ46	25-75	AF-P0DJ46-F1-model_v4.cif
O61668	20-83	AF-O61668-F1-model_v4.cif
Q960X8	13-141,263-282	AF-Q960X8-F1-model_v4.cif
P18619	197-395,403-483	AF-P18619-F1-model_v4.cif
Q8WQ22	23-57,70-105,109-144	AF-Q8WQ22-F1-model_v4.cif
O96790	19-69,72-122,131-181,184-234,240-289,297-347	AF-O96790-F1-model_v4.cif
P15358	45-70,100-125	AF-P15358-F1-model_v4.cif
P52757	59-127,277-468	AF-P52757-F1-model_v4.cif
P58062	26-85	AF-P58062-F1-model_v4.cif
P21859	1-70	AF-P21859-F1-model_v4.cif
P09981	2-66	AF-P09981-F1-model_v4.cif
Q9I704	3-32,46-113	AF-Q9I704-F1-model_v4.cif
Q8C9B9	667-787	AF-Q8C9B9-F1-model_v4.cif
Q60819	34-98	AF-Q60819-F1-model_v4.cif
P00272	2-53,119-170	AF-P00272-F1-model_v4.cif
P51865	62-91	AF-P51865-F1-model_v4.cif
D3Z3C6	54-129	AF-D3Z3C6-F1-model_v4.cif
P80171	5-30	AF-P80171-F1-model_v4.cif
P60589	1-50	AF-P60589-F1-model_v4.cif
Q26292	22-82	AF-Q26292-F1-model_v4.cif
Q95P16	1-50,53-103,109-158,166-216	AF-Q95P16-F1-model_v4.cif
Q8WPI2	21-71,89-139	AF-Q8WPI2-F1-model_v4.cif
Q9BT23	38-98	AF-Q9BT23-F1-model_v4.cif
P83469	1-41	AF-P83469-F1-model_v4.cif
Q9Y2K6	145-685,687-780,789-892	AF-Q9Y2K6-F1-model_v4.cif
Q9ULJ3	30-96	AF-Q9ULJ3-F1-model_v4.cif
Q9UHB6	388-448	AF-Q9UHB6-F1-model_v4.cif
P83658	1-64	AF-P83658-F1-model_v4.cif
P37109	31-86	AF-P37109-F1-model_v4.cif
O80763	18-172,178-321,325-485	AF-O80763-F1-model_v4.cif
P58488	2-64	AF-P58488-F1-model_v4.cif
P52943	5-57,126-178	AF-P52943-F1-model_v4.cif
P84755	2-50	AF-P84755-F1-model_v4.cif
Q6UW88	56-96	AF-Q6UW88-F1-model_v4.cif
Q6UWN8	24-80	AF-Q6UWN8-F1-model_v4.cif
E1UYU0	26-66,69-107	AF-E1UYU0-F1-model_v4.cif
Q92021	21-75,413-609	AF-Q92021-F1-model_v4.cif
P56682	3-56	AF-P56682-F1-model_v4.cif
Q14139	987-1061	AF-Q14139-F1-model_v4.cif
P36898	174-203,204-494	AF-P36898-F1-model_v4.cif
P68425	37-85	AF-P68425-F1-model_v4.cif
Q8TEY7	185-715,717-810,818-921	AF-Q8TEY7-F1-model_v4.cif
Q96FX2	4-60	AF-Q96FX2-F1-model_v4.cif
Q8BW10	5-108	AF-Q8BW10-F1-model_v4.cif
P46443	30-56	AF-P46443-F1-model_v4.cif
O94972	276-403	AF-O94972-F1-model_v4.cif
Q8WZ73	101-120,250-264	AF-Q8WZ73-F1-model_v4.cif
Q13075	464-758	AF-Q13075-F1-model_v4.cif
C0HLB2	7-57	AF-C0HLB2-F1-model_v4.cif
P56409	1-53,61-116	AF-P56409-F1-model_v4.cif
P87126	174-248	AF-P87126-F1-model_v4.cif
Q8HYY9	1-47	AF-Q8HYY9-F1-model_v4.cif
Q9U405	2-80	AF-Q9U405-F1-model_v4.cif
Q9AYP9	45-86,87-127,128-168	AF-Q9AYP9-F1-model_v4.cif
Q16938	13-77	AF-Q16938-F1-model_v4.cif
Q14766	187-219,399-431,557-609,626-663,677-729,873-910,915-956,957-997,998-1037,1038-1078,1079-1119,1120-1160,1161-1201,1202-1243,1244-1281,1286-1328,1347-1401,1424-1466,1467-1503,1524-1577,1621-1657,1662-1706	AF-Q14766-F1-model_v4.cif
O14011	1-71	AF-O14011-F1-model_v4.cif
Q680Q4	11-45	AF-Q680Q4-F1-model_v4.cif
Q02111	1-107,380-634,635-706	AF-Q02111-F1-model_v4.cif
Q9HJ63	15-152	AF-Q9HJ63-F1-model_v4.cif
P91818	31-85	AF-P91818-F1-model_v4.cif
Q6B519	2-47	AF-Q6B519-F1-model_v4.cif
Q9GSQ9	1-173,243-279,285-324	AF-Q9GSQ9-F1-model_v4.cif
J9PBR9	7-111	AF-J9PBR9-F1-model_v4.cif
Q031W6	2-113,237-271	AF-Q031W6-F1-model_v4.cif
Q4VVG2	61-76	AF-Q4VVG2-F1-model_v4.cif
A0A345FAI3	1-223,299-335	AF-A0A345FAI3-F1-model_v4.cif
Q6NA67	3-102	AF-Q6NA67-F1-model_v4.cif
A0A1S2XQ25	56-109	AF-A0A1S2XQ25-F1-model_v4.cif
Q9U966	178-250,263-337,421-490,493-563,634-701,707-781,788-860,863-932	AF-Q9U966-F1-model_v4.cif
Q9SYR5	23-64,69-111	AF-Q9SYR5-F1-model_v4.cif
D0VWV9	6-96,101-149	AF-D0VWV9-F1-model_v4.cif
V7BTW4	30-75	AF-V7BTW4-F1-model_v4.cif
Q40128	28-73	AF-Q40128-F1-model_v4.cif
A0A4V8H030	3-48	AF-A0A4V8H030-F1-model_v4.cif
C4P582	59-127	AF-C4P582-F1-model_v4.cif
A0A509GUM8	1-30	AF-A0A509GUM8-F1-model_v4.cif
Q90248	28-84	AF-Q90248-F1-model_v4.cif
Q25659	1-226,297-332,339-378	AF-Q25659-F1-model_v4.cif
