uniprot,region_1,region_2
P04637,364-393,102-292
Q02750,75-102,"68-74,103-361"
O76074,403-539,156-331
P00523,"148-245,246-266","81-142,521-533"
Q04929,225-297,133-193
P00520,"1-60,61-121,127-217,218-241,383-400",242-493
P13864,649-695,1142-1601
P31016,428-498,534-709
Q63450,285-316,20-276
B5XAZ0,116-120,1-115
P00579,2-80,"379-449,458-534"
P53686,300-320,1-280
P32527,348-364,365-433
Q3KK31,170-390,399-648
D2AJU0,57-228,251-545
Q83RJ4,58-260,279-571
Q95PM0,96-113,126-342
Q8RT31,201-354,1-190
Q58719,290-330,1-289
P14633,26-100,185-404
