pdb	gt_len	gt_trim_len	pred_len	pred_trim_len	gt_perc	trim_perc
6t58	4093	372	3060	372	0.09088688003909114	0.12156862745098039
8f2h	6035	3059	3060	3059	0.5068765534382768	0.9996732026143791
8f2i	6035	3059	3060	3059	0.5068765534382768	0.9996732026143791
2ptk	3431	125	4225	125	0.036432526960069954	0.029585798816568046
1pme	2730	2686	2915	2686	0.9838827838827838	0.9214408233276158
1tvo	2847	2847	2915	2847	1.0	0.976672384219554
1wzy	2847	2847	2915	2847	1.0	0.976672384219554
2ojg	2756	117	2915	117	0.04245283018867924	0.04013722126929674
2oji	2808	117	2915	117	0.041666666666666664	0.04013722126929674
2ojj	2815	117	2915	117	0.04156305506216696	0.04013722126929674
2y9q	2919	2838	2915	2838	0.9722507708119219	0.9735849056603774
3sa0	5861	2872	2915	2872	0.49001876812830575	0.9852487135506004
3tei	2725	2715	2915	2715	0.9963302752293578	0.9313893653516295
4fmq	2864	2845	2915	2845	0.9933659217877095	0.9759862778730704
4fux	2763	2753	2915	2753	0.9963807455664133	0.94442538593482
4fuy	2713	2654	2915	2654	0.9782528566162919	0.9104631217838765
4fv0	2781	2737	2915	2737	0.9841783531103919	0.9389365351629503
4fv1	2788	2762	2915	2762	0.990674318507891	0.9475128644939965
4fv2	2806	2770	2915	2770	0.9871703492516037	0.9502572898799314
4fv3	2815	2793	2915	2793	0.9921847246891652	0.958147512864494
4fv7	2796	2770	2915	2770	0.9907010014306151	0.9502572898799314
4g6n	2767	2743	2915	2743	0.9913263462233466	0.9409948542024014
4g6o	2740	2720	2915	2720	0.9927007299270073	0.9331046312178388
4h3p	2741	2731	2915	2731	0.9963516964611455	0.9368782161234992
4h3q	2815	2795	2915	2795	0.9928952042628775	0.9588336192109777
4iz5	2836	2827	2915	2827	0.9968265162200282	0.969811320754717
4iz7	2768	2741	2915	2741	0.9902456647398844	0.9403087478559177
4iza	2852	2796	2915	2796	0.9803646563814866	0.9591766723842196
4n0s	5801	2818	2915	2818	0.48577831408377864	0.9667238421955403
4nif	2838	162	2915	162	0.05708245243128964	0.055574614065180106
4qp1	2808	2794	2915	2794	0.9950142450142451	0.9584905660377359
4qp2	2750	2736	2915	2736	0.9949090909090909	0.9385934819897084
4qp3	2791	2777	2915	2777	0.9949838767466858	0.9526586620926244
4qp4	2753	2753	2915	2753	1.0	0.94442538593482
4qp6	2791	2777	2915	2777	0.9949838767466858	0.9526586620926244
4qp7	2753	2753	2915	2753	1.0	0.94442538593482
4qp9	2737	2737	2915	2737	1.0	0.9389365351629503
4qpa	2709	2695	2915	2695	0.9948320413436692	0.9245283018867925
4qte	2941	2846	2915	2846	0.967698061883713	0.9763293310463121
4xj0	2831	2817	2915	2817	0.9950547509713882	0.9663807890222984
4zxt	5762	2819	2915	2819	0.48923984727525166	0.9670668953687822
4zzm	2717	2699	2915	2699	0.993375046006625	0.9259005145797599
4zzn	2753	2730	2915	2730	0.9916454776607337	0.9365351629502573
4zzo	2715	2697	2915	2697	0.9933701657458563	0.9252144082332762
5ax3	2705	2705	2915	2705	1.0	0.9279588336192109
5lcj	2863	2817	2915	2817	0.9839329374781698	0.9663807890222984
5lck	2860	2822	2915	2822	0.9867132867132867	0.9680960548885077
5ngu	2702	2684	2915	2684	0.993338267949667	0.9207547169811321
5nhf	2659	2644	2915	2644	0.9943587814968033	0.907032590051458
5nhh	2796	2788	2915	2788	0.9971387696709585	0.9564322469982848
5nhj	2737	2732	2915	2732	0.9981731823164048	0.937221269296741
5nhl	2720	2715	2915	2715	0.9981617647058824	0.9313893653516295
5nho	2686	2681	2915	2681	0.998138495904691	0.9197255574614065
5nhp	2692	2687	2915	2687	0.9981426448736999	0.9217838765008576
5nhv	2771	2763	2915	2763	0.9971129556116926	0.9478559176672384
5v60	2902	2831	2915	2831	0.9755341144038594	0.9711835334476844
5v61	2909	2842	2915	2842	0.9769680302509454	0.9749571183533448
5v62	2981	2849	2915	2849	0.955719557195572	0.9773584905660377
5wp1	5647	2747	2915	2747	0.4864529838852488	0.9423670668953688
6d5y	2757	2749	2915	2749	0.9970982952484585	0.9430531732418524
6dmg	5614	2793	2915	2793	0.4975062344139651	0.958147512864494
6g54	2854	2834	2915	2834	0.9929922915206727	0.97221269296741
6g8x	2779	2759	2915	2759	0.9928031666066931	0.946483704974271
6g91	2806	2784	2915	2784	0.99215965787598	0.9550600343053173
6g92	2806	2788	2915	2788	0.9935851746258019	0.9564322469982848
6g93	2808	2790	2915	2790	0.9935897435897436	0.9571183533447685
6g97	2809	2790	2915	2790	0.9932360270558918	0.9571183533447685
6g9a	2787	2772	2915	2772	0.9946178686759957	0.9509433962264151
6g9d	2831	2798	2915	2798	0.988343341575415	0.9598627787307032
6g9h	2808	2793	2915	2793	0.9946581196581197	0.958147512864494
6g9j	2857	2815	2915	2815	0.9852992649632482	0.9656946826758147
6g9k	2823	2790	2915	2790	0.9883103081827843	0.9571183533447685
6g9m	2800	2774	2915	2774	0.9907142857142858	0.9516295025728988
6g9n	2837	2802	2915	2802	0.9876630243214664	0.9612349914236706
6gdm	2843	2786	2915	2786	0.9799507562434049	0.9557461406518011
6gdq	2779	2764	2915	2764	0.9946023749550198	0.9481989708404803
6ge0	2834	2805	2915	2805	0.9897671136203247	0.9622641509433962
6gjb	2858	2825	2915	2825	0.9884534639608118	0.9691252144082333
6gjd	2813	2779	2915	2779	0.9879132598649129	0.9533447684391081
6nbs	2816	160	2915	160	0.056818181818181816	0.0548885077186964
6opg	2858	2831	2915	2831	0.990552834149755	0.9711835334476844
6oph	2854	2827	2915	2827	0.9905395935529082	0.969811320754717
6q7k	2808	2798	2915	2798	0.9964387464387464	0.9598627787307032
6q7s	2807	2785	2915	2785	0.9921624510153189	0.9554030874785592
6q7t	2789	2771	2915	2771	0.9935460738615991	0.9506003430531732
6qa1	2803	2788	2915	2788	0.9946485907955762	0.9564322469982848
6qa3	2787	2772	2915	2772	0.9946178686759957	0.9509433962264151
6qa4	2779	2743	2915	2743	0.9870456998920475	0.9409948542024014
6qag	2783	2768	2915	2768	0.9946101329500538	0.9495711835334477
6qah	2792	2761	2915	2761	0.9888968481375359	0.9471698113207547
6qal	2754	2739	2915	2739	0.9945533769063181	0.939622641509434
6qaq	2851	2801	2915	2801	0.9824622939319537	0.9608919382504288
6qaw	2767	2738	2915	2738	0.9895193350198771	0.9392795883361921
6rq4	2726	2703	2915	2703	0.9915627292736611	0.9272727272727272
6slg	2640	2602	2915	2602	0.9856060606060606	0.8926243567753002
7auv	2859	2828	2915	2828	0.9891570479188527	0.9701543739279588
7e73	2832	2822	2915	2822	0.9964689265536724	0.9680960548885077
7e75	2852	2846	2915	2846	0.9978962131837307	0.9763293310463121
7nqq	2814	2791	2915	2791	0.9918265813788202	0.9574614065180103
7nqw	2839	2824	2915	2824	0.9947164494540331	0.9687821612349914
7nr3	2776	2747	2915	2747	0.9895533141210374	0.9423670668953688
7nr5	2819	2783	2915	2783	0.987229514012061	0.9547169811320755
7nr8	2850	2824	2915	2824	0.9908771929824561	0.9687821612349914
7nr9	2748	2733	2915	2733	0.9945414847161572	0.9375643224699829
7opm	2907	2855	2915	2855	0.9821121431028552	0.9794168096054888
7w5o	2868	2854	2915	2854	0.995118549511855	0.979073756432247
7x4u	2887	2855	2915	2855	0.9889158295808798	0.9794168096054888
7xc1	2872	2858	2915	2858	0.995125348189415	0.9804459691252144
8ao2	2805	2776	2915	2776	0.9896613190730837	0.9523156089193825
8ao3	2793	2754	2915	2754	0.9860365198711063	0.9447684391080617
8ao4	2792	2754	2915	2754	0.9863896848137536	0.9447684391080617
8ao5	2733	2695	2915	2695	0.9860958653494328	0.9245283018867925
8ao6	2774	2749	2915	2749	0.9909877433309301	0.9430531732418524
8ao7	2855	2824	2915	2824	0.9891418563922942	0.9687821612349914
8ao8	2814	2788	2915	2788	0.9907604832977968	0.9564322469982848
8ao9	2800	2755	2915	2755	0.9839285714285714	0.9451114922813036
8aoa	2851	2824	2915	2824	0.990529638723255	0.9687821612349914
8aob	2646	2624	2915	2624	0.9916855631141346	0.9001715265866209
8aoc	2855	2818	2915	2818	0.9870402802101577	0.9667238421955403
8aod	2744	2721	2915	2721	0.9916180758017493	0.9334476843910806
8aoe	2771	2748	2915	2748	0.991699747383616	0.9427101200686107
8aof	2801	2778	2915	2778	0.9917886469118172	0.9530017152658662
8aog	2770	2744	2915	2744	0.9906137184115523	0.9413379073756433
8aoh	2747	2716	2915	2716	0.9887149617764834	0.9317324185248713
8aoi	2864	2824	2915	2824	0.9860335195530726	0.9687821612349914
8aoj	2828	2768	2915	2768	0.9787835926449788	0.9495711835334477
3ve6	6582	3247	4075	3247	0.49331510179276816	0.7968098159509203
1k5d	1652	1652	1724	1652	1.0	0.9582366589327146
1k5g	1652	1652	1724	1652	1.0	0.9582366589327146
1qbk	1528	1504	1724	1504	0.9842931937172775	0.8723897911832946
1rrp	1636	1635	1724	1635	0.9993887530562348	0.9483758700696056
2mmc	34490	1724	1724	1724	0.04998550304436068	1.0
2mmg	34490	1724	1724	1724	0.04998550304436068	1.0
2n1b	34470	1723	1724	1723	0.049985494633014216	0.9994199535962877
3ch5	1606	1543	1724	1543	0.960772104607721	0.8950116009280742
3gj0	1652	1646	1724	1646	0.9963680387409201	0.9547563805104409
3gj3	1623	1623	1724	1623	1.0	0.941415313225058
3gj4	1607	1601	1724	1601	0.9962663347853142	0.9286542923433875
3gj5	1607	1601	1724	1601	0.9962663347853142	0.9286542923433875
3gj6	1623	1617	1724	1617	0.9963031423290203	0.9379350348027842
3gj7	1609	1603	1724	1603	0.9962709757613425	0.929814385150812
3gj8	1631	1625	1724	1625	0.9963212752912324	0.9425754060324826
3gjx	1399	61	1724	61	0.04360257326661901	0.03538283062645012
3nby	1389	61	1724	61	0.043916486681065514	0.03538283062645012
3nc1	1403	1394	1724	1394	0.9935851746258019	0.808584686774942
4gmx	1672	1649	1724	1649	0.986244019138756	0.9564965197215777
4gpt	1700	1668	1724	1668	0.9811764705882353	0.9675174013921114
4hat	1723	1677	1724	1677	0.9733023795705166	0.972737819025522
4hau	1647	1608	1724	1608	0.97632058287796	0.9327146171693735
4hav	1639	1578	1724	1578	0.9627821842586943	0.9153132250580046
4haw	1609	1578	1724	1578	0.980733374766936	0.9153132250580046
4hay	1674	1613	1724	1613	0.9635603345280764	0.935614849187935
4haz	1655	1625	1724	1625	0.9818731117824774	0.9425754060324826
4hb0	1673	1645	1724	1645	0.9832635983263598	0.9541763341067285
4hb2	1693	1639	1724	1639	0.9681039574719433	0.9506960556844548
4hb3	1655	1625	1724	1625	0.9818731117824774	0.9425754060324826
4hb4	1723	1677	1724	1677	0.9733023795705166	0.972737819025522
4wvf	1714	1677	1724	1677	0.9784130688448075	0.972737819025522
5ciq	1612	1598	1724	1598	0.9913151364764268	0.9269141531322506
5cit	1600	1600	1724	1600	1.0	0.9280742459396751
5ciw	1597	1586	1724	1586	0.9931120851596744	0.919953596287703
5cj2	1583	1572	1724	1572	0.9930511686670878	0.9118329466357309
5clq	1648	1643	1724	1643	0.9969660194174758	0.953016241299304
5dh9	1653	1645	1724	1645	0.9951603145795523	0.9541763341067285
5dha	1652	1652	1724	1652	1.0	0.9582366589327146
5dhf	1652	1644	1724	1644	0.9951573849878934	0.9535962877030162
5di9	1675	1667	1724	1667	0.9952238805970149	0.9669373549883991
5dif	1711	1676	1724	1676	0.9795441262419637	0.9721577726218097
5dlq	1368	85	1724	85	0.062134502923976605	0.049303944315545245
5jlj	1642	1625	1724	1625	0.989646772228989	0.9425754060324826
5uwh	3324	1632	1724	1632	0.49097472924187724	0.9466357308584686
5uwi	3374	1667	1724	1667	0.49407231772377	0.9669373549883991
5uwj	3340	1652	1724	1652	0.4946107784431138	0.9582366589327146
5uwo	3304	1645	1724	1645	0.4978813559322034	0.9541763341067285
5uwp	3403	1676	1724	1676	0.49250661181310607	0.9721577726218097
5uwq	3317	1652	1724	1652	0.4980403979499548	0.9582366589327146
5uwr	3314	1637	1724	1637	0.4939649969824985	0.9495359628770301
5uws	3320	1652	1724	1652	0.4975903614457831	0.9582366589327146
5uwt	3355	1667	1724	1667	0.4968703427719821	0.9669373549883991
5uwu	3374	1667	1724	1667	0.49407231772377	0.9669373549883991
5uww	3336	1652	1724	1652	0.4952038369304556	0.9582366589327146
5yro	1696	1669	1724	1669	0.9840801886792453	0.9680974477958236
5yst	1676	1660	1724	1660	0.9904534606205251	0.962877030162413
5ysu	1676	1660	1724	1660	0.9904534606205251	0.962877030162413
5ytb	1670	1665	1724	1665	0.9970059880239521	0.9657772621809745
5zpu	1640	1627	1724	1627	0.9920731707317073	0.9437354988399071
6a38	1677	1672	1724	1672	0.9970184853905785	0.9698375870069605
6a3a	1677	1672	1724	1672	0.9970184853905785	0.9698375870069605
6a3b	1677	1672	1724	1672	0.9970184853905785	0.9698375870069605
6a3c	1677	1672	1724	1672	0.9970184853905785	0.9698375870069605
6a3e	1677	1672	1724	1672	0.9970184853905785	0.9698375870069605
6cit	3341	1653	1724	1653	0.4947620472912302	0.9588167053364269
6kft	1677	1672	1724	1672	0.9970184853905785	0.9698375870069605
6lq9	1676	1668	1724	1668	0.9952267303102625	0.9675174013921114
6m60	1663	1650	1724	1650	0.9921828021647625	0.95707656612529
6m6x	1672	1659	1724	1659	0.9922248803827751	0.9622969837587007
6nif	1712	97	1724	97	0.0566588785046729	0.05626450116009281
6tvo	1422	1413	1724	1413	0.9936708860759493	0.8196055684454756
6x2m	1694	1667	1724	1667	0.9840613931523022	0.9669373549883991
6x2o	1685	1667	1724	1667	0.9893175074183976	0.9669373549883991
6x2p	1653	1645	1724	1645	0.9951603145795523	0.9541763341067285
6x2r	1653	1645	1724	1645	0.9951603145795523	0.9541763341067285
6x2s	1644	1636	1724	1636	0.9951338199513382	0.9489559164733179
6x2u	1653	1645	1724	1645	0.9951603145795523	0.9541763341067285
6x2v	1618	1610	1724	1610	0.9950556242274413	0.9338747099767981
6x2w	1653	1645	1724	1645	0.9951603145795523	0.9541763341067285
6x2x	1653	1645	1724	1645	0.9951603145795523	0.9541763341067285
6x2y	1653	1645	1724	1645	0.9951603145795523	0.9541763341067285
6xjp	3392	1667	1724	1667	0.49145047169811323	0.9669373549883991
6xjr	3360	1652	1724	1652	0.49166666666666664	0.9582366589327146
6xjs	3391	1667	1724	1667	0.49159539958714243	0.9669373549883991
6xjt	3391	1667	1724	1667	0.49159539958714243	0.9669373549883991
6xju	3391	1667	1724	1667	0.49159539958714243	0.9669373549883991
7b51	1414	1406	1724	1406	0.9943422913719944	0.8155452436194895
7cnd	1664	1651	1724	1651	0.9921875	0.9576566125290024
7dbg	1672	1650	1724	1650	0.9868421052631579	0.95707656612529
7l5e	1657	1622	1724	1622	0.9788774894387448	0.9408352668213457
7mnp	3275	1603	1724	1603	0.48946564885496185	0.929814385150812
7mnq	3302	1608	1724	1608	0.48697758933979407	0.9327146171693735
7mnr	3276	1617	1724	1617	0.4935897435897436	0.9379350348027842
7mns	3522	1608	1724	1608	0.4565587734241908	0.9327146171693735
7mnt	3230	1601	1724	1601	0.4956656346749226	0.9286542923433875
7mnu	3316	1596	1724	1596	0.4813027744270205	0.925754060324826
7mnv	3351	1616	1724	1616	0.4822441062369442	0.9373549883990719
7mnw	3369	1684	1724	1684	0.4998515880083111	0.9767981438515081
7mnx	3325	1659	1724	1659	0.49894736842105264	0.9622969837587007
7mny	3331	1663	1724	1663	0.49924947463224256	0.9646171693735499
7mnz	3328	1651	1724	1651	0.49609375	0.9576566125290024
7mo0	3383	1669	1724	1669	0.4933490984333432	0.9680974477958236
7mo1	3474	1626	1724	1626	0.4680483592400691	0.9431554524361949
7mo2	3295	1601	1724	1601	0.4858877086494689	0.9286542923433875
7mo3	3278	1623	1724	1623	0.4951189749847468	0.941415313225058
7mo4	3278	1623	1724	1623	0.4951189749847468	0.941415313225058
7mo5	3322	1608	1724	1608	0.48404575556893437	0.9327146171693735
3iad	2743	2644	6400	2644	0.963908129784907	0.413125
6boj	2689	170	6400	170	0.06322052807735218	0.0265625
6njh	2652	203	6400	203	0.07654600301659126	0.03171875
6nji	2639	199	6400	199	0.07540735126942023	0.03109375
6njj	2664	203	6400	203	0.0762012012012012	0.03171875
4fl2	4475	4475	5075	4475	1.0	0.8817733990147784
4fl3	4346	4311	5075	4311	0.9919466175793833	0.8494581280788177
4lk1	4204	4204	4919	4204	1.0	0.8546452531002237
4llg	4161	4161	4919	4161	1.0	0.8459036389510063
4zh2	4204	251	4919	251	0.059705042816365364	0.051026631429152265
4zh3	4204	251	4919	251	0.059705042816365364	0.051026631429152265
4zh4	4204	251	4919	251	0.059705042816365364	0.051026631429152265
6pst	4495	351	4919	351	0.07808676307007786	0.07135596665989022
7khi	4389	4389	4919	4389	1.0	0.8922545232770889
3ksy	8234	8234	10740	8234	1.0	0.7666666666666667
2xb7	2252	2252	12397	2252	1.0	0.18165685246430588
2xba	2245	2245	12397	2245	1.0	0.1810921997257401
2xp2	2262	87	12397	87	0.038461538461538464	0.007017826893603291
2yfx	2300	94	12397	94	0.0408695652173913	0.007582479632169073
2yhv	2296	2288	12397	2288	0.9965156794425087	0.18456078083407276
2yjr	2201	2185	12397	2185	0.9927305770104498	0.17625231910946196
2yjs	2274	2262	12397	2262	0.9947229551451188	0.18246349923368557
3aox	2428	2354	12397	2354	0.9695222405271828	0.1898846495119787
3l9p	2396	2366	12397	2366	0.9874791318864775	0.19085262563523434
3lcs	2420	2384	12397	2384	0.9851239669421488	0.19230458982011778
3lct	2424	2414	12397	2414	0.9958745874587459	0.19472453012825683
4anl	2305	2300	12397	2300	0.9978308026030369	0.18552875695732837
4anq	2313	2308	12397	2308	0.9978383052313013	0.18617407437283215
4ans	2313	2300	12397	2300	0.9943795936013835	0.18552875695732837
4ccb	2276	2276	12397	2276	1.0	0.18359280471081713
4ccu	2306	2306	12397	2306	1.0	0.1860127450189562
4cd0	2324	2316	12397	2316	0.9965576592082617	0.1868193917883359
4cli	2314	2314	12397	2314	1.0	0.18665806243445995
4clj	2324	2316	12397	2316	0.9965576592082617	0.1868193917883359
4cmo	2326	2326	12397	2326	1.0	0.18762603855771556
4cmt	2256	2256	12397	2256	1.0	0.18197951117205777
4cmu	2314	2314	12397	2314	1.0	0.18665806243445995
4cnh	2267	2267	12397	2267	1.0	0.18286682261837542
4ctb	2307	2307	12397	2307	1.0	0.18609340969589416
4ctc	2265	2265	12397	2265	1.0	0.18270549326449947
4dce	2261	2255	12397	2255	0.9973463069438302	0.18189884649511978
4fnw	2396	2382	12397	2382	0.9941569282136895	0.19214326046624183
4fnx	2304	2289	12397	2289	0.9934895833333334	0.18464144551101072
4fny	2154	2154	12397	2154	1.0	0.17375171412438492
4fnz	2254	2248	12397	2248	0.997338065661047	0.18133419375655402
4fob	2320	2314	12397	2314	0.9974137931034482	0.18665806243445995
4foc	2333	2327	12397	2327	0.997428204029147	0.18770670323465355
4fod	2423	2417	12397	2417	0.9975237309120925	0.19496652415907073
4mkc	2406	2381	12397	2381	0.9896093100581879	0.19206259578930387
4tt7	2267	2235	12397	2235	0.9858844287604764	0.18028555295636042
4z55	2312	2276	12397	2276	0.9844290657439446	0.18359280471081713
5a9u	2330	2300	12397	2300	0.9871244635193133	0.18552875695732837
5aa8	2333	2292	12397	2292	0.982426060865838	0.18488343954182462
5aa9	2353	2318	12397	2318	0.9851253718657034	0.18698072114221181
5aaa	2350	2306	12397	2306	0.9812765957446808	0.1860127450189562
5aab	2337	2296	12397	2296	0.9824561403508771	0.1852060982495765
5aac	2330	2300	12397	2300	0.9871244635193133	0.18552875695732837
5fto	2344	2331	12397	2331	0.9944539249146758	0.1880293619424054
5ftq	2326	2307	12397	2307	0.9918314703353397	0.18609340969589416
5iug	2231	2222	12397	2222	0.9959659345584939	0.17923691215616683
5iuh	2222	2216	12397	2216	0.9972997299729973	0.178752924094539
5iui	2362	2347	12397	2347	0.993649449618967	0.18931999677341294
5kz0	2302	2302	12397	2302	1.0	0.18569008631120432
6cdt	2299	2299	12397	2299	1.0	0.18544809228039041
6e0r	2204	2190	12397	2190	0.9936479128856625	0.1766556424941518
6ebw	2170	2162	12397	2162	0.9963133640552996	0.17439703153988867
6edl	2186	2172	12397	2172	0.9935956084172004	0.17520367830926836
6mx8	2225	2218	12397	2218	0.9968539325842697	0.17891425344841494
7btt	2391	2381	12397	2381	0.9958176495190297	0.19206259578930387
7jy4	4391	2257	12397	2257	0.5140059212024596	0.18206017584899573
7jyr	4493	2249	12397	2249	0.5005564210994881	0.18141485843349198
7jys	4445	2201	12397	2201	0.49516310461192353	0.17754295394046946
7jyt	4462	2209	12397	2209	0.4950694755714926	0.17818827135597323
7r7k	2272	2272	12397	2272	1.0	0.18327014600306527
7r7r	2276	2276	12397	2276	1.0	0.18359280471081713
8arj	4245	2119	12397	2119	0.4991755005889282	0.17092845043155602
1opl	3628	207	8643	207	0.05705622932745314	0.02395001735508504
2fo0	3748	216	8643	216	0.0576307363927428	0.024991322457480043
5mo4	3393	3369	8643	3369	0.9929266136162688	0.389795209996529
6amv	78760	140	8643	140	0.0017775520568816658	0.016198079370588914
6amw	78760	140	8643	140	0.0017775520568816658	0.016198079370588914
2shp	4902	3935	4782	3935	0.8027335781313749	0.8228774571309075
4dgp	4024	4024	4782	4024	1.0	0.8414889167712254
4dgx	4040	4028	4782	4028	0.997029702970297	0.8423253868674195
4gwf	4025	4016	4782	4016	0.9977639751552795	0.8398159765788373
4h1o	4021	4017	4782	4017	0.9990052225814474	0.8400250941028858
4h34	3951	3944	4782	3944	0.9982282966337636	0.8247595148473442
4nwf	3975	3960	4782	3960	0.9962264150943396	0.8281053952321205
4nwg	4044	4025	4782	4025	0.9953016815034619	0.8416980342952739
4ohd	3996	3989	4782	3989	0.9982482482482482	0.8341698034295274
4ohe	3956	3951	4782	3951	0.9987360970677452	0.8262233375156838
4ohh	3984	3972	4782	3972	0.9969879518072289	0.8306148055207027
4ohi	4039	4030	4782	4030	0.997771725674672	0.8427436219155165
4ohl	3912	3904	4782	3904	0.9979550102249489	0.8163948138854036
5bk8	4028	4019	4782	4019	0.9977656405163853	0.8404433291509829
5ehp	4020	3997	4782	3997	0.9942786069651741	0.8358427436219155
5ehr	3944	3929	4782	3929	0.9961967545638946	0.8216227519866165
5i6v	3880	3874	4782	3874	0.9984536082474227	0.8101212881639481
5ibm	3899	3889	4782	3889	0.9974352398050782	0.8132580510246759
5ibs	3937	3920	4782	3920	0.9956819913639827	0.8197406942701798
5xzr	4094	4089	4782	4089	0.9987787005373717	0.855081555834379
6atd	3895	3882	4782	3882	0.9966623876765084	0.8117942283563363
6bmr	3961	3952	4782	3952	0.9977278465034082	0.8264324550397323
6bmu	3889	3885	4782	3885	0.9989714579583441	0.8124215809284818
6bmv	3917	3908	4782	3908	0.9977023232065356	0.8172312839815976
6bmw	3862	3853	4782	3853	0.9976696012428793	0.8057298201589294
6bmx	3949	3943	4782	3943	0.9984806280070904	0.8245503973232957
6bmy	3897	3885	4782	3885	0.9969207082371054	0.8124215809284818
6bn5	3631	3625	4782	3625	0.998347562654916	0.7580510246758678
6cmp	7845	3920	4782	3920	0.4996813256851498	0.8197406942701798
6cmr	7494	3842	4782	3842	0.5126768081131572	0.8034295273943957
6cms	7819	3980	4782	3980	0.5090164982734365	0.8322877457130907
6crf	3679	3664	4782	3664	0.9959228051100842	0.76620660811376
6crg	3863	3853	4782	3853	0.9974113383380793	0.8057298201589294
6md7	4025	4005	4782	4005	0.9950310559006211	0.8375156838143036
6md9	3802	3798	4782	3798	0.9989479221462388	0.794228356336261
6mda	3807	3798	4782	3798	0.9976359338061466	0.794228356336261
6mdb	3943	3934	4782	3934	0.997717474004565	0.822668339606859
6mdc	3924	3915	4782	3915	0.9977064220183486	0.8186951066499373
6mdd	3861	3860	4782	3860	0.9997409997409997	0.8071936428272689
6wu8	4012	4004	4782	4004	0.9980059820538385	0.8373065662902551
7emn	3939	3934	4782	3934	0.9987306422949987	0.822668339606859
7jvm	3931	3930	4782	3930	0.9997456118036123	0.821831869510665
7jvn	3870	3855	4782	3855	0.9961240310077519	0.8061480552070264
7r75	3993	3993	4782	3993	1.0	0.8350062735257214
7r7d	3957	3957	4782	3957	1.0	0.8274780426599749
7r7i	3955	3955	4782	3955	1.0	0.8270598076118779
7r7l	3965	3965	4782	3965	1.0	0.829150982852363
7rct	4063	4048	4782	4048	0.9963081466896382	0.8465077373483898
7vxg	7338	3756	4782	3756	0.5118560915780866	0.7854454203262233
7xhq	3567	3567	4782	3567	1.0	0.7459222082810539
8b5y	4219	4077	4782	4077	0.9663427352453188	0.8525721455457967
8cbh	3956	3922	4782	3922	0.9914054600606673	0.8201589293182768
1fmk	3516	199	4214	199	0.056598407281001135	0.047223540579022304
1hct	39468	75	4214	75	0.0019002736394040742	0.01779781680113906
1ksw	3611	199	4214	199	0.05510938798116865	0.047223540579022304
1y57	3600	3592	4214	3592	0.9977777777777778	0.8523967726625534
2h8h	3603	199	4214	199	0.055231751318345824	0.047223540579022304
2src	3615	199	4214	199	0.05504840940525588	0.047223540579022304
4k11	3612	3577	4214	3577	0.9903100775193798	0.8488372093023255
1a2q	1957	1907	2757	1907	0.9744506898313745	0.6916938701487124
1ak9	1950	1893	2757	1893	0.9707692307692307	0.6866158868335147
1aqn	1947	1884	2757	1884	0.9676425269645609	0.6833514689880305
1au9	1947	1884	2757	1884	0.9676425269645609	0.6833514689880305
1dui	1873	604	2757	604	0.3224773091297384	0.21907870874138557
1gns	1858	600	2757	600	0.32292787944025836	0.2176278563656148
1gnv	1881	134	2757	134	0.07123870281765018	0.048603554588320635
1s01	1938	1889	2757	1889	0.9747162022703818	0.6851650344577439
1s02	1938	1920	2757	1920	0.9907120743034056	0.6964091403699674
1sbh	1941	1892	2757	1892	0.9747552807831015	0.686253173739572
1sbi	1938	1901	2757	1901	0.9809081527347782	0.6895175915850562
1sbt	1938	1869	2757	1869	0.9643962848297214	0.6779107725788901
1sua	1852	603	2757	603	0.3255939524838013	0.21871599564744287
1sub	1938	1924	2757	1924	0.9927760577915377	0.6978599927457381
1suc	1854	1820	2757	1820	0.9816612729234089	0.6601378309756982
1sud	1938	1904	2757	1904	0.9824561403508771	0.6906057308668843
1sue	1873	604	2757	604	0.3224773091297384	0.21907870874138557
1sup	2018	1938	2757	1938	0.9603567888999008	0.7029379760609358
1ubn	2374	1932	2757	1932	0.8138163437236732	0.7007616974972797
1v5i	1940	1932	2757	1932	0.9958762886597938	0.7007616974972797
1yja	1941	1892	2757	1892	0.9747552807831015	0.686253173739572
1yjb	1941	1892	2757	1892	0.9747552807831015	0.686253173739572
1yjc	1941	1892	2757	1892	0.9747552807831015	0.686253173739572
2sbt	1934	1865	2757	1865	0.9643226473629782	0.6764599202031193
2st1	1938	1938	2757	1938	1.0	0.7029379760609358
5ox2	1872	582	2757	582	0.3108974358974359	0.21109902067464636
7am3	1962	601	2757	601	0.30632008154943935	0.2179905694595575
7am4	1996	601	2757	601	0.30110220440881763	0.2179905694595575
7am5	1897	591	2757	591	0.31154454401686876	0.21436343852013057
7am6	1886	596	2757	596	0.31601272534464475	0.21617700398984405
7am7	1888	596	2757	596	0.3156779661016949	0.21617700398984405
7am8	1895	577	2757	577	0.30448548812664905	0.20928545520493289
1s9j	2261	100	3048	100	0.044228217602830605	0.03280839895013123
2p55	2261	2253	3048	2253	0.9964617425917736	0.7391732283464567
3dv3	2275	2247	3048	2247	0.9876923076923076	0.7372047244094488
3dy7	2037	2037	3048	2037	1.0	0.6683070866141733
3e8n	2275	2267	3048	2267	0.9964835164835165	0.743766404199475
3eqb	2267	2253	3048	2253	0.9938244375827084	0.7391732283464567
3eqc	2444	2438	3048	2438	0.997545008183306	0.7998687664041995
3eqd	2466	2466	3048	2466	1.0	0.8090551181102362
3eqf	2462	2462	3048	2462	1.0	0.8077427821522309
3eqg	2463	2463	3048	2463	1.0	0.8080708661417323
3eqh	2463	2463	3048	2463	1.0	0.8080708661417323
3eqi	2466	2466	3048	2466	1.0	0.8090551181102362
3mbl	2277	2263	3048	2263	0.9938515590689504	0.7424540682414699
3orn	2188	1615	3048	1615	0.7381170018281535	0.5298556430446194
3os3	2137	1601	3048	1601	0.7491810949929808	0.5252624671916011
3pp1	2284	2271	3048	2271	0.9943082311733801	0.7450787401574803
3sls	2264	1662	3048	1662	0.7340989399293286	0.5452755905511811
3v01	2261	2253	3048	2253	0.9964617425917736	0.7391732283464567
3v04	2261	2253	3048	2253	0.9964617425917736	0.7391732283464567
3vvh	2276	2242	3048	2242	0.9850615114235501	0.7355643044619422
3w8q	2494	2494	3048	2494	1.0	0.818241469816273
3wig	2179	1599	3048	1599	0.7338228545204222	0.5246062992125984
3zls	2466	2466	3048	2466	1.0	0.8090551181102362
3zlw	2436	2431	3048	2431	0.9979474548440066	0.7975721784776902
3zlx	2438	2438	3048	2438	1.0	0.7998687664041995
3zly	2421	2421	3048	2421	1.0	0.7942913385826772
3zm4	2414	2414	3048	2414	1.0	0.791994750656168
4an2	2214	1595	3048	1595	0.7204155374887082	0.5232939632545932
4an3	2191	1577	3048	1577	0.7197626654495665	0.5173884514435696
4an9	2198	1584	3048	1584	0.7206551410373067	0.5196850393700787
4anb	2209	1595	3048	1595	0.7220461747397012	0.5232939632545932
4ark	2279	2271	3048	2271	0.9964896884598509	0.7450787401574803
4lmn	2286	2278	3048	2278	0.9965004374453194	0.7473753280839895
4mne	2254	150	3048	150	0.06654835847382432	0.04921259842519685
4u7z	2275	2267	3048	2267	0.9964835164835165	0.743766404199475
4u80	2241	2233	3048	2233	0.9964301651048639	0.7326115485564304
4u81	2261	2253	3048	2253	0.9964617425917736	0.7391732283464567
5bx0	2456	2456	3048	2456	1.0	0.8057742782152231
5eym	2314	2308	3048	2308	0.9974070872947277	0.7572178477690289
5hze	2365	2359	3048	2359	0.9974630021141649	0.7739501312335958
5yt3	2277	2277	3048	2277	1.0	0.7470472440944882
6nyb	2258	135	3048	135	0.05978742249778565	0.04429133858267716
6pp9	2465	190	3048	190	0.07707910750507099	0.062335958005249346
6q0j	1514	107	3048	107	0.07067371202113606	0.03510498687664042
6q0t	1514	107	3048	107	0.07067371202113606	0.03510498687664042
6u2g	2430	102	3048	102	0.04197530864197531	0.03346456692913386
6v2w	2456	190	3048	190	0.07736156351791532	0.062335958005249346
7b3m	2387	1784	3048	1784	0.7473816506074571	0.5853018372703412
7b7r	2383	1784	3048	1784	0.7486361728913135	0.5853018372703412
7b94	2380	1781	3048	1781	0.7483193277310924	0.5843175853018373
7b9l	2400	1773	3048	1773	0.73875	0.5816929133858267
7f2x	2354	1731	3048	1731	0.7353440951571792	0.5679133858267716
7m0u	2441	190	3048	190	0.07783695206882425	0.062335958005249346
7m0v	2432	190	3048	190	0.078125	0.062335958005249346
7m0x	2458	190	3048	190	0.07729861676159479	0.062335958005249346
7m0y	2419	190	3048	190	0.07854485324514263	0.062335958005249346
7m0z	2436	190	3048	190	0.07799671592775041	0.062335958005249346
7mfd	2291	2291	3048	2291	1.0	0.7516404199475065
7pqv	2452	2441	3048	2441	0.9955138662316476	0.8008530183727034
7xlp	2345	2345	3048	2345	1.0	0.7693569553805775
7xnc	2333	2333	3048	2333	1.0	0.7654199475065617
4asd	2453	1107	10643	1107	0.45128414186710153	0.10401202668420557
4ase	2455	1108	10643	1108	0.45132382892057027	0.10410598515456168
5jej	175	151	2968	151	0.8628571428571429	0.05087601078167116
6o8b	98	67	2968	67	0.6836734693877551	0.02257412398921833
1a0n	22525	38	4279	38	0.0016870144284128745	0.008880579574666978
1g83	1313	111	4279	111	0.08453922315308454	0.025940640336527227
1gag	2370	2305	10981	2305	0.9725738396624473	0.20990802294872962
1i44	2205	2205	10981	2205	1.0	0.2008013842090884
1ir3	2370	2305	10981	2305	0.9725738396624473	0.20990802294872962
1irk	2380	2357	10981	2357	0.9903361344537815	0.21464347509334306
1p14	2233	92	10981	92	0.04120017913121361	0.008378107640469902
1rqq	2324	2268	10981	2268	0.9759036144578314	0.20653856661506237
2auh	2363	2307	10981	2307	0.9763013118916631	0.21009015572352244
2b4s	2326	124	10981	124	0.05331040412725709	0.011292232037155086
2z8c	2387	2327	10981	2327	0.9748638458315878	0.2119114834714507
3bu3	2335	2279	10981	2279	0.976017130620985	0.20754029687642292
3bu5	2314	2258	10981	2258	0.975799481417459	0.20562790274109827
3bu6	2357	2301	10981	2301	0.976240984302079	0.20954375739914397
3ekk	2324	2218	10981	2218	0.9543889845094664	0.20198524724524178
3ekn	2369	2330	10981	2330	0.9835373575348249	0.21218468263363993
3eta	2349	2294	10981	2294	0.9765857811834824	0.2089062926873691
4ibm	2397	2361	10981	2361	0.9849812265331664	0.21500774064292869
4xlv	2445	2383	10981	2383	0.974642126789366	0.21701120116564976
5e1s	2269	2251	10981	2251	0.9920669898633759	0.20499043802932337
1tdh	2241	2224	3078	2224	0.9924141008478358	0.7225471085120208
4nrv	2196	2182	3078	2182	0.9936247723132969	0.7089018843404808
5itq	2316	2248	3078	2248	0.9706390328151986	0.7303443794671864
5itr	2146	2120	3078	2120	0.9878844361602982	0.6887589343729694
5itt	2143	2132	3078	2132	0.9948670088660756	0.6926575698505523
5itu	2120	2117	3078	2117	0.9985849056603774	0.6877842755035738
6lwd	2139	2115	3078	2115	0.9887798036465638	0.6871345029239766
6lwf	2110	2097	3078	2097	0.9938388625592417	0.6812865497076024
6lwg	2131	2107	3078	2107	0.9887376818395119	0.684535412605588
6lwi	2131	2107	3078	2107	0.9887376818395119	0.684535412605588
6lwk	2139	2115	3078	2115	0.9887798036465638	0.6871345029239766
6lwl	2142	2131	3078	2131	0.9948646125116714	0.6923326835607537
6lwn	2145	2127	3078	2127	0.9916083916083916	0.6910331384015594
6lwq	2142	2131	3078	2131	0.9948646125116714	0.6923326835607537
6lwr	2126	2126	3078	2126	1.0	0.6907082521117609
4wzi	3336	3286	5840	3286	0.9850119904076738	0.5626712328767123
4x0f	3319	3277	5840	3277	0.9873455860198855	0.5611301369863013
3lfv	3097	3012	7015	3012	0.9725540845979981	0.4293656450463293
3mf0	2994	2977	7015	2977	0.9943219772879092	0.42437633642195294
3fzf	2911	2911	4982	2911	1.0	0.5843034925732637
3fzh	2916	2916	4982	2916	1.0	0.5853071055800884
3fzk	2925	2924	4982	2924	0.9996581196581197	0.5869128863910076
3fzl	2925	2924	4982	2924	0.9996581196581197	0.5869128863910076
3fzm	2913	2912	4982	2912	0.9996567112941984	0.5845042151746287
3ldq	2912	2912	4982	2912	1.0	0.5845042151746287
3m3z	2921	2920	4982	2920	0.999657651489216	0.586109995985548
4h5n	2958	2958	4982	2958	1.0	0.5937374548374147
4h5r	2958	2958	4982	2958	1.0	0.5937374548374147
4h5t	2958	2958	4982	2958	1.0	0.5937374548374147
4h5v	2974	2958	4982	2958	0.9946200403496974	0.5937374548374147
4h5w	2958	2958	4982	2958	1.0	0.5937374548374147
4hwi	2911	2910	4982	2910	0.9996564754379939	0.5841027699718988
5aqf	2944	2929	4982	2929	0.9949048913043478	0.5879164993978322
5aqg	2882	2881	4982	2881	0.9996530187369882	0.5782818145323163
5aqh	2892	2883	4982	2883	0.9968879668049793	0.5786832597350462
5aqi	2899	2898	4982	2898	0.9996550534667127	0.5816940987555199
5aqj	2902	2890	4982	2890	0.9958649207443143	0.5800883179446006
5aqk	2865	2853	4982	2853	0.9958115183246073	0.5726615816940988
5aql	2927	2904	4982	2904	0.9921421250427058	0.5828984343637094
5aqm	2964	2922	4982	2922	0.9858299595141701	0.5865114411882778
5aqn	2902	2901	4982	2901	0.9996554100620262	0.5822962665596146
5aqo	2840	2839	4982	2839	0.9996478873239436	0.56985146527499
5aqp	2913	2907	4982	2907	0.9979402677651905	0.5835006021678041
5aqq	2882	2881	4982	2881	0.9996530187369882	0.5782818145323163
5aqr	2915	2906	4982	2906	0.9969125214408233	0.5832998795664391
5aqs	2934	2927	4982	2927	0.9976141785957737	0.5875150541951024
5aqt	2876	2876	4982	2876	1.0	0.5772782015254918
5aqu	2894	2881	4982	2881	0.9955079474775398	0.5782818145323163
5aqv	2913	2893	4982	2893	0.9931342258839684	0.5806904857486953
6b1i	2890	2890	4982	2890	1.0	0.5800883179446006
6b1m	2918	2872	4982	2872	0.9842357779300891	0.5764753111200321
6b1n	2939	2879	4982	2879	0.9795848928206873	0.5778803693295865
6zyj	2981	2942	4982	2942	0.9869171418986917	0.590525893215576
1jxm	2069	2069	5672	2069	1.0	0.36477433004231313
1jxo	2018	2018	5672	2018	1.0	0.3557827926657264
1kjw	2393	2393	5672	2393	1.0	0.42189703808180534
2xkx	721	96	5672	96	0.13314840499306518	0.01692524682651622
5ypr	2077	2077	5672	2077	1.0	0.36618476727785615
1ad5	4253	2594	4188	2594	0.6099224077122032	0.6193887297039159
1qcf	3626	3555	4188	3555	0.980419194704909	0.8488538681948424
2c0i	3506	180	4188	180	0.0513405590416429	0.04297994269340974
2c0o	3506	180	4188	180	0.0513405590416429	0.04297994269340974
2c0t	3467	172	4188	172	0.049610614364003464	0.041069723018147083
2hck	4253	2594	4188	2594	0.6099224077122032	0.6193887297039159
3nhn	1314	1314	4188	1314	1.0	0.3137535816618911
3vry	3473	3420	4188	3420	0.984739418370285	0.8166189111747851
3vrz	3468	3415	4188	3415	0.984717416378316	0.815425023877746
3vs0	3463	3410	4188	3410	0.9846953508518625	0.8142311365807068
3vs1	3426	3373	4188	3373	0.9845300642148278	0.805396370582617
3vs2	3487	3434	4188	3434	0.9848006882707199	0.8199617956064947
3vs3	3518	3465	4188	3465	0.9849346219442865	0.8273638968481375
3vs4	3480	3427	4188	3427	0.9847701149425288	0.8182903533906399
3vs5	3468	3415	4188	3415	0.984717416378316	0.815425023877746
3vs6	3518	3465	4188	3465	0.9849346219442865	0.8273638968481375
3vs7	3493	3440	4188	3440	0.9848267964500429	0.8213944603629417
4lud	3347	3294	4188	3294	0.9841649238123693	0.7865329512893983
4lue	3376	3327	4188	3327	0.9854857819905213	0.7944126074498568
4u5w	1292	26	4188	26	0.020123839009287926	0.0062082139446036294
5h09	3613	3560	4188	3560	0.9853307500691946	0.8500477554918816
5h0b	3613	3560	4188	3560	0.9853307500691946	0.8500477554918816
5h0e	3613	3560	4188	3560	0.9853307500691946	0.8500477554918816
5h0g	3613	3560	4188	3560	0.9853307500691946	0.8500477554918816
5h0h	3613	3560	4188	3560	0.9853307500691946	0.8500477554918816
1j8f	3006	2479	3030	2479	0.8246839654025283	0.8181518151815181
3zgo	2716	2504	3030	2504	0.9219440353460973	0.8264026402640264
3zgv	4698	2342	3030	2342	0.4985100042571307	0.7729372937293729
4l3o	2368	2360	3030	2360	0.9966216216216216	0.7788778877887789
4r8m	2252	2245	3030	2245	0.9968916518650088	0.740924092409241
4rmg	2350	2336	3030	2336	0.9940425531914894	0.7709570957095709
4rmh	2406	2320	3030	2320	0.9642560266001663	0.7656765676567657
4rmi	2251	2203	3030	2203	0.9786761439360284	0.7270627062706271
4rmj	2377	2372	3030	2372	0.997896508203618	0.7828382838283828
4x3o	2517	2371	3030	2371	0.9419944378228049	0.7825082508250825
4x3p	2478	2367	3030	2367	0.9552058111380145	0.7811881188118812
4y6l	2224	1835	3030	1835	0.825089928057554	0.6056105610561056
4y6o	2218	1821	3030	1821	0.821009918845807	0.600990099009901
4y6q	2290	1897	3030	1897	0.8283842794759826	0.6260726072607261
5d7o	2392	2374	3030	2374	0.9924749163879598	0.7834983498349835
5d7p	2406	2383	3030	2383	0.9904405652535329	0.7864686468646864
5d7q	2400	148	3030	148	0.06166666666666667	0.04884488448844884
5dy4	2391	2368	3030	2368	0.9903805938937683	0.7815181518151815
5dy5	2384	2355	3030	2355	0.9878355704697986	0.7772277227722773
5fyq	2250	2250	3030	2250	1.0	0.7425742574257426
5g4c	2331	2311	3030	2311	0.9914199914199914	0.7627062706270628
5mar	4824	2376	3030	2376	0.4925373134328358	0.7841584158415842
5mat	4774	2374	3030	2374	0.49727691663175533	0.7834983498349835
5y0z	2296	1893	3030	1893	0.8244773519163763	0.6247524752475248
5y5n	2290	1953	3030	1953	0.8528384279475982	0.6445544554455446
5yql	4537	2323	3030	2323	0.5120123429579017	0.7666666666666667
5yqm	4543	2312	3030	2312	0.5089148139995597	0.763036303630363
5yqn	4574	2255	3030	2255	0.4930039352864014	0.7442244224422442
5yqo	4578	2255	3030	2255	0.4925731760594146	0.7442244224422442
6l65	2332	2282	3030	2282	0.9785591766723842	0.7531353135313531
6l66	2388	2356	3030	2356	0.9865996649916248	0.7775577557755775
6l71	2381	2363	3030	2363	0.992440151196976	0.7798679867986799
6l72	2349	2343	3030	2343	0.9974457215836526	0.7732673267326733
6nr0	4526	128	3030	128	0.02828104286345559	0.042244224422442245
6qcn	2374	2374	3030	2374	1.0	0.7834983498349835
7bos	2257	1868	3030	1868	0.8276473194505981	0.6165016501650165
7bot	2206	1817	3030	1817	0.8236627379873074	0.5996699669966997
5xzc	619	27	18457	27	0.04361873990306947	0.0014628596196564988
6yr5	67	0	3836	0	0.0	0.0
1tr2	7908	507	8664	507	0.0641122913505311	0.05851800554016621
3h2u	1414	103	8664	103	0.07284299858557285	0.011888273314866112
6fuy	7350	6283	8664	6283	0.8548299319727891	0.7251846722068329
3o96	3031	3031	3919	3031	1.0	0.773411584587905
4ejn	2939	2939	3919	2939	1.0	0.7499362082163817
5kcv	2762	2762	3919	2762	1.0	0.7047716254146466
6hhf	3034	3034	3919	3034	1.0	0.7741770859913243
6hhg	3190	3190	3919	3190	1.0	0.8139831589691248
6hhh	3132	3132	3919	3132	1.0	0.7991834651696862
6hhi	3218	3218	3919	3218	1.0	0.821127838734371
6hhj	3378	3378	3919	3378	1.0	0.8619545802500638
6s9w	3397	3391	3919	3391	0.9982337356491021	0.8652717529982138
6s9x	3162	3162	3919	3162	1.0	0.8068384792038785
7apj	3197	1063	3919	1063	0.33249921801689086	0.2712426639448839
7nh4	3045	3037	3919	3037	0.9973727422003285	0.7749425873947435
7nh5	3149	3101	3919	3101	0.984757065735154	0.7912732840010207
2j0j	4936	4921	8373	4921	0.9969611021069692	0.5877224411799833
2j0k	4836	4835	8373	4835	0.999793217535153	0.5774513316612923
6ty3	4853	4853	8373	4853	1.0	0.5796010987698554
6ty4	5027	5026	8373	5026	0.9998010741993236	0.6002627493132688
2ivs	2204	2192	8740	2192	0.9945553539019963	0.25080091533180776
2ivt	2236	2181	8740	2181	0.975402504472272	0.24954233409610985
2ivu	2189	2140	8740	2140	0.977615349474646	0.2448512585812357
2ivv	2158	2103	8740	2103	0.9745134383688601	0.2406178489702517
2x2k	2239	2185	8740	2185	0.9758820902188478	0.25
2x2l	2224	2165	8740	2165	0.9734712230215827	0.2477116704805492
2x2m	2184	2135	8740	2135	0.9775641025641025	0.244279176201373
4cki	2442	2263	8740	2263	0.9266994266994267	0.25892448512585814
4ckj	2415	2244	8740	2244	0.929192546583851	0.25675057208237984
5amn	2219	921	8740	921	0.4150518251464624	0.10537757437070938
5fm2	2080	2022	8740	2022	0.9721153846153846	0.23135011441647596
5fm3	2124	2066	8740	2066	0.972693032015066	0.23638443935926773
6fek	4531	902	8740	902	0.19907305230633415	0.10320366132723112
6i83	2361	2303	8740	2303	0.975434138077086	0.2635011441647597
6ne7	2467	2314	8740	2314	0.9379813538710985	0.26475972540045767
6nec	2390	2312	8740	2312	0.9673640167364017	0.2645308924485126
6nja	2438	2310	8740	2310	0.9474979491386383	0.2643020594965675
6vhg	2221	2184	8740	2184	0.9833408374606033	0.24988558352402745
7du8	2331	2303	8740	2303	0.987987987987988	0.2635011441647597
7du9	2292	2292	8740	2292	1.0	0.2622425629290618
7dua	2350	2309	8740	2309	0.9825531914893617	0.26418764302059494
7ju6	2377	2302	8740	2302	0.9684476230542701	0.2633867276887872
7nzn	4506	2202	8740	2202	0.48868175765645805	0.25194508009153316
7run	2257	2199	8740	2199	0.9743021710234825	0.2516018306636156
1fbv	3145	3144	6994	3144	0.9996820349761526	0.44952816700028597
2k4d	25140	630	6994	630	0.025059665871121718	0.09007720903631684
2y1m	3113	3113	6994	3113	1.0	0.44509579639691166
2y1n	3057	3056	6994	3056	0.9996728819103696	0.4369459536745782
4a49	620	579	6994	579	0.9338709677419355	0.08278524449528167
4a4b	3065	3038	6994	3038	0.9911908646003262	0.4343723191306834
4a4c	3067	3051	6994	3051	0.9947831757417672	0.436231055190163
5hkx	2977	2948	6994	2948	0.9902586496472959	0.4215041464112096
5j3x	3053	3041	6994	3041	0.996069439895185	0.4348012582213326
5o76	3806	3102	6994	3102	0.815028901734104	0.4435230197311982
3mek	3354	3200	3425	3200	0.9540846750149076	0.9343065693430657
3oxf	3408	3389	3425	3389	0.994424882629108	0.9894890510948905
3oxg	3397	3378	3425	3378	0.9944068295554901	0.9862773722627737
3oxl	3414	3395	3425	3395	0.9944346807264206	0.9912408759124087
3pdn	3474	3363	3425	3363	0.968048359240069	0.9818978102189782
3qwp	3453	3329	3425	3329	0.9640891977990154	0.971970802919708
3ru0	3310	3290	3425	3290	0.9939577039274925	0.9605839416058394
5ccl	3648	3392	3425	3392	0.9298245614035088	0.9903649635036497
5ccm	3390	3376	3425	3376	0.9958702064896755	0.9856934306569343
5ex0	3455	3407	3425	3407	0.9861070911722142	0.9947445255474453
5ex3	3426	3407	3425	3407	0.9944541739638062	0.9947445255474453
5hi7	6433	3251	3425	3251	0.505362972174724	0.9491970802919708
5hq8	3388	3337	3425	3337	0.9849468713105076	0.9743065693430657
5v37	3689	3387	3425	3387	0.9181349959338574	0.9889051094890511
5xxd	3396	3366	3425	3366	0.991166077738516	0.9827737226277372
5xxg	3357	3320	3425	3320	0.988978254393804	0.9693430656934306
5xxj	3342	3308	3425	3308	0.9898264512268103	0.9658394160583942
5yjo	3339	3320	3425	3320	0.9943096735549566	0.9693430656934306
6ijl	3329	3300	3425	3300	0.9912886752778612	0.9635036496350365
6o9o	3351	3318	3425	3318	0.990152193375112	0.9687591240875912
6p6g	3351	3318	3425	3318	0.990152193375112	0.9687591240875912
6p6k	3364	3306	3425	3306	0.9827586206896551	0.9652554744525548
6p7z	3435	3343	3425	3343	0.973216885007278	0.9760583941605839
6paf	3371	3303	3425	3303	0.9798279442301987	0.9643795620437956
6yuh	3431	3383	3425	3383	0.9860099096473331	0.9877372262773723
6zrb	3417	3383	3425	3383	0.9900497512437811	0.9877372262773723
7bj1	3443	3389	3425	3389	0.9843160034853325	0.9894890510948905
7o2a	3407	3371	3425	3371	0.9894335192251248	0.9842335766423358
7o2b	3407	3371	3425	3371	0.9894335192251248	0.9842335766423358
7o2c	3428	3371	3425	3371	0.9833722287047841	0.9842335766423358
7qa6	6921	3389	3425	3389	0.48966912295910997	0.9894890510948905
7qlb	6921	3389	3425	3389	0.48966912295910997	0.9894890510948905
7qnr	6917	3389	3425	3389	0.48995229145583347	0.9894890510948905
7qnu	6908	3389	3425	3389	0.4905906195715113	0.9894890510948905
1t45	2651	1249	7725	1249	0.4711429649188985	0.16168284789644013
3g0e	2684	1277	7725	1277	0.47578241430700446	0.1653074433656958
4hvs	2592	1129	7725	1129	0.435570987654321	0.14614886731391585
6kla	2430	1117	7725	1117	0.4596707818930041	0.14459546925566344
7khg	2613	1129	7725	1129	0.432070417145044	0.14614886731391585
1kwp	2420	2420	3202	2420	1.0	0.7557776389756402
2jbp	2298	2298	3202	2298	1.0	0.7176764522173642
2onl	2531	159	3202	159	0.06282101935993678	0.04965646470955653
2oza	2703	2703	3202	2703	1.0	0.844159900062461
3gok	2317	2317	3202	2317	1.0	0.7236102435977514
3ka0	2277	2277	3202	2277	1.0	0.7111180512179888
3kga	2333	1387	3202	1387	0.594513501928847	0.4331667707682698
3m2w	2364	1351	3202	1351	0.5714890016920474	0.42192379762648347
3m42	2329	1404	3202	1404	0.6028338342636325	0.438475952529669
4tyh	2738	2733	3202	2733	0.9981738495252008	0.8535290443472829
6tca	2685	2685	3202	2685	1.0	0.8385384134915678
5upd	1701	1644	11310	1644	0.9664902998236331	0.1453580901856764
6cen	1826	1793	11310	1793	0.9819277108433735	0.15853227232537578
1opk	3612	3604	8614	3604	0.9977851605758582	0.4183886696076155
3t6p	2658	916	4895	916	0.34462001504890893	0.1871297242083759
8dso	713	45	4895	45	0.06311360448807854	0.009193054136874362
2j3s	2021	2013	19758	2013	0.9960415635823849	0.10188278165806255
4p3w	1269	1269	19758	1269	1.0	0.06422714849681142
2i0v	2401	1125	7607	1125	0.46855476884631403	0.14789010122255816
2i1m	2469	1095	7607	1095	0.44349939246658565	0.14394636518995663
2ogv	2468	1127	7607	1127	0.456645056726094	0.14815301695806493
3bea	2461	1108	7607	1108	0.4502234863876473	0.1456553174707506
3krj	4795	1119	7607	1119	0.23336809176225234	0.14710135401603786
4r7h	2428	130	7607	130	0.05354200988467875	0.017089522807940054
6t2w	2387	1120	7607	1120	0.46920821114369504	0.14723281188379125
8cgc	2545	1151	7607	1151	0.45225933202357566	0.1513080057841462
2msv	50960	1248	3821	1248	0.024489795918367346	0.32661606909186075
6d74	51500	1273	3821	1273	0.024718446601941748	0.33315885893745095
6ux8	1191	1186	3821	1186	0.9958018471872376	0.31038995027479716
6zle	51280	1248	3821	1248	0.024336973478939157	0.32661606909186075
6zpr	51260	1248	3821	1248	0.024346468981662116	0.32661606909186075
6zvo	1230	1169	3821	1169	0.9504065040650407	0.30594085317979586
6zz1	1175	1156	3821	1156	0.9838297872340426	0.30253860246008896
7nm2	51280	1248	3821	1248	0.024336973478939157	0.32661606909186075
7nm4	51280	1248	3821	1248	0.024336973478939157	0.32661606909186075
7nm5	51280	1248	3821	1248	0.024336973478939157	0.32661606909186075
1gvj	1162	1154	3550	1154	0.9931153184165232	0.3250704225352113
4cfh	3217	3206	4497	3206	0.9965806652160398	0.7129197242606182
2krg	65860	1604	2728	1604	0.024354691770422106	0.5879765395894428
2m0v	39400	933	2728	933	0.02368020304568528	0.3420087976539589
6wpk	4157	4157	5578	4157	1.0	0.7452491932592327
6zfx	4959	4950	5578	4950	0.9981851179673321	0.8874148440301183
7anw	5021	5012	5578	5012	0.9982075283808006	0.8985299390462531
7cm5	4788	4788	5578	4788	1.0	0.8583721764073144
7cm6	4791	4791	5578	4791	1.0	0.8589100035855145
7cm7	4858	4853	5578	4853	0.9989707698641416	0.8700250986016493
7djt	4991	4983	5578	4983	0.9983971148066519	0.8933309429903191
7knq	4633	4611	5578	4611	0.9952514569393481	0.8266403728935102
7ld0	4622	4622	5578	4622	1.0	0.8286124058802438
7qg0	4930	4921	5578	4921	0.9981744421906694	0.8822158479741843
6m02	2705	2705	3379	2705	1.0	0.8005327019828351
7dwb	3352	1386	3379	1386	0.41348448687350836	0.41018052678307193
8gae	7317	173	3999	173	0.023643569769031023	0.04326081520380095
8gft	7316	173	3999	173	0.023646801530891198	0.04326081520380095
4u7p	3422	3422	7146	3422	1.0	0.478869297509096
4u7t	3347	3327	7146	3327	0.9940244995518375	0.46557514693534846
3kcz	2825	2712	4644	2712	0.96	0.5839793281653747
3kjd	2768	2687	4644	2687	0.9707369942196532	0.5785960378983634
4pjv	2597	2578	4644	2578	0.9926838659992299	0.5551248923341947
4tvj	2828	2731	4644	2731	0.9657001414427157	0.5880706287683032
4zzx	2799	2796	4644	2796	0.9989281886387996	0.6020671834625323
4zzy	2796	2796	4644	2796	1.0	0.6020671834625323
7aeo	7120	3606	4644	3606	0.5064606741573033	0.7764857881136951
7r59	2763	2733	4644	2733	0.98914223669924	0.588501291989664
1aui	3071	3071	4124	3071	1.0	0.7446653734238603
1qkr	1403	75	8715	75	0.05345687811831789	0.008605851979345954
1st6	8058	565	8715	565	0.07011665425663936	0.06483075157773953
6nr7	8336	7118	8715	7118	0.8538867562380038	0.8167527251864601
3pta	7186	7185	12862	7185	0.9998608405232396	0.558622298242886
3swr	7478	7460	12862	7460	0.9975929392885798	0.5800031099362463
4wxx	9159	511	12862	511	0.05579211704334534	0.039729435546571296
7xi9	6868	6868	12862	6868	1.0	0.5339760534909035
2bid	46245	1541	1541	1541	0.03332252135365985	1.0
3znv	2343	2157	2825	2157	0.9206145966709347	0.7635398230088496
3znx	2299	2078	2825	2078	0.903871248368856	0.735575221238938
3znz	2193	2128	2825	2128	0.970360237118103	0.7532743362831859
4ksj	2088	1995	2825	1995	0.9554597701149425	0.7061946902654868
4ksk	2078	2072	2825	2072	0.9971126082771896	0.7334513274336283
4ksl	2157	2152	2825	2152	0.9976819656930923	0.7617699115044247
5oe7	2019	2008	2825	2008	0.9945517582961863	0.7107964601769912
6i9c	2166	2073	2825	2073	0.9570637119113573	0.7338053097345133
6sak	4295	2155	2825	2155	0.5017462165308498	0.7628318584070797
2b3o	4043	4043	4759	4043	1.0	0.8495482244168943
3ps5	4224	4218	4759	4218	0.9985795454545454	0.8863206555999159
4pxa	3495	3488	5156	3488	0.997997138769671	0.6764934057408845
5e7i	3305	3305	5156	3305	1.0	0.6410007757951901
5e7j	3423	3423	5156	3423	1.0	0.6638867339022498
5e7m	3354	3354	5156	3354	1.0	0.6505042668735453
6cz5	3378	3372	5156	3372	0.9982238010657194	0.6539953452288596
6o5f	3330	3330	5156	3330	1.0	0.6458494957331264
7liu	3502	3502	5156	3502	1.0	0.6792086889061287
5ezv	3462	2666	4376	2666	0.7700751010976314	0.6092321755027422
5iso	3614	3614	4376	3614	1.0	0.8258683729433273
6b1u	3456	3441	4376	3441	0.9956597222222222	0.7863345521023766
6b2e	3206	3191	4376	3191	0.9953212726138491	0.7292047531992687
4d1e	6865	6725	7298	6725	0.9796067006554989	0.9214853384488901
6zeg	5201	154	4275	154	0.029609690444145357	0.0360233918128655
6zei	4879	142	4275	142	0.029104324656691945	0.033216374269005845
4rer	3725	3698	4499	3698	0.992751677852349	0.8219604356523672
7syf	11108	2616	13059	2616	0.2355059416636658	0.20032161727544223
3pt6	6970	6970	12868	6970	1.0	0.5416537146409699
3bce	2282	2282	10291	2282	1.0	0.22174715771062092
2eyz	4713	2385	2393	2385	0.5060471037555697	0.9966569160050146
4kbl	3286	3286	4481	3286	1.0	0.7333184557018523
4kc9	3133	3027	4481	3027	0.966166613469518	0.6755188573979023
5udh	3243	3243	4481	3243	1.0	0.7237223833965633
4coo	3822	3626	4252	3626	0.9487179487179487	0.8527751646284102
4l0d	3807	3631	4252	3631	0.9537693722090885	0.8539510818438382
4l27	3791	3641	4252	3641	0.9604326035346874	0.8563029162746942
4l28	3803	3795	4252	3795	0.9978963975808572	0.8925211665098777
4l3v	3849	3849	4252	3849	1.0	0.9052210724365005
4pcu	3681	3557	4252	3557	0.9663135017658245	0.8365475070555033
7qgt	3877	3689	4252	3689	0.9515088986329636	0.8675917215428034
1k78	902	78	3536	78	0.08647450110864745	0.022058823529411766
1md0	1205	1125	3536	1125	0.9336099585062241	0.31815610859728505
1r36	57275	1142	3536	1142	0.019938891313836752	0.3229638009049774
6da1	2248	1117	3536	1117	0.4968861209964413	0.31589366515837103
6dat	2200	1104	3536	1104	0.5018181818181818	0.31221719457013575
1q14	2296	2273	2816	2273	0.9899825783972126	0.8071732954545454
2vgq	3665	172	3971	172	0.046930422919508864	0.04331402669352808
3ky9	4368	4359	6908	4359	0.9979395604395604	0.6310075275043427
6nf1	4437	4400	6908	4400	0.9916610322289835	0.6369426751592356
5k5x	2755	1233	8623	1233	0.4475499092558984	0.1429896787660907
6a32	2701	1224	8623	1224	0.4531654942613847	0.14194595848312652
6joj	2700	1223	8623	1223	0.45296296296296296	0.14182998956279716
6jok	2696	1210	8623	1210	0.44881305637982194	0.1403223935985156
1wmk	2467	2467	3023	2467	1.0	0.8160767449553423
1z9x	2469	2453	3023	2453	0.9935196435803969	0.8114455838570956
2a27	2478	2473	3023	2473	0.9979822437449556	0.8180615282831625
2a2a	2557	2461	3023	2461	0.9624560031286664	0.8140919616275223
2cke	2450	2434	3023	2434	0.9934693877551021	0.8051604366523322
6paw	2580	2559	3023	2559	0.9918604651162791	0.8465100893152497
2r09	2808	2653	3255	2653	0.9448005698005698	0.8150537634408602
2r0d	2806	2727	3255	2727	0.9718460441910193	0.8377880184331797
6bbp	4237	2758	3255	2758	0.6509322633939107	0.8473118279569892
6bbq	4242	2762	3255	2762	0.6511079679396511	0.8485407066052227
2qr7	2369	2308	5896	2308	0.9742507387083158	0.3914518317503392
2qr8	2374	2356	5896	2356	0.9924178601516428	0.3995929443690638
4m8t	4688	130	5896	130	0.02773037542662116	0.022048846675712348
4mao	4616	130	5896	130	0.028162911611785094	0.022048846675712348
5o1s	2309	2300	5896	2300	0.996102208748376	0.39009497964721845
2ayn	2721	232	3929	232	0.0852627710400588	0.059048103843217105
2ayo	2810	238	3929	238	0.08469750889679716	0.06057520997709341
6iik	2700	2700	3929	2700	1.0	0.687197760244337
6iil	2752	2752	3929	2752	1.0	0.7004326800712649
6iim	2725	2725	3929	2725	1.0	0.6935607024688216
6iin	2699	2699	3929	2699	1.0	0.6869432425553575
6lvs	2665	1016	3929	1016	0.38123827392120074	0.2585899720030542
7w39	3635	226	3929	226	0.06217331499312242	0.0575209977093408
7w3b	6459	197	3929	197	0.03050007741136399	0.05013998472893866
7w3i	3929	3929	3929	3929	1.0	1.0
7w3j	1933	130	3929	130	0.06725297465080186	0.03308729956731993
1rjb	2406	1128	7935	1128	0.4688279301745636	0.14215500945179585
5x02	2419	1128	7935	1128	0.4663083918974783	0.14215500945179585
6il3	2518	1202	7935	1202	0.47736298649722003	0.15148078134845622
6jqr	2361	1100	7935	1100	0.46590427784836935	0.13862633900441085
3h4j	2686	2639	4634	2639	0.9825018615040954	0.5694864048338368
1jpa	2195	123	7704	123	0.05603644646924829	0.015965732087227413
5o2c	2948	2948	13914	2948	1.0	0.21187293373580565
7avm	2335	2281	3395	2281	0.9768736616702356	0.6718703976435935
6n9o	2879	2879	3710	2879	1.0	0.776010781671159
2lqn	94200	2384	2384	2384	0.025307855626326963	1.0
2lqw	94100	2372	2384	2372	0.02520722635494155	0.9949664429530202
2vn9	2369	116	3966	116	0.04896580835795694	0.02924861321230459
2wel	2447	116	3966	116	0.047404985696771554	0.02924861321230459
5vlo	2339	2339	3966	2339	1.0	0.5897629853756934
6ayw	2357	2357	3966	2357	1.0	0.5943015632879476
3vd8	3688	155	2737	155	0.04202819956616052	0.05663134819145049
3av0	3064	3044	3044	3044	0.9934725848563969	1.0
5dny	2936	2926	3044	2926	0.9965940054495913	0.9612352168199737
5f3w	2936	2926	3044	2926	0.9965940054495913	0.9612352168199737
2k60	47900	1182	5444	1182	0.024676409185803758	0.2171197648787656
2maj	27440	647	5444	647	0.02357871720116618	0.11884643644379134
2mak	27440	647	5444	647	0.02357871720116618	0.11884643644379134
1f5x	68800	1692	6898	1692	0.024593023255813952	0.2452884894172224
2d9f	39660	44	3127	44	0.0011094301563287948	0.014070994563479372
2mf9	47140	947	3127	947	0.020089096308867203	0.3028461784457947
7epu	6004	97	7112	97	0.01615589606928714	0.013638920134983128
1xsz	3041	2800	2978	2800	0.9207497533706018	0.9402283411685695
4c7p	2755	2740	2978	2740	0.9945553539019963	0.9200805910006716
4d7q	2820	1824	2978	1824	0.6468085106382979	0.6124916051040967
4d7r	2920	159	2978	159	0.054452054794520546	0.053391537944929485
5cem	2062	2043	2885	2043	0.9907856450048497	0.7081455805892548
6npy	6192	6168	8273	6168	0.9961240310077519	0.7455578387525686
7pzc	8065	8065	8273	8065	1.0	0.9748579717152182
7vtp	6338	6338	8273	6338	1.0	0.7661066118699383
7zgu	6463	6463	8273	6463	1.0	0.7812160038680044
8ej4	6737	513	8273	513	0.0761466528128247	0.062008944760062856
3fhr	2220	2212	3016	2212	0.9963963963963964	0.73342175066313
3fxw	2205	2197	3016	2197	0.9963718820861678	0.728448275862069
3r1n	2239	2218	3016	2218	0.9906208128628852	0.7354111405835544
3she	2224	2185	3016	2185	0.9824640287769785	0.7244694960212201
7nrb	2221	2212	3016	2212	0.9959477712742009	0.73342175066313
2jc6	2210	2191	3017	2191	0.9914027149321267	0.7262180974477959
6t6f	2272	2245	3017	2245	0.9881161971830986	0.7441166721909181
3pjw	3315	3310	5056	3310	0.9984917043740573	0.6546677215189873
3pjx	3315	3310	5056	3310	0.9984917043740573	0.6546677215189873
3enm	2223	2122	2630	2122	0.954565901934323	0.8068441064638783
3fme	2015	2010	2630	2010	0.9975186104218362	0.7642585551330798
3vn9	2272	2272	2630	2272	1.0	0.8638783269961977
8a8m	2370	133	2630	133	0.056118143459915615	0.05057034220532319
4ey0	1898	1849	10460	1849	0.9741833508956796	0.17676864244741874
4fbn	1802	1802	10460	1802	1.0	0.1722753346080306
3zzw	2144	2144	7346	2144	1.0	0.2918595153825211
4gt4	2146	2135	7346	2135	0.9948741845293569	0.29063435883474
2bdw	2461	2376	5623	2376	0.9654611946363267	0.4225502400853637
6gtv	4054	2050	2050	2050	0.5056734089787864	1.0
6gtz	4102	2050	2050	2050	0.499756216479766	1.0
6gu0	4054	2050	2050	2050	0.5056734089787864	1.0
4s20	7665	416	7727	416	0.05427266797129811	0.053837194253914845
7m8e	7719	416	7727	416	0.05389299132011919	0.053837194253914845
4fg8	2087	2087	2906	2087	1.0	0.7181693048864418
4fg9	2208	2208	2906	2208	1.0	0.7598072952512044
4fgb	2226	2226	2906	2226	1.0	0.7660013764624914
2dx1	3202	125	5560	125	0.039038101186758274	0.022482014388489208
2je0	1189	1189	2004	1189	1.0	0.593313373253493
2je1	1189	1189	2004	1189	1.0	0.593313373253493
4xos	2477	1188	2004	1188	0.4796124343964473	0.592814371257485
4k7d	2397	2373	3610	2373	0.9899874843554443	0.6573407202216066
4k95	2975	2933	3610	2933	0.9858823529411764	0.8124653739612189
4zyn	2762	647	3610	647	0.2342505430847212	0.17922437673130193
7us1	1879	83	3610	83	0.04417243214475785	0.02299168975069252
6r9t	16011	16011	18880	16011	1.0	0.8480402542372881
2lf7	36660	890	3971	890	0.024277141298417893	0.22412490556534878
2lf8	41287	1068	3971	1068	0.0258677065420108	0.2689498866784185
2md5	17540	841	3971	841	0.04794754846066135	0.2117854444724251
6n9n	2945	2945	3732	2945	1.0	0.7891211146838156
6vie	3020	188	3732	188	0.06225165562913907	0.05037513397642015
3jbl	7284	7274	8206	7274	0.9986271279516749	0.8864245673897149
6b5b	7237	7237	8206	7237	1.0	0.8819156714599073
6nt9	72	72	2988	72	1.0	0.024096385542168676
5u6o	3620	3620	6943	3620	1.0	0.5213884487973498
5u6p	3793	3793	6943	3793	1.0	0.5463056315713668
6uqf	4109	4097	6943	4097	0.9970795814066683	0.5900907388736857
6uqg	3972	3967	6943	3967	0.9987411883182276	0.5713668443036152
4or9	3274	3234	4154	3234	0.9877825290164935	0.778526721232547
4ora	3239	3197	4154	3197	0.9870330348873109	0.7696196437168994
5lru	2143	2120	6506	2120	0.9892673821745217	0.3258530587150323
5lrv	2242	2237	6506	2237	0.9977698483496877	0.34383645865355056
5lrw	2265	1179	6506	1179	0.5205298013245033	0.181217337841992
3aln	2133	2133	3110	2133	1.0	0.6858520900321543
3alo	2300	2300	3110	2300	1.0	0.7395498392282959
5tib	4056	220	3287	220	0.054240631163708086	0.06693033160937024
5tj2	4029	219	3287	219	0.054355919583023084	0.06662610282932765
5tj4	4066	217	3287	217	0.053369404820462374	0.06601764526924248
7wjq	2658	101	3287	101	0.03799849510910459	0.030727106784301794
8gtj	3038	1694	3287	1694	0.5576036866359447	0.5153635533921509
4gzu	3463	3450	8547	3450	0.9962460294542305	0.40365040365040367
6u3e	3269	2207	3260	2207	0.6751300091771184	0.6769938650306748
6u3g	3269	2207	3260	2207	0.6751300091771184	0.6769938650306748
2l3s	50600	1283	2387	1283	0.025355731225296444	0.5374947633012149
1a06	2221	2221	2926	2221	1.0	0.7590567327409433
2kb3	64110	1076	1083	1076	0.016783653096240837	0.9935364727608494
2kb4	64020	1083	1083	1083	0.0169165885660731	1.0
1mhs	7041	7041	7041	7041	1.0	1.0
7nxf	6376	6376	7041	6376	1.0	0.9055531884675472
7ny1	6376	6376	7041	6376	1.0	0.9055531884675472
4l9m	4223	4223	6347	4223	1.0	0.665353710414369
2oo4	1724	1337	18395	1337	0.775522041763341	0.07268279423756456
1s9i	2385	2385	3121	2385	1.0	0.7641781480294777
4bqa	1087	1067	3729	1067	0.9816007359705612	0.2861356932153392
4ped	6273	253	5062	253	0.0403315797863861	0.04998024496246543
5i35	3105	2976	5062	2976	0.9584541062801932	0.5879099170288423
7udp	6090	3053	5062	3053	0.5013136288998358	0.6031212959304623
7udq	5936	2979	5062	2979	0.5018530997304582	0.5885025681548794
2v7o	2422	110	4402	110	0.04541701073492981	0.024988641526578828
7od1	3495	3495	4048	3495	1.0	0.8633893280632411
7nj0	9198	577	16388	577	0.06273102848445314	0.03520868928484257
7bfk	955	947	1113	947	0.9916230366492147	0.8508535489667565
7bfl	865	850	1113	850	0.9826589595375722	0.7637017070979335
1na6	2898	104	3221	104	0.035886818495514144	0.03228810928283142
5b5r	3264	3201	3657	3201	0.9806985294117647	0.8753076292042657
3jv3	2242	2232	13675	2232	0.9955396966993756	0.16321755027422302
4ja7	3747	3747	4000	3747	1.0	0.93675
4ja9	3755	3755	4000	3755	1.0	0.93875
2lwx	26680	647	3460	647	0.024250374812593702	0.1869942196531792
6lol	3460	3445	4372	3445	0.9956647398843931	0.7879688929551693
3fi7	1426	190	4530	190	0.1332398316970547	0.04194260485651214
5v6t	4152	4152	14857	4152	1.0	0.279464225617554
4h6y	3005	2995	8364	2995	0.9966722129783694	0.3580822572931612
2w4o	2136	114	3651	114	0.05337078651685393	0.031224322103533278
3bhh	2166	74	5111	74	0.034164358264081256	0.014478575621209158
2jam	2234	117	3723	117	0.052372426141450316	0.031426269137792104
2rgn	2677	174	4482	174	0.06499813223757937	0.038821954484605084
3ig3	4479	0	14606	0	0.0	0.0
7uy0	3584	3531	4186	3531	0.9852120535714286	0.8435260391782131
3cvr	3702	3629	4572	3629	0.9802809292274446	0.7937445319335084
3g06	4663	4663	6135	4663	1.0	0.7600651996740017
2l5y	49360	1221	5893	1221	0.024736628849270664	0.20719497709146445
3g5b	2991	2952	7273	2952	0.9869608826479438	0.4058847793207755
2dmw	40180	942	1750	942	0.02344449975111996	0.5382857142857143
3kyq	1540	1532	1572	1532	0.9948051948051948	0.9745547073791349
6bab	2331	2328	3966	2328	0.9987129987129987	0.5869894099848714
7tfc	3498	73	1111	73	0.02086906803887936	0.06570657065706571
7lfh	6407	6407	8283	6407	1.0	0.7735120125558372
7vtq	6326	6326	8283	6326	1.0	0.7637329469998793
